#include "hardware_profile.h"
#if defined(PROFILE_M5STACK_BASIC) || defined(DISPLAY_BACKEND_TFT_ESPI)
#include "ui_font_data.h"

static const uint8_t small_bitmap[] PROGMEM = {
  0x00,0x00,0x00,0x00,0x00,0x00,0x00,0x00,0x00,0x00,0x00,0x00,0x00,0x00,0x00,0x00,0x00,0x00,0x00,0x00,
  0x00,0x00,0x00,0x00,0x00,0x00,0x00,0x00,0x00,0x00,0x00,0x00,0x00,0x00,0x00,0x00,0x00,0x00,0x00,0x00,
  0x00,0x00,0x00,0x00,0x00,0x00,0x00,0x00,0x3D,0x00,0x03,0xD0,0x00,0x3C,0x00,0x03,0xC0,0x00,0x3C,0x00,
  0x03,0xC0,0x00,0x16,0x00,0x01,0x50,0x00,0x4D,0x00,0x00,0x00,0x00,0x00,0x00,0x00,0x00,0x00,0x00,0x00,
  0x00,0x00,0x00,0x00,0x00,0x00,0x00,0x00,0x00,0x00,0x00,0x0E,0x3C,0x00,0x00,0xD2,0xB0,0x00,0x0B,0x1A,
  0x00,0x00,0x00,0x00,0x00,0x00,0x00,0x00,0x00,0x00,0x00,0x00,0x00,0x00,0x00,0x00,0x00,0x00,0x00,0x00,
  0x00,0x00,0x00,0x00,0x00,0x00,0x00,0x00,0x00,0x00,0x00,0x00,0x00,0x00,0x00,0x00,0x00,0x00,0x00,0x00,
  0x00,0x00,0x00,0x00,0x00,0x00,0x00,0x00,0x00,0x00,0x00,0xB1,0x0A,0x20,0x00,0x0D,0x00,0xD0,0x00,0x5D,
  0xED,0xDE,0xD1,0x00,0x48,0x03,0x90,0x00,0x07,0x60,0x67,0x00,0x0C,0xED,0xDE,0xE7,0x00,0x0B,0x10,0xA2,
  0x00,0x00,0xD0,0x0C,0x10,0x00,0x0C,0x00,0xD0,0x00,0x00,0x00,0x00,0x00,0x00,0x00,0x00,0x00,0x00,0x00,
  0x00,0x00,0x00,0x00,0x00,0x00,0x00,0x00,0x00,0x00,0x00,0x00,0x00,0x00,0x02,0x00,0x00,0x00,0x00,0xC2,
  0x00,0x00,0x05,0xCF,0xD7,0x00,0x02,0xE5,0xC5,0xD5,0x00,0x5C,0x0C,0x26,0x60,0x02,0xE8,0xD2,0x00,0x00,
  0x02,0x9E,0xD8,0x00,0x00,0x00,0xC5,0xB9,0x00,0x7A,0x0C,0x24,0xD0,0x03,0xE5,0xC4,0xA9,0x00,0x05,0xCF,
  0xE9,0x10,0x00,0x00,0xC2,0x00,0x00,0x00,0x02,0x00,0x00,0x00,0x00,0x00,0x00,0x00,0x00,0x00,0x00,0x00,
  0x00,0x00,0x00,0x00,0x00,0x00,0x00,0x00,0x00,0x00,0x00,0x00,0x00,0x00,0x00,0x00,0x00,0x00,0x00,0x8C,
  0xA0,0x00,0xC3,0x00,0x01,0xC0,0x93,0x07,0x80,0x00,0x01,0xC0,0x94,0x2C,0x00,0x00,0x00,0x8C,0xA0,0xC3,
  0x00,0x00,0x00,0x00,0x07,0x80,0x00,0x00,0x00,0x00,0x2C,0x09,0xCA,0x00,0x00,0x00,0xC3,0x2B,0x0A,0x30,
  0x00,0x07,0x80,0x2B,0x0A,0x30,0x00,0x2C,0x00,0x09,0xCA,0x00,0x00,0x00,0x00,0x00,0x00,0x00,0x00,0x00,
  0x00,0x00,0x00,0x00,0x00,0x00,0x00,0x00,0x00,0x00,0x00,0x00,0x00,0x00,0x00,0x00,0x00,0x00,0x00,0x00,
  0x00,0x00,0x00,0x00,0x00,0x00,0x00,0x00,0x00,0x00,0x04,0xDE,0x90,0x00,0x00,0xC5,0x1D,0x40,0x00,0x0C,
  0x41,0xD2,0x00,0x00,0x4D,0xD8,0x00,0x00,0x05,0xEC,0x00,0x00,0x03,0xD2,0xB7,0x4A,0x00,0x88,0x01,0xCC,
  0x80,0x05,0xC2,0x07,0xF4,0x00,0x07,0xDD,0xB6,0xD1,0x00,0x00,0x00,0x00,0x00,0x00,0x00,0x00,0x00,0x00,
  0x00,0x00,0x00,0x00,0x00,0x00,0x00,0x00,0x00,0x00,0x00,0x00,0x00,0x00,0x00,0x00,0x0E,0x00,0x00,0xD0,
  0x00,0x0B,0x00,0x00,0x00,0x00,0x00,0x00,0x00,0x00,0x00,0x00,0x00,0x00,0x00,0x00,0x00,0x00,0x00,0x00,
  0x00,0x00,0x00,0x00,0x00,0x00,0x00,0x00,0x00,0x00,0x00,0x00,0x00,0x00,0x00,0x00,0x00,0x00,0x1E,0x10,
  0x00,0x6B,0x00,0x00,0xA5,0x00,0x00,0xD2,0x00,0x00,0xF0,0x00,0x02,0xE0,0x00,0x01,0xF0,0x00,0x00,0xE2,
  0x00,0x00,0xB5,0x00,0x00,0x5B,0x00,0x00,0x0C,0x10,0x00,0x00,0x00,0x00,0x00,0x00,0x00,0x00,0x00,0x00,
  0x00,0x00,0x00,0x00,0x00,0x07,0x80,0x00,0x02,0xE0,0x00,0x00,0xC4,0x00,0x00,0x96,0x00,0x00,0x78,0x00,
  0x00,0x5A,0x00,0x00,0x69,0x00,0x00,0x87,0x00,0x00,0xB4,0x00,0x02,0xD0,0x00,0x07,0x70,0x00,0x00,0x00,
  0x00,0x00,0x00,0x00,0x00,0x00,0x00,0x00,0x00,0x00,0x00,0x00,0x00,0x00,0x00,0x00,0x01,0x19,0x32,0x00,
  0x03,0xAC,0xA8,0x00,0x02,0xAD,0xC7,0x00,0x02,0x39,0x35,0x00,0x00,0x04,0x10,0x00,0x00,0x00,0x00,0x00,
  0x00,0x00,0x00,0x00,0x00,0x00,0x00,0x00,0x00,0x00,0x00,0x00,0x00,0x00,0x00,0x00,0x00,0x00,0x00,0x00,
  0x00,0x00,0x00,0x00,0x00,0x00,0x00,0x00,0x00,0x00,0x00,0x00,0x00,0x00,0x00,0x00,0x00,0x00,0x00,0x00,
  0x00,0x00,0x00,0x00,0x00,0x00,0x00,0x00,0x00,0x00,0x00,0x00,0x00,0x00,0x00,0xB3,0x00,0x00,0x00,0x00,
  0xB3,0x00,0x00,0x00,0x00,0xB3,0x00,0x00,0x01,0xEE,0xFE,0xE8,0x00,0x00,0x00,0xB3,0x00,0x00,0x00,0x00,
  0xB3,0x00,0x00,0x00,0x00,0x31,0x00,0x00,0x00,0x00,0x00,0x00,0x00,0x00,0x00,0x00,0x00,0x00,0x00,0x00,
  0x00,0x00,0x00,0x00,0x00,0x00,0x00,0x00,0x00,0x00,0x00,0x00,0x00,0x00,0x00,0x00,0x00,0x00,0x00,0x00,
  0x00,0x00,0x00,0x00,0x00,0x00,0x00,0x00,0x00,0x00,0x00,0x00,0x00,0x00,0x00,0x00,0x4B,0x00,0x06,0x70,
  0x00,0x82,0x00,0x00,0x00,0x00,0x00,0x00,0x00,0x00,0x00,0x00,0x00,0x00,0x00,0x00,0x00,0x00,0x00,0x00,
  0x00,0x00,0x00,0x00,0x00,0x00,0x00,0x00,0x00,0x00,0x00,0x00,0x00,0x00,0x00,0x00,0x05,0xEE,0xE7,0x00,
  0x00,0x00,0x00,0x00,0x00,0x00,0x00,0x00,0x00,0x00,0x00,0x00,0x00,0x00,0x00,0x00,0x00,0x00,0x00,0x00,
  0x00,0x00,0x00,0x00,0x00,0x00,0x00,0x00,0x00,0x00,0x00,0x00,0x00,0x00,0x00,0x00,0x00,0x00,0x00,0x00,
  0x00,0x00,0x00,0x00,0x00,0x00,0x00,0x00,0x00,0x01,0x50,0x00,0x4D,0x00,0x00,0x00,0x00,0x00,0x00,0x00,
  0x00,0x00,0x00,0x00,0x00,0x00,0x00,0x00,0x00,0x00,0x00,0x00,0x00,0x00,0x04,0xA0,0x00,0x08,0x60,0x00,
  0x0C,0x20,0x00,0x1D,0x00,0x00,0x59,0x00,0x00,0x95,0x00,0x00,0xD1,0x00,0x02,0xC0,0x00,0x06,0x80,0x00,
  0x0A,0x40,0x00,0x06,0x00,0x00,0x00,0x00,0x00,0x00,0x00,0x00,0x00,0x00,0x00,0x00,0x00,0x00,0x00,0x00,
  0x00,0x00,0x00,0x00,0x00,0x00,0x01,0xAE,0xC4,0x00,0x00,0xB7,0x04,0xE2,0x00,0x3D,0x00,0x08,0x80,0x05,
  0x90,0x00,0x4B,0x00,0x78,0x00,0x03,0xC0,0x06,0x90,0x00,0x4B,0x00,0x3D,0x00,0x08,0x80,0x00,0xB7,0x03,
  0xE2,0x00,0x01,0xAE,0xC4,0x00,0x00,0x00,0x00,0x00,0x00,0x00,0x00,0x00,0x00,0x00,0x00,0x00,0x00,0x00,
  0x00,0x00,0x00,0x00,0x00,0x00,0x00,0x00,0x00,0x00,0x00,0x00,0x00,0x00,0x5E,0x70,0x08,0xCA,0x70,0x04,
  0x08,0x70,0x00,0x08,0x70,0x00,0x08,0x70,0x00,0x08,0x70,0x00,0x08,0x70,0x00,0x08,0x70,0x00,0x08,0x70,
  0x00,0x00,0x00,0x00,0x00,0x00,0x00,0x00,0x00,0x00,0x00,0x00,0x00,0x00,0x00,0x00,0x00,0x00,0x00,0x00,
  0x00,0x00,0x00,0x00,0x00,0x00,0x04,0xCE,0xB2,0x00,0x02,0xE3,0x17,0xD0,0x00,0x6A,0x00,0x0E,0x20,0x00,
  0x00,0x01,0xE0,0x00,0x00,0x00,0xB7,0x00,0x00,0x00,0xA9,0x00,0x00,0x01,0xB9,0x00,0x00,0x01,0xC8,0x00,
  0x00,0x00,0x8F,0xEE,0xEE,0x30,0x00,0x00,0x00,0x00,0x00,0x00,0x00,0x00,0x00,0x00,0x00,0x00,0x00,0x00,
  0x00,0x00,0x00,0x00,0x00,0x00,0x00,0x00,0x00,0x00,0x00,0x00,0x00,0x00,0x00,0x00,0x00,0x00,0x03,0xCE,
  0xC4,0x00,0x00,0xD6,0x14,0xE2,0x00,0x2A,0x00,0x0B,0x50,0x00,0x00,0x15,0xD1,0x00,0x00,0x3E,0xF4,0x00,
  0x00,0x00,0x03,0xC5,0x00,0x49,0x00,0x07,0x90,0x02,0xE5,0x03,0xC5,0x00,0x04,0xCE,0xD6,0x00,0x00,0x00,
  0x00,0x00,0x00,0x00,0x00,0x00,0x00,0x00,0x00,0x00,0x00,0x00,0x00,0x00,0x00,0x00,0x00,0x00,0x00,0x00,
  0x00,0x00,0x00,0x00,0x00,0x00,0x00,0x00,0x00,0x00,0x00,0x00,0xDB,0x00,0x00,0x00,0x8C,0xB0,0x00,0x00,
  0x4D,0x4B,0x00,0x00,0x1D,0x34,0xB0,0x00,0x09,0x80,0x4B,0x00,0x05,0xC0,0x04,0xB0,0x00,0xAE,0xEE,0xEF,
  0xE1,0x00,0x00,0x04,0xB0,0x00,0x00,0x00,0x4B,0x00,0x00,0x00,0x00,0x00,0x00,0x00,0x00,0x00,0x00,0x00,
  0x00,0x00,0x00,0x00,0x00,0x00,0x00,0x00,0x00,0x00,0x00,0x00,0x00,0x00,0x00,0x00,0x00,0x00,0x00,0x00,
  0x00,0x00,0x3F,0xEE,0xED,0x00,0x03,0xC0,0x00,0x00,0x00,0x4B,0x00,0x00,0x00,0x05,0xBA,0xEC,0x40,0x00,
  0x6E,0x40,0x5E,0x10,0x01,0x10,0x00,0xB5,0x00,0x47,0x00,0x0B,0x40,0x03,0xE4,0x05,0xE1,0x00,0x05,0xCE,
  0xC3,0x00,0x00,0x00,0x00,0x00,0x00,0x00,0x00,0x00,0x00,0x00,0x00,0x00,0x00,0x00,0x00,0x00,0x00,0x00,
  0x00,0x00,0x00,0x00,0x00,0x00,0x00,0x00,0x00,0x00,0x00,0x00,0x00,0x00,0x01,0xAE,0xD5,0x00,0x00,0xB7,
  0x03,0xE2,0x00,0x3C,0x00,0x03,0x10,0x05,0x99,0xDC,0x40,0x00,0x7F,0x71,0x5E,0x10,0x06,0xC0,0x00,0xA6,
  0x00,0x4B,0x00,0x0A,0x60,0x00,0xD5,0x04,0xE2,0x00,0x02,0xBE,0xC4,0x00,0x00,0x00,0x00,0x00,0x00,0x00,
  0x00,0x00,0x00,0x00,0x00,0x00,0x00,0x00,0x00,0x00,0x00,0x00,0x00,0x00,0x00,0x00,0x00,0x00,0x00,0x00,
  0x00,0x00,0x00,0x00,0x0A,0xEE,0xEE,0xD0,0x00,0x00,0x07,0xA0,0x00,0x00,0x0D,0x30,0x00,0x00,0x6A,0x00,
  0x00,0x00,0xD3,0x00,0x00,0x06,0xB0,0x00,0x00,0x0D,0x30,0x00,0x00,0x6B,0x00,0x00,0x00,0xD4,0x00,0x00,
  0x00,0x00,0x00,0x00,0x00,0x00,0x00,0x00,0x00,0x00,0x00,0x00,0x00,0x00,0x00,0x00,0x00,0x00,0x00,0x00,
  0x00,0x00,0x00,0x00,0x00,0x00,0x00,0x00,0x00,0x00,0x03,0xCE,0xC3,0x00,0x00,0xE6,0x16,0xD0,0x00,0x1E,
  0x00,0x0E,0x10,0x00,0xB7,0x17,0xB0,0x00,0x04,0xEF,0xE3,0x00,0x03,0xD4,0x04,0xD2,0x00,0x79,0x00,0x0A,
  0x60,0x03,0xD3,0x04,0xD3,0x00,0x05,0xDE,0xC5,0x00,0x00,0x00,0x00,0x00,0x00,0x00,0x00,0x00,0x00,0x00,
  0x00,0x00,0x00,0x00,0x00,0x00,0x00,0x00,0x00,0x00,0x00,0x00,0x00,0x00,0x00,0x00,0x00,0x00,0x00,0x00,
  0x00,0x00,0x04,0xCE,0xB2,0x00,0x02,0xE4,0x05,0xD0,0x00,0x6A,0x00,0x0C,0x40,0x06,0xA0,0x00,0xC6,0x00,
  0x2E,0x51,0x6F,0x70,0x00,0x4C,0xD9,0xA5,0x00,0x12,0x00,0x0D,0x20,0x03,0xE2,0x07,0xB0,0x00,0x06,0xDE,
  0xA1,0x00,0x00,0x00,0x00,0x00,0x00,0x00,0x00,0x00,0x00,0x00,0x00,0x00,0x00,0x00,0x00,0x00,0x00,0x00,
  0x00,0x00,0x00,0x00,0x00,0x00,0x00,0x00,0x00,0x00,0x00,0x00,0x00,0x00,0x00,0x04,0xD0,0x00,0x14,0x00,
  0x00,0x00,0x00,0x00,0x00,0x01,0x50,0x00,0x4D,0x00,0x00,0x00,0x00,0x00,0x00,0x00,0x00,0x00,0x00,0x00,
  0x00,0x00,0x00,0x00,0x00,0x00,0x00,0x00,0x00,0x00,0x00,0x00,0x00,0x00,0x00,0x04,0xD0,0x00,0x15,0x00,
  0x00,0x00,0x00,0x00,0x00,0x01,0x30,0x00,0x4A,0x00,0x07,0x60,0x00,0x61,0x00,0x00,0x00,0x00,0x00,0x00,
  0x00,0x00,0x00,0x00,0x00,0x00,0x00,0x00,0x00,0x00,0x00,0x00,0x00,0x00,0x00,0x00,0x00,0x00,0x00,0x00,
  0x00,0x00,0x00,0x00,0x00,0x00,0x00,0x00,0x01,0x00,0x00,0x00,0x05,0xC5,0x00,0x00,0x04,0xCB,0x40,0x00,
  0x01,0xCB,0x30,0x00,0x00,0x00,0x8D,0x71,0x00,0x00,0x00,0x01,0x8D,0x71,0x00,0x00,0x00,0x01,0x85,0x00,
  0x00,0x00,0x00,0x00,0x00,0x00,0x00,0x00,0x00,0x00,0x00,0x00,0x00,0x00,0x00,0x00,0x00,0x00,0x00,0x00,
  0x00,0x00,0x00,0x00,0x00,0x00,0x00,0x00,0x00,0x00,0x00,0x00,0x00,0x00,0x00,0x00,0x00,0x00,0x00,0x00,
  0x00,0x00,0x00,0x00,0x00,0x00,0x00,0x00,0x00,0x00,0x00,0x00,0x00,0x00,0x00,0x00,0xCE,0xEE,0xE5,0x00,
  0x00,0x00,0x00,0x00,0x00,0x00,0xCE,0xEE,0xE5,0x00,0x00,0x00,0x00,0x00,0x00,0x00,0x00,0x00,0x00,0x00,
  0x00,0x00,0x00,0x00,0x00,0x00,0x00,0x00,0x00,0x00,0x00,0x00,0x00,0x00,0x00,0x00,0x00,0x00,0x00,0x00,
  0x00,0x00,0x00,0x00,0x00,0x00,0x00,0x00,0x00,0x00,0x00,0x00,0x00,0x00,0x00,0x00,0x00,0x00,0x00,0x00,
  0x00,0x00,0x00,0x00,0x00,0x00,0x10,0x00,0x00,0x00,0x00,0xC9,0x20,0x00,0x00,0x00,0x17,0xD9,0x10,0x00,
  0x00,0x00,0x17,0xD6,0x00,0x00,0x00,0x3A,0xC4,0x00,0x00,0x4B,0xC4,0x00,0x00,0x00,0xA5,0x00,0x00,0x00,
  0x00,0x00,0x00,0x00,0x00,0x00,0x00,0x00,0x00,0x00,0x00,0x00,0x00,0x00,0x00,0x00,0x00,0x00,0x00,0x00,
  0x00,0x00,0x00,0x00,0x00,0x00,0x00,0x00,0x00,0x00,0x00,0x00,0x00,0x7D,0xEA,0x10,0x05,0xD3,0x1A,0x80,
  0x06,0x60,0x05,0xA0,0x00,0x00,0x1C,0x50,0x00,0x02,0xD6,0x00,0x00,0x07,0x90,0x00,0x00,0x05,0x40,0x00,
  0x00,0x03,0x30,0x00,0x00,0x09,0x80,0x00,0x00,0x00,0x00,0x00,0x00,0x00,0x00,0x00,0x00,0x00,0x00,0x00,
  0x00,0x00,0x00,0x00,0x00,0x00,0x00,0x00,0x00,0x00,0x00,0x00,0x00,0x00,0x00,0x00,0x00,0x00,0x00,0x00,
  0x00,0x00,0x00,0x00,0x00,0x00,0x00,0x49,0xCC,0x93,0x00,0x00,0x00,0x08,0xC4,0x12,0x5D,0x60,0x00,0x00,
  0x6A,0x00,0x00,0x01,0xD3,0x00,0x01,0xD2,0x09,0xDB,0x92,0x5B,0x00,0x04,0xB0,0x7A,0x02,0xF3,0x0E,0x00,
  0x06,0x90,0xB5,0x00,0xC3,0x0D,0x10,0x06,0x90,0xB5,0x00,0xC3,0x0D,0x10,0x03,0xC0,0x6B,0x14,0xF6,0x4C,
  0x00,0x00,0xC4,0x08,0xC9,0x4C,0xB3,0x00,0x00,0x2D,0x71,0x00,0x11,0x00,0x00,0x00,0x01,0x8C,0xDD,0xC5,
  0x00,0x00,0x00,0x00,0x00,0x00,0x00,0x00,0x00,0x00,0x00,0x00,0x00,0x00,0x00,0x00,0x00,0x00,0x00,0x00,
  0x00,0x00,0x00,0x00,0x00,0x00,0x00,0x00,0x00,0x00,0x00,0x00,0x00,0xDB,0x00,0x00,0x00,0x03,0xBD,0x10,
  0x00,0x00,0x09,0x68,0x60,0x00,0x00,0x0D,0x13,0xC0,0x00,0x00,0x4A,0x00,0xC2,0x00,0x00,0xAE,0xEE,0xF7,
  0x00,0x01,0xD0,0x00,0x2C,0x00,0x05,0xA0,0x00,0x0D,0x30,0x0B,0x50,0x00,0x08,0x80,0x00,0x00,0x00,0x00,
  0x00,0x00,0x00,0x00,0x00,0x00,0x00,0x00,0x00,0x00,0x00,0x00,0x00,0x00,0x00,0x00,0x00,0x00,0x00,0x00,
  0x00,0x00,0x00,0x00,0x00,0x00,0x00,0x00,0x00,0x00,0x00,0x02,0xFE,0xEE,0xA1,0x00,0x02,0xE0,0x01,0xA9,
  0x00,0x02,0xE0,0x00,0x5B,0x00,0x02,0xE0,0x02,0xB7,0x00,0x02,0xFE,0xEF,0xC1,0x00,0x02,0xE0,0x01,0x6D,
  0x00,0x02,0xE0,0x00,0x0E,0x20,0x02,0xE0,0x01,0x6E,0x00,0x02,0xFE,0xEE,0xB3,0x00,0x00,0x00,0x00,0x00,
  0x00,0x00,0x00,0x00,0x00,0x00,0x00,0x00,0x00,0x00,0x00,0x00,0x00,0x00,0x00,0x00,0x00,0x00,0x00,0x00,
  0x00,0x00,0x00,0x00,0x00,0x00,0x00,0x00,0x00,0x00,0x00,0x00,0x00,0x00,0x5C,0xED,0x60,0x00,0x00,0x7D,
  0x40,0x3C,0x70,0x00,0x1E,0x20,0x00,0x3E,0x00,0x05,0xB0,0x00,0x00,0x00,0x00,0x79,0x00,0x00,0x00,0x00,
  0x05,0xB0,0x00,0x00,0x00,0x00,0x2E,0x20,0x00,0x3D,0x00,0x00,0x7C,0x31,0x4C,0x80,0x00,0x00,0x6C,0xED,
  0x70,0x00,0x00,0x00,0x00,0x00,0x00,0x00,0x00,0x00,0x00,0x00,0x00,0x00,0x00,0x00,0x00,0x00,0x00,0x00,
  0x00,0x00,0x00,0x00,0x00,0x00,0x00,0x00,0x00,0x00,0x00,0x00,0x00,0x00,0x00,0x00,0x00,0x00,0x00,0x02,
  0xFE,0xED,0x91,0x00,0x02,0xE0,0x02,0x9C,0x00,0x02,0xE0,0x00,0x0C,0x60,0x02,0xE0,0x00,0x07,0x90,0x02,
  0xE0,0x00,0x05,0xA0,0x02,0xE0,0x00,0x07,0x90,0x02,0xE0,0x00,0x0C,0x50,0x02,0xE0,0x02,0x9C,0x00,0x02,
  0xFE,0xED,0x81,0x00,0x00,0x00,0x00,0x00,0x00,0x00,0x00,0x00,0x00,0x00,0x00,0x00,0x00,0x00,0x00,0x00,
  0x00,0x00,0x00,0x00,0x00,0x00,0x00,0x00,0x00,0x00,0x00,0x00,0x00,0x00,0x00,0x00,0x00,0x00,0x2F,0xEE,
  0xEE,0x70,0x02,0xE0,0x00,0x00,0x00,0x2E,0x00,0x00,0x00,0x02,0xE0,0x00,0x00,0x00,0x2F,0xEE,0xEE,0x30,
  0x02,0xE0,0x00,0x00,0x00,0x2E,0x00,0x00,0x00,0x02,0xE0,0x00,0x00,0x00,0x2F,0xEE,0xEE,0x70,0x00,0x00,
  0x00,0x00,0x00,0x00,0x00,0x00,0x00,0x00,0x00,0x00,0x00,0x00,0x00,0x00,0x00,0x00,0x00,0x00,0x00,0x00,
  0x00,0x00,0x00,0x00,0x00,0x00,0x00,0x00,0x00,0x00,0x2F,0xEE,0xEE,0x50,0x02,0xE0,0x00,0x00,0x00,0x2E,
  0x00,0x00,0x00,0x02,0xE0,0x00,0x00,0x00,0x2F,0xEE,0xEE,0x00,0x02,0xE0,0x00,0x00,0x00,0x2E,0x00,0x00,
  0x00,0x02,0xE0,0x00,0x00,0x00,0x2E,0x00,0x00,0x00,0x00,0x00,0x00,0x00,0x00,0x00,0x00,0x00,0x00,0x00,
  0x00,0x00,0x00,0x00,0x00,0x00,0x00,0x00,0x00,0x00,0x00,0x00,0x00,0x00,0x00,0x00,0x00,0x00,0x00,0x00,
  0x00,0x00,0x00,0x00,0x00,0x00,0x6C,0xED,0x60,0x00,0x00,0x8C,0x31,0x4B,0x80,0x00,0x2E,0x10,0x00,0x1A,
  0x00,0x06,0xA0,0x00,0x00,0x00,0x00,0x6A,0x00,0x2E,0xEE,0x30,0x04,0xC0,0x00,0x00,0xE2,0x00,0x1E,0x30,
  0x00,0x3E,0x00,0x00,0x6D,0x41,0x4D,0x60,0x00,0x00,0x5C,0xEC,0x50,0x00,0x00,0x00,0x00,0x00,0x00,0x00,
  0x00,0x00,0x00,0x00,0x00,0x00,0x00,0x00,0x00,0x00,0x00,0x00,0x00,0x00,0x00,0x00,0x00,0x00,0x00,0x00,
  0x00,0x00,0x00,0x00,0x00,0x00,0x00,0x00,0x00,0x00,0x00,0x02,0xE0,0x00,0x07,0x90,0x02,0xE0,0x00,0x07,
  0x90,0x02,0xE0,0x00,0x07,0x90,0x02,0xE0,0x00,0x07,0x90,0x02,0xFE,0xEE,0xEE,0x90,0x02,0xE0,0x00,0x07,
  0x90,0x02,0xE0,0x00,0x07,0x90,0x02,0xE0,0x00,0x07,0x90,0x02,0xE0,0x00,0x07,0x90,0x00,0x00,0x00,0x00,
  0x00,0x00,0x00,0x00,0x00,0x00,0x00,0x00,0x00,0x00,0x00,0x00,0x00,0x00,0x00,0x00,0x00,0x00,0x00,0x00,
  0x00,0x00,0x00,0x00,0x2E,0x00,0x02,0xE0,0x00,0x2E,0x00,0x02,0xE0,0x00,0x2E,0x00,0x02,0xE0,0x00,0x2E,
  0x00,0x02,0xE0,0x00,0x2E,0x00,0x00,0x00,0x00,0x00,0x00,0x00,0x00,0x00,0x00,0x00,0x00,0x00,0x00,0x00,
  0x00,0x00,0x00,0x00,0x00,0x00,0x00,0x00,0x00,0x00,0x07,0x90,0x00,0x00,0x07,0x90,0x00,0x00,0x07,0x90,
  0x00,0x00,0x07,0x90,0x00,0x00,0x07,0x90,0x01,0x10,0x07,0x90,0x08,0x80,0x08,0x80,0x05,0xD2,0x2D,0x50,
  0x00,0x8E,0xE8,0x00,0x00,0x00,0x00,0x00,0x00,0x00,0x00,0x00,0x00,0x00,0x00,0x00,0x00,0x00,0x00,0x00,
  0x00,0x00,0x00,0x00,0x00,0x00,0x00,0x00,0x00,0x00,0x00,0x00,0x00,0x00,0x00,0x02,0xE0,0x00,0x6D,0x20,
  0x02,0xE0,0x05,0xE2,0x00,0x02,0xE0,0x3E,0x30,0x00,0x02,0xE2,0xE4,0x00,0x00,0x02,0xED,0xE5,0x00,0x00,
  0x02,0xF6,0x3E,0x10,0x00,0x02,0xE0,0x08,0xB0,0x00,0x02,0xE0,0x00,0xC6,0x00,0x02,0xE0,0x00,0x3E,0x20,
  0x00,0x00,0x00,0x00,0x00,0x00,0x00,0x00,0x00,0x00,0x00,0x00,0x00,0x00,0x00,0x00,0x00,0x00,0x00,0x00,
  0x00,0x00,0x00,0x00,0x00,0x00,0x00,0x00,0x00,0x00,0x00,0x00,0x02,0xE0,0x00,0x00,0x02,0xE0,0x00,0x00,
  0x02,0xE0,0x00,0x00,0x02,0xE0,0x00,0x00,0x02,0xE0,0x00,0x00,0x02,0xE0,0x00,0x00,0x02,0xE0,0x00,0x00,
  0x02,0xE0,0x00,0x00,0x02,0xFE,0xEE,0xE2,0x00,0x00,0x00,0x00,0x00,0x00,0x00,0x00,0x00,0x00,0x00,0x00,
  0x00,0x00,0x00,0x00,0x00,0x00,0x00,0x00,0x00,0x00,0x00,0x00,0x00,0x00,0x00,0x00,0x00,0x00,0x00,0x00,
  0x00,0x00,0x02,0xF7,0x00,0x00,0x3F,0x60,0x02,0xFD,0x00,0x00,0x9E,0x60,0x02,0xDC,0x40,0x00,0xEA,0x60,
  0x02,0xE7,0x90,0x05,0xA9,0x60,0x02,0xE1,0xE1,0x0B,0x59,0x60,0x02,0xE0,0xA6,0x1D,0x09,0x60,0x02,0xE0,
  0x4B,0x78,0x09,0x60,0x02,0xE0,0x0D,0xD2,0x09,0x60,0x02,0xE0,0x07,0xC0,0x09,0x60,0x00,0x00,0x00,0x00,
  0x00,0x00,0x00,0x00,0x00,0x00,0x00,0x00,0x00,0x00,0x00,0x00,0x00,0x00,0x00,0x00,0x00,0x00,0x00,0x00,
  0x00,0x00,0x00,0x00,0x00,0x00,0x00,0x00,0x00,0x00,0x00,0x00,0x00,0x00,0x00,0x00,0x00,0x2F,0x60,0x00,
  0x6A,0x00,0x02,0xEE,0x10,0x06,0xA0,0x00,0x2D,0x89,0x00,0x6A,0x00,0x02,0xE1,0xD3,0x06,0xA0,0x00,0x2E,
  0x05,0xC0,0x6A,0x00,0x02,0xE0,0x0B,0x76,0xA0,0x00,0x2E,0x00,0x2E,0x7A,0x00,0x02,0xE0,0x00,0x8E,0xA0,
  0x00,0x2E,0x00,0x00,0xDA,0x00,0x00,0x00,0x00,0x00,0x00,0x00,0x00,0x00,0x00,0x00,0x00,0x00,0x00,0x00,
  0x00,0x00,0x00,0x00,0x00,0x00,0x00,0x00,0x00,0x00,0x00,0x00,0x00,0x00,0x00,0x00,0x00,0x00,0x00,0x00,
  0x00,0x00,0x00,0x00,0x00,0x00,0x6C,0xEC,0x50,0x00,0x00,0x7C,0x31,0x4D,0x70,0x00,0x1E,0x20,0x00,0x2E,
  0x10,0x05,0xB0,0x00,0x00,0xB4,0x00,0x79,0x00,0x00,0x0A,0x60,0x05,0xB0,0x00,0x00,0xB4,0x00,0x2E,0x20,
  0x00,0x2E,0x10,0x00,0x7C,0x31,0x3D,0x70,0x00,0x00,0x6C,0xEC,0x50,0x00,0x00,0x00,0x00,0x00,0x00,0x00,
  0x00,0x00,0x00,0x00,0x00,0x00,0x00,0x00,0x00,0x00,0x00,0x00,0x00,0x00,0x00,0x00,0x00,0x00,0x00,0x00,
  0x00,0x00,0x00,0x00,0x00,0x00,0x00,0x00,0x00,0x00,0x2F,0xEE,0xEA,0x10,0x02,0xE0,0x02,0x9A,0x00,0x2E,
  0x00,0x02,0xE0,0x02,0xE0,0x01,0x9A,0x00,0x2F,0xEE,0xEA,0x10,0x02,0xE0,0x00,0x00,0x00,0x2E,0x00,0x00,
  0x00,0x02,0xE0,0x00,0x00,0x00,0x2E,0x00,0x00,0x00,0x00,0x00,0x00,0x00,0x00,0x00,0x00,0x00,0x00,0x00,
  0x00,0x00,0x00,0x00,0x00,0x00,0x00,0x00,0x00,0x00,0x00,0x00,0x00,0x00,0x00,0x00,0x00,0x00,0x00,0x00,
  0x00,0x00,0x00,0x00,0x00,0x00,0x6C,0xEC,0x50,0x00,0x00,0x7C,0x31,0x4D,0x70,0x00,0x1E,0x20,0x00,0x2E,
  0x10,0x05,0xB0,0x00,0x00,0xB4,0x00,0x79,0x00,0x00,0x0A,0x60,0x05,0xB0,0x00,0x00,0xC4,0x00,0x2E,0x20,
  0x87,0x2E,0x10,0x00,0x7C,0x31,0xDD,0x60,0x00,0x00,0x6C,0xEC,0xE1,0x00,0x00,0x00,0x00,0x06,0x60,0x00,
  0x00,0x00,0x00,0x00,0x00,0x00,0x00,0x00,0x00,0x00,0x00,0x00,0x00,0x00,0x00,0x00,0x00,0x00,0x00,0x00,
  0x00,0x00,0x00,0x00,0x00,0x00,0x00,0x00,0x00,0x00,0x00,0x02,0xFE,0xEE,0xB2,0x00,0x02,0xE0,0x01,0x7C,
  0x00,0x02,0xE0,0x00,0x1F,0x00,0x02,0xE0,0x01,0x7C,0x00,0x02,0xFE,0xEF,0xA1,0x00,0x02,0xE0,0x0A,0x80,
  0x00,0x02,0xE0,0x03,0xE1,0x00,0x02,0xE0,0x00,0xB7,0x00,0x02,0xE0,0x00,0x4E,0x00,0x00,0x00,0x00,0x00,
  0x00,0x00,0x00,0x00,0x00,0x00,0x00,0x00,0x00,0x00,0x00,0x00,0x00,0x00,0x00,0x00,0x00,0x00,0x00,0x00,
  0x00,0x00,0x00,0x00,0x00,0x00,0x00,0x00,0x00,0x00,0x04,0xCE,0xD6,0x00,0x02,0xE5,0x14,0xE5,0x00,0x5C,
  0x00,0x06,0x60,0x02,0xE7,0x20,0x00,0x00,0x02,0x9E,0xD8,0x00,0x00,0x00,0x03,0xB9,0x00,0x69,0x00,0x03,
  0xD0,0x03,0xE4,0x02,0xA9,0x00,0x04,0xCE,0xD9,0x10,0x00,0x00,0x00,0x00,0x00,0x00,0x00,0x00,0x00,0x00,
  0x00,0x00,0x00,0x00,0x00,0x00,0x00,0x00,0x00,0x00,0x00,0x00,0x00,0x00,0x00,0x00,0x00,0x00,0x00,0x00,
  0x00,0x00,0xAE,0xEF,0xEE,0xE0,0x00,0x00,0xD3,0x00,0x00,0x00,0x0D,0x30,0x00,0x00,0x00,0xD3,0x00,0x00,
  0x00,0x0D,0x30,0x00,0x00,0x00,0xD3,0x00,0x00,0x00,0x0D,0x30,0x00,0x00,0x00,0xD3,0x00,0x00,0x00,0x0D,
  0x30,0x00,0x00,0x00,0x00,0x00,0x00,0x00,0x00,0x00,0x00,0x00,0x00,0x00,0x00,0x00,0x00,0x00,0x00,0x00,
  0x00,0x00,0x00,0x00,0x00,0x00,0x00,0x00,0x00,0x00,0x00,0x00,0x00,0x00,0x00,0x03,0xD0,0x00,0x07,0x90,
  0x03,0xD0,0x00,0x07,0x90,0x03,0xD0,0x00,0x07,0x90,0x03,0xD0,0x00,0x07,0x90,0x03,0xD0,0x00,0x07,0x90,
  0x03,0xD0,0x00,0x07,0x90,0x01,0xF1,0x00,0x09,0x70,0x00,0xAA,0x21,0x5E,0x20,0x00,0x19,0xDE,0xB3,0x00,
  0x00,0x00,0x00,0x00,0x00,0x00,0x00,0x00,0x00,0x00,0x00,0x00,0x00,0x00,0x00,0x00,0x00,0x00,0x00,0x00,
  0x00,0x00,0x00,0x00,0x00,0x00,0x00,0x00,0x00,0x00,0x00,0x00,0x00,0x00,0x00,0x0B,0x60,0x00,0x08,0x80,
  0x05,0xB0,0x00,0x0D,0x30,0x01,0xE1,0x00,0x3C,0x00,0x00,0xA6,0x00,0x97,0x00,0x00,0x4C,0x00,0xD2,0x00,
  0x00,0x0E,0x24,0xC0,0x00,0x00,0x09,0x78,0x60,0x00,0x00,0x03,0xCD,0x10,0x00,0x00,0x00,0xDB,0x00,0x00,
  0x00,0x00,0x00,0x00,0x00,0x00,0x00,0x00,0x00,0x00,0x00,0x00,0x00,0x00,0x00,0x00,0x00,0x00,0x00,0x00,
  0x00,0x00,0x00,0x00,0x00,0x00,0x00,0x00,0x00,0x00,0x00,0x00,0x00,0x00,0x00,0x00,0x00,0x00,0x00,0x00,
  0xB4,0x00,0x1F,0x60,0x00,0xE2,0x07,0x80,0x05,0xDA,0x00,0x3D,0x00,0x3C,0x00,0x87,0xE0,0x07,0x90,0x00,
  0xE1,0x0C,0x3C,0x30,0xA5,0x00,0x0B,0x41,0xE0,0x87,0x0E,0x10,0x00,0x78,0x5A,0x04,0xB3,0xC0,0x00,0x03,
  0xC8,0x60,0x1E,0x68,0x00,0x00,0x0D,0xC2,0x00,0xBC,0x40,0x00,0x00,0xAD,0x00,0x07,0xF1,0x00,0x00,0x00,
  0x00,0x00,0x00,0x00,0x00,0x00,0x00,0x00,0x00,0x00,0x00,0x00,0x00,0x00,0x00,0x00,0x00,0x00,0x00,0x00,
  0x00,0x00,0x00,0x00,0x00,0x00,0x00,0x00,0x00,0x00,0x00,0x00,0x00,0x00,0x00,0x00,0x00,0x00,0x00,0x05,
  0xD0,0x00,0x2E,0x20,0x00,0xA8,0x00,0xB6,0x00,0x00,0x1E,0x36,0xB0,0x00,0x00,0x05,0xDE,0x20,0x00,0x00,
  0x00,0xDA,0x00,0x00,0x00,0x07,0xBD,0x40,0x00,0x00,0x3E,0x14,0xD1,0x00,0x00,0xC5,0x00,0x99,0x00,0x08,
  0xA0,0x00,0x1D,0x40,0x00,0x00,0x00,0x00,0x00,0x00,0x00,0x00,0x00,0x00,0x00,0x00,0x00,0x00,0x00,0x00,
  0x00,0x00,0x00,0x00,0x00,0x00,0x00,0x00,0x00,0x00,0x00,0x00,0x00,0x00,0x00,0x00,0x00,0x00,0x00,0x09,
  0x90,0x00,0x1D,0x40,0x01,0xE3,0x00,0x8A,0x00,0x00,0x6C,0x02,0xE2,0x00,0x00,0x0B,0x6B,0x70,0x00,0x00,
  0x03,0xED,0x00,0x00,0x00,0x00,0xA6,0x00,0x00,0x00,0x00,0xA6,0x00,0x00,0x00,0x00,0xA6,0x00,0x00,0x00,
  0x00,0xA6,0x00,0x00,0x00,0x00,0x00,0x00,0x00,0x00,0x00,0x00,0x00,0x00,0x00,0x00,0x00,0x00,0x00,0x00,
  0x00,0x00,0x00,0x00,0x00,0x00,0x00,0x00,0x00,0x00,0x00,0x00,0x00,0x00,0x00,0x00,0x00,0x00,0x7E,0xEE,
  0xEE,0xE0,0x00,0x00,0x00,0xA8,0x00,0x00,0x00,0x7B,0x00,0x00,0x00,0x3D,0x10,0x00,0x00,0x1D,0x40,0x00,
  0x00,0x0B,0x80,0x00,0x00,0x07,0xB0,0x00,0x00,0x03,0xD1,0x00,0x00,0x00,0xAF,0xEE,0xEE,0xE0,0x00,0x00,
  0x00,0x00,0x00,0x00,0x00,0x00,0x00,0x00,0x00,0x00,0x00,0x00,0x00,0x00,0x00,0x00,0x00,0x00,0x00,0x00,
  0x00,0x00,0x00,0x00,0x00,0x01,0xFD,0x10,0x01,0xE0,0x00,0x01,0xE0,0x00,0x01,0xE0,0x00,0x01,0xE0,0x00,
  0x01,0xE0,0x00,0x01,0xE0,0x00,0x01,0xE0,0x00,0x01,0xE0,0x00,0x01,0xE0,0x00,0x01,0xDD,0x10,0x00,0x00,
  0x00,0x00,0x00,0x00,0x00,0x00,0x00,0x00,0x00,0x00,0x00,0x00,0x00,0x0C,0x20,0x00,0x08,0x60,0x00,0x04,
  0xA0,0x00,0x00,0xD0,0x00,0x00,0xB3,0x00,0x00,0x77,0x00,0x00,0x3B,0x00,0x00,0x0D,0x10,0x00,0x0A,0x40,
  0x00,0x06,0x80,0x00,0x01,0x50,0x00,0x00,0x00,0x00,0x00,0x00,0x00,0x00,0x00,0x00,0x00,0x00,0x00,0x00,
  0x00,0x07,0xEA,0x00,0x00,0x5A,0x00,0x00,0x5A,0x00,0x00,0x5A,0x00,0x00,0x5A,0x00,0x00,0x5A,0x00,0x00,
  0x5A,0x00,0x00,0x5A,0x00,0x00,0x5A,0x00,0x00,0x5A,0x00,0x07,0xD8,0x00,0x00,0x00,0x00,0x00,0x00,0x00,
  0x00,0x00,0x00,0x00,0x00,0x00,0x00,0x00,0x00,0x00,0x00,0x00,0x00,0x00,0x00,0x3F,0x60,0x00,0x0A,0x6D,
  0x00,0x02,0xD0,0x96,0x00,0x65,0x02,0x80,0x00,0x00,0x00,0x00,0x00,0x00,0x00,0x00,0x00,0x00,0x00,0x00,
  0x00,0x00,0x00,0x00,0x00,0x00,0x00,0x00,0x00,0x00,0x00,0x00,0x00,0x00,0x00,0x00,0x00,0x00,0x00,0x00,
  0x00,0x00,0x00,0x00,0x00,0x00,0x00,0x00,0x00,0x00,0x00,0x00,0x00,0x00,0x00,0x00,0x00,0x00,0x00,0x00,
  0x00,0x00,0x00,0x00,0x00,0x00,0x00,0x00,0x00,0x00,0x00,0x00,0x00,0x00,0x00,0x00,0x00,0x00,0x0E,0xEE,
  0xEE,0x60,0x00,0x00,0x00,0x00,0x00,0x00,0x00,0x00,0x00,0x00,0x00,0x00,0x00,0x00,0x00,0x00,0x00,0x00,
  0x4C,0x00,0x00,0x82,0x00,0x00,0x00,0x00,0x00,0x00,0x00,0x00,0x00,0x00,0x00,0x00,0x00,0x00,0x00,0x00,
  0x00,0x00,0x00,0x00,0x00,0x00,0x00,0x00,0x00,0x00,0x00,0x00,0x00,0x00,0x00,0x00,0x00,0x00,0x00,0x00,
  0x00,0x00,0x00,0x00,0x00,0x00,0x00,0x00,0x00,0x00,0x00,0x00,0x00,0x7D,0xE9,0x00,0x04,0xD2,0x1C,0x50,
  0x01,0x10,0x2B,0x70,0x01,0x9E,0xCC,0x70,0x06,0xC1,0x09,0x70,0x07,0xA0,0x1D,0x70,0x01,0xAD,0xBA,0x70,
  0x00,0x00,0x00,0x00,0x00,0x00,0x00,0x00,0x00,0x00,0x00,0x00,0x00,0x00,0x00,0x00,0x00,0x00,0x00,0x00,
  0x00,0x00,0x00,0x00,0x00,0x00,0x00,0x00,0x00,0x00,0x4B,0x00,0x00,0x00,0x04,0xB0,0x00,0x00,0x00,0x4B,
  0x9D,0xC3,0x00,0x04,0xF5,0x05,0xD0,0x00,0x4C,0x00,0x0C,0x30,0x04,0xA0,0x00,0xA5,0x00,0x4C,0x00,0x0C,
  0x30,0x04,0xF5,0x05,0xD0,0x00,0x4B,0x9D,0xC3,0x00,0x00,0x00,0x00,0x00,0x00,0x00,0x00,0x00,0x00,0x00,
  0x00,0x00,0x00,0x00,0x00,0x00,0x00,0x00,0x00,0x00,0x00,0x00,0x00,0x00,0x00,0x00,0x00,0x00,0x00,0x00,
  0x00,0x00,0x00,0x00,0x00,0x00,0x00,0x00,0x00,0x4C,0xEA,0x10,0x02,0xE3,0x19,0x90,0x07,0x90,0x01,0x40,
  0x08,0x70,0x00,0x00,0x07,0x80,0x01,0x40,0x02,0xD2,0x09,0x90,0x00,0x4C,0xEA,0x10,0x00,0x00,0x00,0x00,
  0x00,0x00,0x00,0x00,0x00,0x00,0x00,0x00,0x00,0x00,0x00,0x00,0x00,0x00,0x00,0x00,0x00,0x00,0x00,0x00,
  0x00,0x00,0x00,0x00,0x00,0x00,0x00,0x00,0x0E,0x10,0x00,0x00,0x00,0xE1,0x00,0x05,0xDD,0x7E,0x10,0x02,
  0xE2,0x08,0xF1,0x00,0x78,0x00,0x1F,0x10,0x08,0x70,0x00,0xE1,0x00,0x78,0x00,0x1F,0x10,0x02,0xE2,0x08,
  0xF1,0x00,0x05,0xDD,0x7E,0x10,0x00,0x00,0x00,0x00,0x00,0x00,0x00,0x00,0x00,0x00,0x00,0x00,0x00,0x00,
  0x00,0x00,0x00,0x00,0x00,0x00,0x00,0x00,0x00,0x00,0x00,0x00,0x00,0x00,0x00,0x00,0x00,0x00,0x00,0x00,
  0x00,0x00,0x00,0x00,0x00,0x4C,0xD9,0x00,0x01,0xD2,0x09,0x80,0x06,0x90,0x02,0xD0,0x08,0xED,0xDD,0xD0,
  0x07,0x90,0x00,0x10,0x02,0xE2,0x08,0xA0,0x00,0x5D,0xEB,0x10,0x00,0x00,0x00,0x00,0x00,0x00,0x00,0x00,
  0x00,0x00,0x00,0x00,0x00,0x00,0x00,0x00,0x00,0x00,0x00,0x00,0x00,0x00,0x00,0x00,0x00,0x00,0x5D,0x60,
  0x00,0xC3,0x00,0x0C,0xFD,0x60,0x00,0xC3,0x00,0x00,0xC3,0x00,0x00,0xC3,0x00,0x00,0xC3,0x00,0x00,0xC3,
  0x00,0x00,0xC3,0x00,0x00,0x00,0x00,0x00,0x00,0x00,0x00,0x00,0x00,0x00,0x00,0x00,0x00,0x00,0x00,0x00,
  0x00,0x00,0x00,0x00,0x00,0x00,0x00,0x00,0x00,0x00,0x00,0x00,0x00,0x00,0x00,0x00,0x00,0x00,0x00,0x05,
  0xDD,0x7E,0x10,0x02,0xE2,0x08,0xF1,0x00,0x78,0x00,0x1F,0x10,0x08,0x70,0x00,0xE1,0x00,0x78,0x00,0x1F,
  0x10,0x02,0xE2,0x08,0xF1,0x00,0x05,0xDD,0x7E,0x10,0x01,0x81,0x05,0xD0,0x00,0x07,0xCD,0xC3,0x00,0x00,
  0x00,0x00,0x00,0x00,0x00,0x00,0x00,0x00,0x00,0x00,0x00,0x00,0x00,0x00,0x00,0x00,0x00,0x00,0x00,0x00,
  0x00,0x00,0x4B,0x00,0x00,0x00,0x04,0xB0,0x00,0x00,0x00,0x4C,0xAE,0xB1,0x00,0x04,0xF3,0x1A,0x90,0x00,
  0x4C,0x00,0x4C,0x00,0x04,0xB0,0x03,0xC0,0x00,0x4B,0x00,0x3C,0x00,0x04,0xB0,0x03,0xC0,0x00,0x4B,0x00,
  0x3C,0x00,0x00,0x00,0x00,0x00,0x00,0x00,0x00,0x00,0x00,0x00,0x00,0x00,0x00,0x00,0x00,0x00,0x00,0x00,
  0x00,0x00,0x00,0x00,0x00,0x00,0x05,0xB0,0x01,0x30,0x04,0xB0,0x04,0xB0,0x04,0xB0,0x04,0xB0,0x04,0xB0,
  0x04,0xB0,0x04,0xB0,0x00,0x00,0x00,0x00,0x00,0x00,0x00,0x00,0x00,0x00,0x00,0x00,0x00,0x00,0x05,0xB0,
  0x01,0x30,0x04,0xB0,0x04,0xB0,0x04,0xB0,0x04,0xB0,0x04,0xB0,0x04,0xB0,0x04,0xB0,0x04,0xB0,0x07,0x90,
  0x4B,0x30,0x00,0x00,0x00,0x00,0x00,0x00,0x00,0x00,0x00,0x00,0x00,0x00,0x00,0x00,0x04,0xB0,0x00,0x00,
  0x04,0xB0,0x00,0x00,0x04,0xB0,0x1C,0x70,0x04,0xB0,0xB8,0x00,0x04,0xBA,0xA0,0x00,0x04,0xFE,0x80,0x00,
  0x04,0xC2,0xE4,0x00,0x04,0xB0,0x4E,0x10,0x04,0xB0,0x08,0xB0,0x00,0x00,0x00,0x00,0x00,0x00,0x00,0x00,
  0x00,0x00,0x00,0x00,0x00,0x00,0x00,0x00,0x00,0x00,0x00,0x00,0x00,0x00,0x04,0xB0,0x04,0xB0,0x04,0xB0,
  0x04,0xB0,0x04,0xB0,0x04,0xB0,0x04,0xB0,0x04,0xB0,0x04,0xB0,0x00,0x00,0x00,0x00,0x00,0x00,0x00,0x00,
  0x00,0x00,0x00,0x00,0x00,0x00,0x00,0x00,0x00,0x00,0x00,0x00,0x00,0x00,0x00,0x00,0x00,0x00,0x00,0x00,
  0x00,0x00,0x00,0x00,0x00,0x00,0x00,0x00,0x00,0x00,0x04,0xB9,0xEA,0x3C,0xE8,0x00,0x04,0xF4,0x1C,0xD2,
  0x2E,0x20,0x04,0xC0,0x07,0x90,0x0B,0x50,0x04,0xB0,0x07,0x80,0x0A,0x50,0x04,0xB0,0x07,0x80,0x0A,0x50,
  0x04,0xB0,0x07,0x80,0x0A,0x50,0x04,0xB0,0x07,0x80,0x0A,0x50,0x00,0x00,0x00,0x00,0x00,0x00,0x00,0x00,
  0x00,0x00,0x00,0x00,0x00,0x00,0x00,0x00,0x00,0x00,0x00,0x00,0x00,0x00,0x00,0x00,0x00,0x00,0x00,0x00,
  0x00,0x00,0x00,0x00,0x00,0x00,0x00,0x00,0x00,0x00,0x00,0x00,0x00,0x00,0x00,0x00,0x00,0x00,0x00,0x4B,
  0xAE,0xB1,0x00,0x04,0xF3,0x1A,0x90,0x00,0x4C,0x00,0x4C,0x00,0x04,0xB0,0x03,0xC0,0x00,0x4B,0x00,0x3C,
  0x00,0x04,0xB0,0x03,0xC0,0x00,0x4B,0x00,0x3C,0x00,0x00,0x00,0x00,0x00,0x00,0x00,0x00,0x00,0x00,0x00,
  0x00,0x00,0x00,0x00,0x00,0x00,0x00,0x00,0x00,0x00,0x00,0x00,0x00,0x00,0x00,0x00,0x00,0x00,0x00,0x00,
  0x00,0x00,0x00,0x00,0x00,0x00,0x00,0x00,0x00,0x00,0x00,0x04,0xCE,0xA1,0x00,0x02,0xE3,0x08,0xA0,0x00,
  0x79,0x00,0x0E,0x00,0x08,0x70,0x00,0xD2,0x00,0x78,0x00,0x0E,0x00,0x02,0xD2,0x08,0xA0,0x00,0x04,0xCD,
  0xA1,0x00,0x00,0x00,0x00,0x00,0x00,0x00,0x00,0x00,0x00,0x00,0x00,0x00,0x00,0x00,0x00,0x00,0x00,0x00,
  0x00,0x00,0x00,0x00,0x00,0x00,0x00,0x00,0x00,0x00,0x00,0x00,0x00,0x00,0x00,0x00,0x00,0x00,0x00,0x00,
  0x00,0x00,0x00,0x4B,0x9D,0xC3,0x00,0x04,0xF5,0x05,0xD0,0x00,0x4C,0x00,0x0C,0x30,0x04,0xA0,0x00,0xA5,
  0x00,0x4C,0x00,0x0C,0x30,0x04,0xF5,0x05,0xD0,0x00,0x4B,0x9D,0xC3,0x00,0x04,0xB0,0x00,0x00,0x00,0x4B,
  0x00,0x00,0x00,0x01,0x40,0x00,0x00,0x00,0x00,0x00,0x00,0x00,0x00,0x00,0x00,0x00,0x00,0x00,0x00,0x00,
  0x00,0x00,0x00,0x00,0x00,0x00,0x00,0x00,0x00,0x00,0x00,0x00,0x00,0x00,0x00,0x05,0xDD,0x7E,0x10,0x02,
  0xE2,0x08,0xF1,0x00,0x78,0x00,0x1F,0x10,0x08,0x70,0x00,0xE1,0x00,0x78,0x00,0x1F,0x10,0x02,0xE2,0x08,
  0xF1,0x00,0x05,0xDD,0x7E,0x10,0x00,0x00,0x00,0xE1,0x00,0x00,0x00,0x0E,0x10,0x00,0x00,0x00,0x50,0x00,
  0x00,0x00,0x00,0x00,0x00,0x00,0x00,0x00,0x00,0x00,0x00,0x00,0x00,0x00,0x00,0x00,0x00,0x00,0x00,0x04,
  0xBB,0x90,0x04,0xE3,0x00,0x04,0xC0,0x00,0x04,0xB0,0x00,0x04,0xB0,0x00,0x04,0xB0,0x00,0x04,0xB0,0x00,
  0x00,0x00,0x00,0x00,0x00,0x00,0x00,0x00,0x00,0x00,0x00,0x00,0x00,0x00,0x00,0x00,0x00,0x00,0x00,0x00,
  0x00,0x00,0x00,0x00,0x00,0x00,0x00,0x00,0x00,0x00,0x00,0x00,0x00,0x9D,0xD5,0x00,0x05,0xC0,0x3E,0x00,
  0x03,0xD2,0x02,0x00,0x00,0x6D,0xC5,0x00,0x01,0x10,0x3E,0x10,0x06,0xB0,0x1E,0x20,0x00,0xAD,0xC7,0x00,
  0x00,0x00,0x00,0x00,0x00,0x00,0x00,0x00,0x00,0x00,0x00,0x00,0x00,0x00,0x00,0x00,0x00,0x00,0x00,0x00,
  0x00,0x00,0x00,0x00,0x00,0x00,0x82,0x00,0x00,0xC3,0x00,0x0C,0xFD,0x60,0x00,0xC3,0x00,0x00,0xC3,0x00,
  0x00,0xC3,0x00,0x00,0xC3,0x00,0x00,0xC3,0x00,0x00,0x6D,0x60,0x00,0x00,0x00,0x00,0x00,0x00,0x00,0x00,
  0x00,0x00,0x00,0x00,0x00,0x00,0x00,0x00,0x00,0x00,0x00,0x00,0x00,0x00,0x00,0x00,0x00,0x00,0x00,0x00,
  0x00,0x00,0x00,0x00,0x00,0x00,0x00,0x4B,0x00,0x3C,0x00,0x04,0xB0,0x03,0xC0,0x00,0x4B,0x00,0x3C,0x00,
  0x04,0xB0,0x03,0xC0,0x00,0x4C,0x00,0x3C,0x00,0x01,0xE3,0x1A,0xC0,0x00,0x06,0xED,0x7C,0x00,0x00,0x00,
  0x00,0x00,0x00,0x00,0x00,0x00,0x00,0x00,0x00,0x00,0x00,0x00,0x00,0x00,0x00,0x00,0x00,0x00,0x00,0x00,
  0x00,0x00,0x00,0x00,0x00,0x00,0x00,0x00,0x00,0x00,0x00,0x00,0x00,0x00,0x00,0x00,0x0A,0x60,0x04,0xC0,
  0x05,0xB0,0x09,0x70,0x00,0xE1,0x0E,0x20,0x00,0xA6,0x4B,0x00,0x00,0x4B,0x86,0x00,0x00,0x0E,0xD1,0x00,
  0x00,0x09,0xB0,0x00,0x00,0x00,0x00,0x00,0x00,0x00,0x00,0x00,0x00,0x00,0x00,0x00,0x00,0x00,0x00,0x00,
  0x00,0x00,0x00,0x00,0x00,0x00,0x00,0x00,0x00,0x00,0x00,0x00,0x00,0x00,0x00,0x00,0x00,0x00,0x00,0x00,
  0x00,0x00,0x00,0x00,0x00,0x00,0x00,0x00,0xA5,0x02,0xF2,0x05,0xB0,0x06,0x90,0x5E,0x60,0x96,0x00,0x2D,
  0x09,0x89,0x0D,0x20,0x00,0xD1,0xD1,0xD1,0xD0,0x00,0x09,0x6B,0x0C,0x79,0x00,0x00,0x5D,0x70,0x8D,0x50,
  0x00,0x01,0xF4,0x04,0xF1,0x00,0x00,0x00,0x00,0x00,0x00,0x00,0x00,0x00,0x00,0x00,0x00,0x00,0x00,0x00,
  0x00,0x00,0x00,0x00,0x00,0x00,0x00,0x00,0x00,0x00,0x00,0x00,0x00,0x00,0x00,0x00,0x00,0x00,0x00,0x00,
  0x00,0x00,0x00,0x00,0x00,0x00,0x00,0x00,0x06,0xB0,0x0A,0x70,0x00,0xB6,0x4C,0x00,0x00,0x2D,0xD3,0x00,
  0x00,0x0A,0xC0,0x00,0x00,0x3D,0xC5,0x00,0x00,0xC4,0x3D,0x10,0x08,0xA0,0x09,0x90,0x00,0x00,0x00,0x00,
  0x00,0x00,0x00,0x00,0x00,0x00,0x00,0x00,0x00,0x00,0x00,0x00,0x00,0x00,0x00,0x00,0x00,0x00,0x00,0x00,
  0x00,0x00,0x00,0x00,0x00,0x00,0x00,0x00,0x00,0x00,0x00,0x00,0x0A,0x60,0x04,0xC0,0x05,0xB0,0x09,0x70,
  0x01,0xE1,0x0D,0x20,0x00,0xA6,0x3C,0x00,0x00,0x5A,0x87,0x00,0x00,0x0E,0xD2,0x00,0x00,0x0A,0xC0,0x00,
  0x00,0x09,0x70,0x00,0x00,0x1D,0x20,0x00,0x03,0xC5,0x00,0x00,0x00,0x00,0x00,0x00,0x00,0x00,0x00,0x00,
  0x00,0x00,0x00,0x00,0x00,0x00,0x00,0x00,0x00,0x00,0x00,0x00,0x00,0x00,0x00,0x00,0x06,0xDD,0xEF,0x20,
  0x00,0x00,0x6B,0x00,0x00,0x02,0xE2,0x00,0x00,0x0B,0x70,0x00,0x00,0x5C,0x00,0x00,0x01,0xD3,0x00,0x00,
  0x06,0xFD,0xDD,0x20,0x00,0x00,0x00,0x00,0x00,0x00,0x00,0x00,0x00,0x00,0x00,0x00,0x00,0x00,0x00,0x00,
  0x00,0x00,0x00,0x00,0x00,0x00,0x00,0x00,0x00,0x00,0x00,0x00,0x6E,0x20,0x00,0x0E,0x20,0x00,0x01,0xE0,
  0x00,0x00,0x1D,0x00,0x00,0x06,0xC0,0x00,0x05,0xF4,0x00,0x00,0x06,0xC0,0x00,0x00,0x1D,0x00,0x00,0x01,
  0xE0,0x00,0x00,0x0E,0x40,0x00,0x00,0x5C,0x20,0x00,0x00,0x00,0x00,0x00,0x00,0x00,0x00,0x31,0x00,0x00,
  0xA3,0x00,0x00,0xA3,0x00,0x00,0xA3,0x00,0x00,0xA3,0x00,0x00,0xA3,0x00,0x00,0xA3,0x00,0x00,0xA3,0x00,
  0x00,0xA3,0x00,0x00,0xA3,0x00,0x00,0xA3,0x00,0x00,0xA3,0x00,0x00,0xA3,0x00,0x00,0xA3,0x00,0x00,0xA3,
  0x00,0x00,0x00,0x00,0x00,0x00,0x00,0x00,0x00,0x00,0x00,0x00,0x00,0x00,0x00,0x7C,0x20,0x00,0x00,0x88,
  0x00,0x00,0x05,0xA0,0x00,0x00,0x4A,0x00,0x00,0x03,0xE3,0x00,0x00,0x09,0xE0,0x00,0x03,0xD1,0x00,0x00,
  0x4A,0x00,0x00,0x05,0xA0,0x00,0x01,0x98,0x00,0x00,0x7A,0x10,0x00,0x00,0x00,0x00,0x00,0x00,0x00,0x00,
  0x00,0x00,0x00,0x00,0x00,0x00,0x00,0x00,0x00,0x00,0x00,0x00,0x00,0x00,0x00,0x00,0x00,0x00,0x00,0x00,
  0x00,0x00,0x00,0x00,0x00,0x00,0x00,0x00,0x00,0x00,0x00,0x00,0x00,0x00,0x00,0x00,0x7D,0x80,0x37,0x00,
  0x01,0xE2,0xE8,0x89,0x00,0x02,0x80,0x3C,0xC2,0x00,0x00,0x00,0x00,0x00,0x00,0x00,0x00,0x00,0x00,0x00,
  0x00,0x00,0x00,0x00,0x00,0x00,0x00,0x00,0x00,0x00,0x00,0x00,0x00,0x00,0x00,0x00,0x00,0x00,0x00,0x00,
  0x00,0x04,0x02,0x10,0x00,0x01,0xD1,0x97,0x00,0x00,0x00,0x00,0x00,0x00,0x2F,0xEE,0xEE,0x70,0x02,0xE0,
  0x00,0x00,0x00,0x2E,0x00,0x00,0x00,0x02,0xE0,0x00,0x00,0x00,0x2F,0xEE,0xEE,0x30,0x02,0xE0,0x00,0x00,
  0x00,0x2E,0x00,0x00,0x00,0x02,0xE0,0x00,0x00,0x00,0x2F,0xEE,0xEE,0x70,0x00,0x00,0x00,0x00,0x00,0x00,
  0x00,0x00,0x00,0x00,0x00,0x00,0x00,0x00,0x00,0x00,0x00,0x00,0x00,0x00,0x00,0x00,0x00,0x00,0x00,0x00,
  0x00,0x00,0x00,0x00,0x00,0x00,0x00,0x00,0x00,0xDB,0x00,0x00,0x00,0x03,0xBD,0x10,0x00,0x00,0x09,0x68,
  0x60,0x00,0x00,0x0D,0x13,0xC0,0x00,0x00,0x4A,0x00,0xC2,0x00,0x00,0xAE,0xEE,0xF7,0x00,0x01,0xD0,0x00,
  0x2C,0x00,0x05,0xA0,0x00,0x0D,0x30,0x0B,0x50,0x00,0x08,0x80,0x00,0x00,0x00,0x00,0x00,0x00,0x00,0x00,
  0x00,0x00,0x00,0x00,0x00,0x00,0x00,0x00,0x00,0x00,0x00,0x00,0x00,0x00,0x00,0x00,0x00,0x00,0x00,0x00,
  0x00,0x00,0x00,0x00,0x00,0x00,0x2F,0xEE,0xEE,0x10,0x02,0xE0,0x00,0x00,0x00,0x2E,0x00,0x00,0x00,0x02,
  0xE0,0x00,0x00,0x00,0x2F,0xEE,0xE9,0x10,0x02,0xE0,0x02,0xA9,0x00,0x2E,0x00,0x04,0xC0,0x02,0xE0,0x02,
  0xA9,0x00,0x2F,0xEE,0xE9,0x10,0x00,0x00,0x00,0x00,0x00,0x00,0x00,0x00,0x00,0x00,0x00,0x00,0x00,0x00,
  0x00,0x00,0x00,0x00,0x00,0x00,0x00,0x00,0x00,0x00,0x00,0x00,0x00,0x00,0x00,0x00,0x00,0x00,0x00,0x02,
  0xFE,0xEE,0xA1,0x00,0x02,0xE0,0x01,0xA9,0x00,0x02,0xE0,0x00,0x5B,0x00,0x02,0xE0,0x02,0xB7,0x00,0x02,
  0xFE,0xEF,0xC1,0x00,0x02,0xE0,0x01,0x6D,0x00,0x02,0xE0,0x00,0x0E,0x20,0x02,0xE0,0x01,0x6E,0x00,0x02,
  0xFE,0xEE,0xB3,0x00,0x00,0x00,0x00,0x00,0x00,0x00,0x00,0x00,0x00,0x00,0x00,0x00,0x00,0x00,0x00,0x00,
  0x00,0x00,0x00,0x00,0x00,0x00,0x00,0x00,0x00,0x00,0x00,0x00,0x00,0x00,0x00,0x00,0x02,0xFE,0xEE,0xE2,
  0x02,0xE0,0x00,0x00,0x02,0xE0,0x00,0x00,0x02,0xE0,0x00,0x00,0x02,0xE0,0x00,0x00,0x02,0xE0,0x00,0x00,
  0x02,0xE0,0x00,0x00,0x02,0xE0,0x00,0x00,0x02,0xE0,0x00,0x00,0x00,0x00,0x00,0x00,0x00,0x00,0x00,0x00,
  0x00,0x00,0x00,0x00,0x00,0x00,0x00,0x00,0x00,0x00,0x00,0x00,0x00,0x00,0x00,0x00,0x00,0x00,0x00,0x00,
  0x00,0x00,0x00,0x00,0x00,0x00,0x8F,0xEE,0xEE,0x00,0x00,0x09,0x70,0x02,0xE0,0x00,0x00,0xA5,0x00,0x2E,
  0x00,0x00,0x0B,0x40,0x02,0xE0,0x00,0x00,0xD2,0x00,0x2E,0x00,0x00,0x0E,0x00,0x02,0xE0,0x00,0x03,0xD0,
  0x00,0x2E,0x00,0x00,0xA8,0x00,0x02,0xE0,0x00,0xAF,0xEE,0xEE,0xEF,0xD0,0x0B,0x40,0x00,0x00,0x2D,0x00,
  0x94,0x00,0x00,0x01,0xC0,0x00,0x00,0x00,0x00,0x00,0x00,0x00,0x00,0x00,0x00,0x00,0x00,0x00,0x00,0x00,
  0x00,0x00,0x00,0x00,0x00,0x00,0x00,0x00,0x00,0x00,0x2F,0xEE,0xEE,0x70,0x02,0xE0,0x00,0x00,0x00,0x2E,
  0x00,0x00,0x00,0x02,0xE0,0x00,0x00,0x00,0x2F,0xEE,0xEE,0x30,0x02,0xE0,0x00,0x00,0x00,0x2E,0x00,0x00,
  0x00,0x02,0xE0,0x00,0x00,0x00,0x2F,0xEE,0xEE,0x70,0x00,0x00,0x00,0x00,0x00,0x00,0x00,0x00,0x00,0x00,
  0x00,0x00,0x00,0x00,0x00,0x00,0x00,0x00,0x00,0x00,0x00,0x00,0x00,0x00,0x00,0x00,0x00,0x00,0x00,0x00,
  0x00,0x00,0x00,0x00,0x00,0x00,0x00,0x00,0x4D,0x10,0x0F,0x00,0x0D,0x40,0x00,0xA7,0x00,0xF0,0x07,0xB0,
  0x00,0x02,0xE1,0x0F,0x01,0xE2,0x00,0x00,0x08,0x90,0xF0,0x98,0x00,0x00,0x00,0x3F,0xEF,0xEF,0x30,0x00,
  0x00,0x0B,0x60,0xF0,0x6B,0x00,0x00,0x05,0xC0,0x0F,0x00,0xC5,0x00,0x01,0xD3,0x00,0xF0,0x03,0xD1,0x00,
  0x89,0x00,0x0F,0x00,0x09,0x80,0x00,0x00,0x00,0x00,0x00,0x00,0x00,0x00,0x00,0x00,0x00,0x00,0x00,0x00,
  0x00,0x00,0x00,0x00,0x00,0x00,0x00,0x00,0x00,0x00,0x00,0x00,0x00,0x00,0x00,0x00,0x00,0x00,0x00,0x00,
  0x00,0x00,0x00,0x00,0x00,0x00,0x03,0xCE,0xC4,0x00,0x00,0xD6,0x14,0xE2,0x00,0x2A,0x00,0x0B,0x50,0x00,
  0x00,0x15,0xD1,0x00,0x00,0x3E,0xF4,0x00,0x00,0x00,0x03,0xC5,0x00,0x49,0x00,0x07,0x90,0x02,0xE5,0x03,
  0xC5,0x00,0x04,0xCE,0xD6,0x00,0x00,0x00,0x00,0x00,0x00,0x00,0x00,0x00,0x00,0x00,0x00,0x00,0x00,0x00,
  0x00,0x00,0x00,0x00,0x00,0x00,0x00,0x00,0x00,0x00,0x00,0x00,0x00,0x00,0x00,0x00,0x00,0x00,0x00,0x00,
  0x00,0x2E,0x00,0x00,0xDA,0x00,0x02,0xE0,0x00,0x7E,0xA0,0x00,0x2E,0x00,0x2E,0x7A,0x00,0x02,0xE0,0x0B,
  0x76,0xA0,0x00,0x2E,0x05,0xC0,0x6A,0x00,0x02,0xE1,0xD4,0x06,0xA0,0x00,0x2E,0x89,0x00,0x6A,0x00,0x02,
  0xED,0x10,0x06,0xA0,0x00,0x2F,0x60,0x00,0x6A,0x00,0x00,0x00,0x00,0x00,0x00,0x00,0x00,0x00,0x00,0x00,
  0x00,0x00,0x00,0x00,0x00,0x00,0x00,0x00,0x00,0x00,0x00,0x00,0x00,0x02,0x50,0x70,0x00,0x00,0x00,0x09,
  0xB5,0x00,0x00,0x00,0x00,0x00,0x00,0x00,0x00,0x2E,0x00,0x00,0xDA,0x00,0x02,0xE0,0x00,0x7E,0xA0,0x00,
  0x2E,0x00,0x2E,0x7A,0x00,0x02,0xE0,0x0B,0x76,0xA0,0x00,0x2E,0x05,0xC0,0x6A,0x00,0x02,0xE1,0xD4,0x06,
  0xA0,0x00,0x2E,0x89,0x00,0x6A,0x00,0x02,0xED,0x10,0x06,0xA0,0x00,0x2F,0x60,0x00,0x6A,0x00,0x00,0x00,
  0x00,0x00,0x00,0x00,0x00,0x00,0x00,0x00,0x00,0x00,0x00,0x00,0x00,0x00,0x00,0x00,0x00,0x00,0x00,0x00,
  0x00,0x00,0x00,0x00,0x00,0x00,0x00,0x00,0x00,0x00,0x00,0x00,0x00,0x00,0x00,0x02,0xE0,0x00,0x5D,0x10,
  0x02,0xE0,0x02,0xE3,0x00,0x02,0xE0,0x0B,0x70,0x00,0x02,0xE0,0x7B,0x00,0x00,0x02,0xFF,0xF4,0x00,0x00,
  0x02,0xE0,0x6C,0x00,0x00,0x02,0xE0,0x0A,0x90,0x00,0x02,0xE0,0x01,0xD5,0x00,0x02,0xE0,0x00,0x3E,0x20,
  0x00,0x00,0x00,0x00,0x00,0x00,0x00,0x00,0x00,0x00,0x00,0x00,0x00,0x00,0x00,0x00,0x00,0x00,0x00,0x00,
  0x00,0x00,0x00,0x00,0x00,0x00,0x00,0x00,0x00,0x00,0x00,0x00,0x00,0x00,0x00,0x00,0x0C,0xEE,0xEF,0x90,
  0x00,0x0D,0x20,0x07,0x90,0x00,0x0E,0x10,0x07,0x90,0x00,0x0F,0x00,0x07,0x90,0x00,0x2E,0x00,0x07,0x90,
  0x00,0x3D,0x00,0x07,0x90,0x00,0x4B,0x00,0x07,0x90,0x00,0x98,0x00,0x07,0x90,0x0A,0xC2,0x00,0x07,0x90,
  0x00,0x00,0x00,0x00,0x00,0x00,0x00,0x00,0x00,0x00,0x00,0x00,0x00,0x00,0x00,0x00,0x00,0x00,0x00,0x00,
  0x00,0x00,0x00,0x00,0x00,0x00,0x00,0x00,0x00,0x00,0x00,0x00,0x00,0x00,0x00,0x00,0x00,0x00,0x02,0xF7,
  0x00,0x00,0x3F,0x60,0x02,0xFD,0x00,0x00,0x9E,0x60,0x02,0xDC,0x40,0x00,0xEA,0x60,0x02,0xE7,0x90,0x05,
  0xA9,0x60,0x02,0xE1,0xE1,0x0B,0x59,0x60,0x02,0xE0,0xA6,0x1D,0x09,0x60,0x02,0xE0,0x4B,0x78,0x09,0x60,
  0x02,0xE0,0x0D,0xD2,0x09,0x60,0x02,0xE0,0x07,0xC0,0x09,0x60,0x00,0x00,0x00,0x00,0x00,0x00,0x00,0x00,
  0x00,0x00,0x00,0x00,0x00,0x00,0x00,0x00,0x00,0x00,0x00,0x00,0x00,0x00,0x00,0x00,0x00,0x00,0x00,0x00,
  0x00,0x00,0x00,0x00,0x00,0x00,0x00,0x00,0x00,0x00,0x00,0x02,0xE0,0x00,0x07,0x90,0x02,0xE0,0x00,0x07,
  0x90,0x02,0xE0,0x00,0x07,0x90,0x02,0xE0,0x00,0x07,0x90,0x02,0xFE,0xEE,0xEE,0x90,0x02,0xE0,0x00,0x07,
  0x90,0x02,0xE0,0x00,0x07,0x90,0x02,0xE0,0x00,0x07,0x90,0x02,0xE0,0x00,0x07,0x90,0x00,0x00,0x00,0x00,
  0x00,0x00,0x00,0x00,0x00,0x00,0x00,0x00,0x00,0x00,0x00,0x00,0x00,0x00,0x00,0x00,0x00,0x00,0x00,0x00,
  0x00,0x00,0x00,0x00,0x00,0x00,0x00,0x00,0x00,0x00,0x00,0x00,0x00,0x00,0x6C,0xEC,0x50,0x00,0x00,0x7C,
  0x31,0x4D,0x70,0x00,0x1E,0x20,0x00,0x2E,0x10,0x05,0xB0,0x00,0x00,0xB4,0x00,0x79,0x00,0x00,0x0A,0x60,
  0x05,0xB0,0x00,0x00,0xB4,0x00,0x2E,0x20,0x00,0x2E,0x10,0x00,0x7C,0x31,0x3D,0x70,0x00,0x00,0x6C,0xEC,
  0x50,0x00,0x00,0x00,0x00,0x00,0x00,0x00,0x00,0x00,0x00,0x00,0x00,0x00,0x00,0x00,0x00,0x00,0x00,0x00,
  0x00,0x00,0x00,0x00,0x00,0x00,0x00,0x00,0x00,0x00,0x00,0x00,0x00,0x00,0x00,0x00,0x00,0x00,0x00,0x02,
  0xFE,0xEE,0xEE,0x90,0x02,0xE0,0x00,0x07,0x90,0x02,0xE0,0x00,0x07,0x90,0x02,0xE0,0x00,0x07,0x90,0x02,
  0xE0,0x00,0x07,0x90,0x02,0xE0,0x00,0x07,0x90,0x02,0xE0,0x00,0x07,0x90,0x02,0xE0,0x00,0x07,0x90,0x02,
  0xE0,0x00,0x07,0x90,0x00,0x00,0x00,0x00,0x00,0x00,0x00,0x00,0x00,0x00,0x00,0x00,0x00,0x00,0x00,0x00,
  0x00,0x00,0x00,0x00,0x00,0x00,0x00,0x00,0x00,0x00,0x00,0x00,0x00,0x00,0x00,0x00,0x00,0x00,0x2F,0xEE,
  0xEA,0x10,0x02,0xE0,0x02,0x9A,0x00,0x2E,0x00,0x02,0xE0,0x02,0xE0,0x01,0x9A,0x00,0x2F,0xEE,0xEA,0x10,
  0x02,0xE0,0x00,0x00,0x00,0x2E,0x00,0x00,0x00,0x02,0xE0,0x00,0x00,0x00,0x2E,0x00,0x00,0x00,0x00,0x00,
  0x00,0x00,0x00,0x00,0x00,0x00,0x00,0x00,0x00,0x00,0x00,0x00,0x00,0x00,0x00,0x00,0x00,0x00,0x00,0x00,
  0x00,0x00,0x00,0x00,0x00,0x00,0x00,0x00,0x00,0x00,0x00,0x00,0x00,0x00,0x5C,0xED,0x60,0x00,0x00,0x7D,
  0x40,0x3C,0x70,0x00,0x1E,0x20,0x00,0x3E,0x00,0x05,0xB0,0x00,0x00,0x00,0x00,0x79,0x00,0x00,0x00,0x00,
  0x05,0xB0,0x00,0x00,0x00,0x00,0x2E,0x20,0x00,0x3D,0x00,0x00,0x7C,0x31,0x4C,0x80,0x00,0x00,0x6C,0xED,
  0x70,0x00,0x00,0x00,0x00,0x00,0x00,0x00,0x00,0x00,0x00,0x00,0x00,0x00,0x00,0x00,0x00,0x00,0x00,0x00,
  0x00,0x00,0x00,0x00,0x00,0x00,0x00,0x00,0x00,0x00,0x00,0x00,0x00,0x00,0x00,0x00,0x00,0x00,0xAE,0xEF,
  0xEE,0xE0,0x00,0x00,0xD3,0x00,0x00,0x00,0x0D,0x30,0x00,0x00,0x00,0xD3,0x00,0x00,0x00,0x0D,0x30,0x00,
  0x00,0x00,0xD3,0x00,0x00,0x00,0x0D,0x30,0x00,0x00,0x00,0xD3,0x00,0x00,0x00,0x0D,0x30,0x00,0x00,0x00,
  0x00,0x00,0x00,0x00,0x00,0x00,0x00,0x00,0x00,0x00,0x00,0x00,0x00,0x00,0x00,0x00,0x00,0x00,0x00,0x00,
  0x00,0x00,0x00,0x00,0x00,0x00,0x00,0x00,0x00,0x00,0xA7,0x00,0x05,0xC0,0x04,0xD0,0x00,0xB6,0x00,0x0C,
  0x50,0x2E,0x10,0x00,0x6B,0x08,0x90,0x00,0x00,0xE2,0xD3,0x00,0x00,0x07,0xCC,0x00,0x00,0x00,0x1F,0x60,
  0x00,0x00,0x02,0xE1,0x00,0x00,0x0A,0xE5,0x00,0x00,0x00,0x00,0x00,0x00,0x00,0x00,0x00,0x00,0x00,0x00,
  0x00,0x00,0x00,0x00,0x00,0x00,0x00,0x00,0x00,0x00,0x00,0x00,0x00,0x00,0x00,0x00,0x00,0x00,0x00,0x00,
  0x00,0x00,0x00,0x00,0x00,0x00,0x00,0x00,0x0A,0x60,0x00,0x00,0x00,0x18,0xDF,0xEC,0x60,0x00,0x00,0xC9,
  0x2A,0x63,0xC8,0x00,0x04,0xC0,0x0A,0x60,0x1E,0x00,0x07,0x90,0x0A,0x60,0x0D,0x20,0x04,0xC0,0x0A,0x60,
  0x1E,0x00,0x00,0xC8,0x2A,0x63,0xB8,0x00,0x00,0x18,0xDF,0xEC,0x60,0x00,0x00,0x00,0x0A,0x60,0x00,0x00,
  0x00,0x00,0x00,0x00,0x00,0x00,0x00,0x00,0x00,0x00,0x00,0x00,0x00,0x00,0x00,0x00,0x00,0x00,0x00,0x00,
  0x00,0x00,0x00,0x00,0x00,0x00,0x00,0x00,0x00,0x00,0x00,0x00,0x00,0x00,0x00,0x00,0x00,0x00,0x00,0x05,
  0xD0,0x00,0x2E,0x20,0x00,0xA8,0x00,0xB6,0x00,0x00,0x1E,0x36,0xB0,0x00,0x00,0x05,0xDE,0x20,0x00,0x00,
  0x00,0xDA,0x00,0x00,0x00,0x07,0xBD,0x40,0x00,0x00,0x3E,0x14,0xD1,0x00,0x00,0xC5,0x00,0x99,0x00,0x08,
  0xA0,0x00,0x1D,0x40,0x00,0x00,0x00,0x00,0x00,0x00,0x00,0x00,0x00,0x00,0x00,0x00,0x00,0x00,0x00,0x00,
  0x00,0x00,0x00,0x00,0x00,0x00,0x00,0x00,0x00,0x00,0x00,0x00,0x00,0x00,0x00,0x00,0x00,0x00,0x00,0x02,
  0xE0,0x00,0x0A,0x50,0x02,0xE0,0x00,0x0A,0x50,0x02,0xE0,0x00,0x0A,0x50,0x02,0xE0,0x00,0x0A,0x50,0x02,
  0xE0,0x00,0x0A,0x50,0x02,0xE0,0x00,0x0A,0x50,0x02,0xE0,0x00,0x0A,0x50,0x02,0xE0,0x00,0x0A,0x50,0x02,
  0xFE,0xEE,0xEF,0xE2,0x00,0x00,0x00,0x00,0xD2,0x00,0x00,0x00,0x00,0xB2,0x00,0x00,0x00,0x00,0x00,0x00,
  0x00,0x00,0x00,0x00,0x00,0x00,0x00,0x00,0x00,0x00,0x00,0x00,0x00,0x00,0x00,0x00,0x00,0x00,0x00,0x04,
  0xC0,0x00,0x0E,0x20,0x04,0xC0,0x00,0x0E,0x20,0x04,0xC0,0x00,0x0E,0x20,0x03,0xD0,0x00,0x0E,0x20,0x01,
  0xE7,0x12,0x7F,0x20,0x00,0x3B,0xED,0x9F,0x20,0x00,0x00,0x00,0x0E,0x20,0x00,0x00,0x00,0x0E,0x20,0x00,
  0x00,0x00,0x0E,0x20,0x00,0x00,0x00,0x00,0x00,0x00,0x00,0x00,0x00,0x00,0x00,0x00,0x00,0x00,0x00,0x00,
  0x00,0x00,0x00,0x00,0x00,0x00,0x00,0x00,0x00,0x00,0x00,0x00,0x00,0x00,0x00,0x00,0x00,0x00,0x00,0x00,
  0x00,0x00,0x00,0x00,0x2E,0x00,0x0F,0x10,0x0D,0x30,0x02,0xE0,0x00,0xF1,0x00,0xD3,0x00,0x2E,0x00,0x0F,
  0x10,0x0D,0x30,0x02,0xE0,0x00,0xF1,0x00,0xD3,0x00,0x2E,0x00,0x0F,0x10,0x0D,0x30,0x02,0xE0,0x00,0xF1,
  0x00,0xD3,0x00,0x2E,0x00,0x0F,0x10,0x0D,0x30,0x02,0xE0,0x00,0xF1,0x00,0xD3,0x00,0x2F,0xEE,0xEF,0xEE,
  0xEF,0x30,0x00,0x00,0x00,0x00,0x00,0x00,0x00,0x00,0x00,0x00,0x00,0x00,0x00,0x00,0x00,0x00,0x00,0x00,
  0x00,0x00,0x00,0x00,0x00,0x00,0x00,0x00,0x00,0x00,0x00,0x00,0x00,0x00,0x00,0x00,0x00,0x00,0x00,0x00,
  0x00,0x00,0x00,0x00,0x00,0x00,0x00,0x00,0x2E,0x00,0x0F,0x10,0x0D,0x30,0x02,0xE0,0x00,0xF1,0x00,0xD3,
  0x00,0x2E,0x00,0x0F,0x10,0x0D,0x30,0x02,0xE0,0x00,0xF1,0x00,0xD3,0x00,0x2E,0x00,0x0F,0x10,0x0D,0x30,
  0x02,0xE0,0x00,0xF1,0x00,0xD3,0x00,0x2E,0x00,0x0F,0x10,0x0D,0x30,0x02,0xE0,0x00,0xF1,0x00,0xD3,0x00,
  0x2F,0xEE,0xEF,0xEE,0xEF,0xE0,0x00,0x00,0x00,0x00,0x00,0x1E,0x00,0x00,0x00,0x00,0x00,0x01,0xD0,0x00,
  0x00,0x00,0x00,0x00,0x00,0x00,0x00,0x00,0x00,0x00,0x00,0x00,0x00,0x00,0x00,0x00,0x00,0x00,0x00,0x00,
  0x00,0x00,0x00,0x00,0x00,0x00,0x00,0x00,0x00,0xAE,0xED,0x00,0x00,0x00,0x00,0x03,0xD0,0x00,0x00,0x00,
  0x00,0x3D,0x00,0x00,0x00,0x00,0x03,0xD0,0x00,0x00,0x00,0x00,0x3F,0xEE,0xEA,0x20,0x00,0x03,0xD0,0x01,
  0x9B,0x00,0x00,0x3D,0x00,0x02,0xE0,0x00,0x03,0xD0,0x01,0x9A,0x00,0x00,0x3F,0xEE,0xEA,0x10,0x00,0x00,
  0x00,0x00,0x00,0x00,0x00,0x00,0x00,0x00,0x00,0x00,0x00,0x00,0x00,0x00,0x00,0x00,0x00,0x00,0x00,0x00,
  0x00,0x00,0x00,0x00,0x00,0x00,0x00,0x00,0x00,0x00,0x00,0x00,0x00,0x00,0x00,0x00,0x00,0x00,0x02,0xE0,
  0x00,0x00,0x2E,0x00,0x02,0xE0,0x00,0x00,0x2E,0x00,0x02,0xE0,0x00,0x00,0x2E,0x00,0x02,0xE0,0x00,0x00,
  0x2E,0x00,0x02,0xFE,0xEE,0xA2,0x2E,0x00,0x02,0xE0,0x01,0x8B,0x2E,0x00,0x02,0xE0,0x00,0x1E,0x2E,0x00,
  0x02,0xE0,0x01,0x8B,0x2E,0x00,0x02,0xFE,0xEE,0xA2,0x2E,0x00,0x00,0x00,0x00,0x00,0x00,0x00,0x00,0x00,
  0x00,0x00,0x00,0x00,0x00,0x00,0x00,0x00,0x00,0x00,0x00,0x00,0x00,0x00,0x00,0x00,0x00,0x00,0x00,0x00,
  0x00,0x00,0x00,0x00,0x00,0x00,0x00,0x00,0x00,0x00,0x2E,0x00,0x00,0x00,0x02,0xE0,0x00,0x00,0x00,0x2E,
  0x00,0x00,0x00,0x02,0xE0,0x00,0x00,0x00,0x2F,0xEE,0xEA,0x20,0x02,0xE0,0x01,0x8B,0x00,0x2E,0x00,0x01,
  0xE0,0x02,0xE0,0x01,0x8B,0x00,0x2F,0xEE,0xEA,0x20,0x00,0x00,0x00,0x00,0x00,0x00,0x00,0x00,0x00,0x00,
  0x00,0x00,0x00,0x00,0x00,0x00,0x00,0x00,0x00,0x00,0x00,0x00,0x00,0x00,0x00,0x00,0x00,0x00,0x00,0x00,
  0x00,0x00,0x00,0x00,0x00,0x01,0x9E,0xEA,0x20,0x00,0x00,0xC9,0x11,0x6E,0x20,0x00,0x5D,0x00,0x00,0x7A,
  0x00,0x00,0x00,0x00,0x01,0xE0,0x00,0x00,0x09,0xEE,0xEF,0x10,0x00,0x00,0x00,0x01,0xE0,0x00,0x5B,0x00,
  0x00,0x6B,0x00,0x01,0xD9,0x21,0x6E,0x30,0x00,0x01,0x9E,0xEB,0x20,0x00,0x00,0x00,0x00,0x00,0x00,0x00,
  0x00,0x00,0x00,0x00,0x00,0x00,0x00,0x00,0x00,0x00,0x00,0x00,0x00,0x00,0x00,0x00,0x00,0x00,0x00,0x00,
  0x00,0x00,0x00,0x00,0x00,0x00,0x00,0x00,0x00,0x00,0x00,0x00,0x00,0x00,0x00,0x00,0x00,0x02,0xE0,0x00,
  0x6C,0xEC,0x50,0x00,0x02,0xE0,0x07,0xC3,0x14,0xD7,0x00,0x02,0xE0,0x1E,0x20,0x00,0x2E,0x10,0x02,0xE0,
  0x5B,0x00,0x00,0x0B,0x40,0x02,0xFE,0xF9,0x00,0x00,0x0A,0x60,0x02,0xE0,0x5B,0x00,0x00,0x0B,0x40,0x02,
  0xE0,0x1E,0x20,0x00,0x2E,0x10,0x02,0xE0,0x07,0xC3,0x13,0xD7,0x00,0x02,0xE0,0x00,0x6C,0xEC,0x50,0x00,
  0x00,0x00,0x00,0x00,0x00,0x00,0x00,0x00,0x00,0x00,0x00,0x00,0x00,0x00,0x00,0x00,0x00,0x00,0x00,0x00,
  0x00,0x00,0x00,0x00,0x00,0x00,0x00,0x00,0x00,0x00,0x00,0x00,0x00,0x00,0x00,0x00,0x00,0x00,0x00,0x00,
  0x00,0x00,0x00,0x00,0x6D,0xEE,0xEB,0x00,0x03,0xD4,0x00,0x5B,0x00,0x06,0x90,0x00,0x5B,0x00,0x02,0xD3,
  0x00,0x5B,0x00,0x00,0x4E,0xEE,0xEB,0x00,0x00,0x1E,0x40,0x5B,0x00,0x00,0x6C,0x00,0x5B,0x00,0x00,0xD5,
  0x00,0x5B,0x00,0x05,0xD0,0x00,0x5B,0x00,0x00,0x00,0x00,0x00,0x00,0x00,0x00,0x00,0x00,0x00,0x00,0x00,
  0x00,0x00,0x00,0x00,0x00,0x00,0x00,0x00,0x00,0x00,0x00,0x00,0x00,0x00,0x00,0x00,0x00,0x00,0x00,0x00,
  0x00,0x00,0x00,0x00,0x00,0x00,0x00,0x00,0x00,0x7D,0xE9,0x00,0x04,0xD2,0x1C,0x50,0x01,0x10,0x2B,0x70,
  0x01,0x9E,0xCC,0x70,0x06,0xC1,0x09,0x70,0x07,0xA0,0x1D,0x70,0x01,0xAD,0xBA,0x70,0x00,0x00,0x00,0x00,
  0x00,0x00,0x00,0x00,0x00,0x00,0x00,0x00,0x00,0x00,0x00,0x00,0x00,0x00,0x00,0x00,0x00,0x00,0x00,0x00,
  0x00,0x00,0x00,0x00,0x00,0x00,0x00,0x02,0x8A,0x00,0x00,0x3D,0xDA,0x30,0x00,0x1D,0x40,0x00,0x00,0x05,
  0xAB,0xDB,0x20,0x00,0x7D,0x20,0x7C,0x00,0x08,0x80,0x01,0xF1,0x00,0x78,0x00,0x1F,0x10,0x03,0xD2,0x07,
  0xB0,0x00,0x05,0xDD,0xA1,0x00,0x00,0x00,0x00,0x00,0x00,0x00,0x00,0x00,0x00,0x00,0x00,0x00,0x00,0x00,
  0x00,0x00,0x00,0x00,0x00,0x00,0x00,0x00,0x00,0x00,0x00,0x00,0x00,0x00,0x00,0x00,0x00,0x00,0x00,0x00,
  0x00,0x00,0x00,0x00,0x04,0xFE,0xEA,0x20,0x04,0xA0,0x0A,0x80,0x04,0xA0,0x1A,0x60,0x04,0xED,0xDD,0x20,
  0x04,0xA0,0x06,0xA0,0x04,0xA0,0x06,0xC0,0x04,0xFE,0xED,0x40,0x00,0x00,0x00,0x00,0x00,0x00,0x00,0x00,
  0x00,0x00,0x00,0x00,0x00,0x00,0x00,0x00,0x00,0x00,0x00,0x00,0x00,0x00,0x00,0x00,0x00,0x00,0x00,0x00,
  0x00,0x00,0x00,0x00,0x00,0x00,0x4F,0xEE,0xB0,0x04,0xB0,0x00,0x00,0x4B,0x00,0x00,0x04,0xB0,0x00,0x00,
  0x4B,0x00,0x00,0x04,0xB0,0x00,0x00,0x4B,0x00,0x00,0x00,0x00,0x00,0x00,0x00,0x00,0x00,0x00,0x00,0x00,
  0x00,0x00,0x00,0x00,0x00,0x00,0x00,0x00,0x00,0x00,0x00,0x00,0x00,0x00,0x00,0x00,0x00,0x00,0x00,0x00,
  0x00,0x00,0x00,0x00,0x00,0x00,0x00,0x03,0xFE,0xEF,0x00,0x00,0x5A,0x00,0xF0,0x00,0x06,0x90,0x0F,0x00,
  0x00,0x77,0x00,0xF0,0x00,0x0A,0x50,0x0F,0x00,0x01,0xE1,0x00,0xF0,0x00,0xDF,0xEE,0xEF,0xE0,0x0D,0x20,
  0x00,0x0F,0x00,0xB2,0x00,0x00,0xD0,0x00,0x00,0x00,0x00,0x00,0x00,0x00,0x00,0x00,0x00,0x00,0x00,0x00,
  0x00,0x00,0x00,0x00,0x00,0x00,0x00,0x00,0x00,0x00,0x00,0x00,0x00,0x00,0x00,0x00,0x00,0x4C,0xD9,0x00,
  0x01,0xD2,0x09,0x80,0x06,0x90,0x02,0xD0,0x08,0xED,0xDD,0xD0,0x07,0x90,0x00,0x10,0x02,0xE2,0x08,0xA0,
  0x00,0x5D,0xEB,0x10,0x00,0x00,0x00,0x00,0x00,0x00,0x00,0x00,0x00,0x00,0x00,0x00,0x00,0x00,0x00,0x00,
  0x00,0x00,0x00,0x00,0x00,0x00,0x00,0x00,0x00,0x00,0x00,0x00,0x00,0x00,0x00,0x00,0x00,0x00,0x00,0x00,
  0x00,0x00,0x00,0x00,0x00,0x00,0x00,0x00,0x6B,0x00,0xD2,0x08,0xA0,0x00,0xA7,0x0D,0x24,0xD1,0x00,0x01,
  0xD3,0xD3,0xD3,0x00,0x00,0x05,0xFF,0xF9,0x00,0x00,0x01,0xD4,0xD3,0xD3,0x00,0x00,0xA7,0x0D,0x24,0xD1,
  0x00,0x7B,0x00,0xD2,0x08,0xA0,0x00,0x00,0x00,0x00,0x00,0x00,0x00,0x00,0x00,0x00,0x00,0x00,0x00,0x00,
  0x00,0x00,0x00,0x00,0x00,0x00,0x00,0x00,0x00,0x00,0x00,0x00,0x00,0x00,0x00,0x00,0x00,0x00,0x00,0x00,
  0x00,0x00,0x00,0x00,0x00,0x00,0x00,0x00,0x00,0x9D,0xD4,0x00,0x05,0xB0,0x3D,0x00,0x00,0x00,0x6B,0x00,
  0x00,0x0A,0xE4,0x00,0x00,0x00,0x2E,0x10,0x07,0xA0,0x2E,0x10,0x01,0xAD,0xD6,0x00,0x00,0x00,0x00,0x00,
  0x00,0x00,0x00,0x00,0x00,0x00,0x00,0x00,0x00,0x00,0x00,0x00,0x00,0x00,0x00,0x00,0x00,0x00,0x00,0x00,
  0x00,0x00,0x00,0x00,0x00,0x00,0x00,0x00,0x00,0x00,0x00,0x00,0x00,0x00,0x00,0x4B,0x00,0x6E,0x00,0x04,
  0xB0,0x1E,0xE0,0x00,0x4B,0x09,0x8E,0x00,0x04,0xB3,0xC1,0xE0,0x00,0x4B,0xC4,0x1E,0x00,0x04,0xFA,0x01,
  0xE0,0x00,0x4E,0x10,0x1E,0x00,0x00,0x00,0x00,0x00,0x00,0x00,0x00,0x00,0x00,0x00,0x00,0x00,0x00,0x00,
  0x00,0x00,0x00,0x00,0x00,0x00,0x00,0x00,0x00,0x00,0x00,0x00,0x00,0x00,0x00,0x00,0x00,0x00,0x02,0xB6,
  0xA0,0x00,0x00,0x01,0x40,0x00,0x00,0x4B,0x00,0x6E,0x00,0x04,0xB0,0x1E,0xE0,0x00,0x4B,0x09,0x8E,0x00,
  0x04,0xB3,0xC1,0xE0,0x00,0x4B,0xC4,0x1E,0x00,0x04,0xFA,0x01,0xE0,0x00,0x4E,0x10,0x1E,0x00,0x00,0x00,
  0x00,0x00,0x00,0x00,0x00,0x00,0x00,0x00,0x00,0x00,0x00,0x00,0x00,0x00,0x00,0x00,0x00,0x00,0x00,0x00,
  0x00,0x00,0x00,0x00,0x00,0x00,0x00,0x00,0x00,0x00,0x00,0x00,0x00,0x00,0x00,0x00,0x04,0xB0,0x09,0xA0,
  0x04,0xB0,0x6D,0x10,0x04,0xB3,0xE2,0x00,0x04,0xFF,0x90,0x00,0x04,0xB1,0xD4,0x00,0x04,0xB0,0x4D,0x10,
  0x04,0xB0,0x08,0xB0,0x00,0x00,0x00,0x00,0x00,0x00,0x00,0x00,0x00,0x00,0x00,0x00,0x00,0x00,0x00,0x00,
  0x00,0x00,0x00,0x00,0x00,0x00,0x00,0x00,0x00,0x00,0x00,0x00,0x00,0x00,0x00,0x00,0x00,0x00,0x00,0x00,
  0x00,0x00,0x00,0x07,0xFE,0xED,0x00,0x00,0x87,0x02,0xD0,0x00,0x08,0x60,0x2D,0x00,0x00,0x96,0x02,0xD0,
  0x00,0x0A,0x40,0x2D,0x00,0x00,0xD2,0x02,0xD0,0x00,0xD9,0x00,0x2D,0x00,0x00,0x00,0x00,0x00,0x00,0x00,
  0x00,0x00,0x00,0x00,0x00,0x00,0x00,0x00,0x00,0x00,0x00,0x00,0x00,0x00,0x00,0x00,0x00,0x00,0x00,0x00,
  0x00,0x00,0x00,0x00,0x00,0x00,0x00,0x00,0x00,0x00,0x00,0x00,0x00,0x00,0x00,0x00,0x00,0x00,0x00,0x00,
  0x4F,0x60,0x00,0xAF,0x00,0x04,0xEC,0x00,0x2D,0xF0,0x00,0x4B,0xD3,0x07,0x8F,0x00,0x04,0xB7,0x90,0xD3,
  0xF0,0x00,0x4B,0x1E,0x4C,0x0F,0x00,0x04,0xB0,0xAD,0x60,0xF0,0x00,0x4B,0x04,0xE1,0x0F,0x00,0x00,0x00,
  0x00,0x00,0x00,0x00,0x00,0x00,0x00,0x00,0x00,0x00,0x00,0x00,0x00,0x00,0x00,0x00,0x00,0x00,0x00,0x00,
  0x00,0x00,0x00,0x00,0x00,0x00,0x00,0x00,0x00,0x00,0x00,0x00,0x00,0x00,0x00,0x00,0x00,0x00,0x00,0x00,
  0x00,0x00,0x00,0x4B,0x00,0x2D,0x00,0x04,0xB0,0x02,0xD0,0x00,0x4B,0x00,0x2D,0x00,0x04,0xFE,0xEE,0xD0,
  0x00,0x4B,0x00,0x2D,0x00,0x04,0xB0,0x02,0xD0,0x00,0x4B,0x00,0x2D,0x00,0x00,0x00,0x00,0x00,0x00,0x00,
  0x00,0x00,0x00,0x00,0x00,0x00,0x00,0x00,0x00,0x00,0x00,0x00,0x00,0x00,0x00,0x00,0x00,0x00,0x00,0x00,
  0x00,0x00,0x00,0x00,0x00,0x00,0x00,0x00,0x00,0x00,0x00,0x00,0x00,0x00,0x00,0x04,0xCE,0xA1,0x00,0x02,
  0xE3,0x08,0xA0,0x00,0x79,0x00,0x0E,0x00,0x08,0x70,0x00,0xD2,0x00,0x78,0x00,0x0E,0x00,0x02,0xD2,0x08,
  0xA0,0x00,0x04,0xCD,0xA1,0x00,0x00,0x00,0x00,0x00,0x00,0x00,0x00,0x00,0x00,0x00,0x00,0x00,0x00,0x00,
  0x00,0x00,0x00,0x00,0x00,0x00,0x00,0x00,0x00,0x00,0x00,0x00,0x00,0x00,0x00,0x00,0x00,0x00,0x00,0x00,
  0x00,0x00,0x00,0x00,0x00,0x00,0x00,0x4F,0xEE,0xED,0x00,0x04,0xB0,0x02,0xD0,0x00,0x4B,0x00,0x2D,0x00,
  0x04,0xB0,0x02,0xD0,0x00,0x4B,0x00,0x2D,0x00,0x04,0xB0,0x02,0xD0,0x00,0x4B,0x00,0x2D,0x00,0x00,0x00,
  0x00,0x00,0x00,0x00,0x00,0x00,0x00,0x00,0x00,0x00,0x00,0x00,0x00,0x00,0x00,0x00,0x00,0x00,0x00,0x00,
  0x00,0x00,0x00,0x00,0x00,0x00,0x00,0x00,0x00,0x00,0x00,0x00,0x00,0x00,0x00,0x00,0x00,0x00,0x00,0x4B,
  0x9D,0xC3,0x00,0x04,0xF5,0x05,0xD0,0x00,0x4C,0x00,0x0C,0x30,0x04,0xA0,0x00,0xA5,0x00,0x4C,0x00,0x0C,
  0x30,0x04,0xF5,0x05,0xD0,0x00,0x4B,0x9D,0xC3,0x00,0x04,0xB0,0x00,0x00,0x00,0x4B,0x00,0x00,0x00,0x01,
  0x40,0x00,0x00,0x00,0x00,0x00,0x00,0x00,0x00,0x00,0x00,0x00,0x00,0x00,0x00,0x00,0x00,0x00,0x00,0x00,
  0x00,0x00,0x00,0x00,0x00,0x00,0x00,0x00,0x00,0x4C,0xEA,0x10,0x02,0xE3,0x19,0x90,0x07,0x90,0x01,0x40,
  0x08,0x70,0x00,0x00,0x07,0x80,0x01,0x40,0x02,0xD2,0x09,0x90,0x00,0x4C,0xEA,0x10,0x00,0x00,0x00,0x00,
  0x00,0x00,0x00,0x00,0x00,0x00,0x00,0x00,0x00,0x00,0x00,0x00,0x00,0x00,0x00,0x00,0x00,0x00,0x00,0x00,
  0x00,0x00,0x00,0x00,0x00,0x00,0x00,0x00,0x00,0x00,0xDE,0xFE,0xE5,0x00,0x0B,0x30,0x00,0x00,0xB3,0x00,
  0x00,0x0B,0x30,0x00,0x00,0xB3,0x00,0x00,0x0B,0x30,0x00,0x00,0xB3,0x00,0x00,0x00,0x00,0x00,0x00,0x00,
  0x00,0x00,0x00,0x00,0x00,0x00,0x00,0x00,0x00,0x00,0x00,0x00,0x00,0x00,0x00,0x00,0x00,0x00,0x00,0x00,
  0x00,0x00,0x00,0x00,0x00,0x00,0x00,0x00,0x0A,0x60,0x04,0xC0,0x05,0xB0,0x09,0x70,0x01,0xE1,0x0D,0x20,
  0x00,0xA6,0x3C,0x00,0x00,0x5A,0x87,0x00,0x00,0x0E,0xD2,0x00,0x00,0x0A,0xC0,0x00,0x00,0x09,0x70,0x00,
  0x00,0x1D,0x20,0x00,0x03,0xC5,0x00,0x00,0x00,0x00,0x00,0x00,0x00,0x00,0x00,0x00,0x00,0x00,0x00,0x00,
  0x00,0x00,0x00,0x00,0x00,0x00,0x00,0x00,0x00,0x96,0x00,0x00,0x00,0x00,0x96,0x00,0x00,0x00,0x4C,0xEE,
  0xB2,0x00,0x01,0xE3,0x96,0x6C,0x00,0x06,0x90,0x96,0x0D,0x30,0x08,0x70,0x96,0x0B,0x50,0x06,0x90,0x96,
  0x0D,0x30,0x01,0xD3,0x96,0x6C,0x00,0x00,0x4C,0xEE,0xB2,0x00,0x00,0x00,0x96,0x00,0x00,0x00,0x00,0x96,
  0x00,0x00,0x00,0x00,0x32,0x00,0x00,0x00,0x00,0x00,0x00,0x00,0x00,0x00,0x00,0x00,0x00,0x00,0x00,0x00,
  0x00,0x00,0x00,0x00,0x00,0x00,0x00,0x00,0x00,0x00,0x00,0x00,0x06,0xB0,0x0A,0x70,0x00,0xB6,0x4C,0x00,
  0x00,0x2D,0xD3,0x00,0x00,0x0A,0xC0,0x00,0x00,0x3D,0xC5,0x00,0x00,0xC4,0x3D,0x10,0x08,0xA0,0x09,0x90,
  0x00,0x00,0x00,0x00,0x00,0x00,0x00,0x00,0x00,0x00,0x00,0x00,0x00,0x00,0x00,0x00,0x00,0x00,0x00,0x00,
  0x00,0x00,0x00,0x00,0x00,0x00,0x00,0x00,0x00,0x00,0x00,0x00,0x00,0x00,0x00,0x00,0x00,0x00,0x00,0x4B,
  0x00,0x2D,0x00,0x04,0xB0,0x02,0xD0,0x00,0x4B,0x00,0x2D,0x00,0x04,0xB0,0x02,0xD0,0x00,0x4B,0x00,0x2D,
  0x00,0x04,0xB0,0x02,0xD0,0x00,0x4F,0xEE,0xEF,0x90,0x00,0x00,0x00,0x5A,0x00,0x00,0x00,0x04,0x90,0x00,
  0x00,0x00,0x00,0x00,0x00,0x00,0x00,0x00,0x00,0x00,0x00,0x00,0x00,0x00,0x00,0x00,0x00,0x00,0x00,0x00,
  0x00,0x00,0x00,0x00,0x00,0x00,0x00,0x00,0x04,0xB0,0x03,0xB0,0x04,0xB0,0x03,0xB0,0x03,0xC0,0x03,0xB0,
  0x01,0xE5,0x16,0xB0,0x00,0x5C,0xDD,0xB0,0x00,0x00,0x03,0xB0,0x00,0x00,0x03,0xB0,0x00,0x00,0x00,0x00,
  0x00,0x00,0x00,0x00,0x00,0x00,0x00,0x00,0x00,0x00,0x00,0x00,0x00,0x00,0x00,0x00,0x00,0x00,0x00,0x00,
  0x00,0x00,0x00,0x00,0x00,0x00,0x00,0x00,0x00,0x00,0x00,0x00,0x00,0x00,0x00,0x00,0x00,0x00,0x00,0x00,
  0x4B,0x00,0xC3,0x05,0xA0,0x04,0xB0,0x0C,0x30,0x5A,0x00,0x4B,0x00,0xC3,0x05,0xA0,0x04,0xB0,0x0C,0x30,
  0x5A,0x00,0x4B,0x00,0xC3,0x05,0xA0,0x04,0xB0,0x0C,0x30,0x5A,0x00,0x4F,0xEE,0xFE,0xEE,0xA0,0x00,0x00,
  0x00,0x00,0x00,0x00,0x00,0x00,0x00,0x00,0x00,0x00,0x00,0x00,0x00,0x00,0x00,0x00,0x00,0x00,0x00,0x00,
  0x00,0x00,0x00,0x00,0x00,0x00,0x00,0x00,0x00,0x00,0x00,0x00,0x00,0x00,0x00,0x00,0x00,0x00,0x00,0x00,
  0x00,0x00,0x00,0x00,0x00,0x00,0x00,0x00,0x00,0x00,0x04,0xB0,0x0C,0x30,0x5A,0x00,0x04,0xB0,0x0C,0x30,
  0x5A,0x00,0x04,0xB0,0x0C,0x30,0x5A,0x00,0x04,0xB0,0x0C,0x30,0x5A,0x00,0x04,0xB0,0x0C,0x30,0x5A,0x00,
  0x04,0xB0,0x0C,0x30,0x5A,0x00,0x04,0xFE,0xEF,0xEE,0xEF,0x70,0x00,0x00,0x00,0x00,0x08,0x70,0x00,0x00,
  0x00,0x00,0x07,0x60,0x00,0x00,0x00,0x00,0x00,0x00,0x00,0x00,0x00,0x00,0x00,0x00,0x00,0x00,0x00,0x00,
  0x00,0x00,0x00,0x00,0x00,0x00,0x00,0x00,0x00,0x00,0x00,0x00,0x00,0x00,0x00,0x00,0x00,0x00,0x00,0xCD,
  0xE0,0x00,0x00,0x00,0x1E,0x00,0x00,0x00,0x01,0xFE,0xEC,0x30,0x00,0x1E,0x00,0x7C,0x00,0x01,0xE0,0x01,
  0xF0,0x00,0x1E,0x00,0x6C,0x00,0x01,0xFE,0xED,0x30,0x00,0x00,0x00,0x00,0x00,0x00,0x00,0x00,0x00,0x00,
  0x00,0x00,0x00,0x00,0x00,0x00,0x00,0x00,0x00,0x00,0x00,0x00,0x00,0x00,0x00,0x00,0x00,0x00,0x00,0x00,
  0x00,0x00,0x00,0x00,0x00,0x00,0x00,0x00,0x00,0x00,0x00,0x00,0x00,0x04,0xB0,0x00,0x08,0x70,0x04,0xB0,
  0x00,0x08,0x70,0x04,0xFE,0xEB,0x28,0x70,0x04,0xB0,0x19,0xA8,0x70,0x04,0xB0,0x04,0xC8,0x70,0x04,0xB0,
  0x09,0xA8,0x70,0x04,0xFE,0xEC,0x28,0x70,0x00,0x00,0x00,0x00,0x00,0x00,0x00,0x00,0x00,0x00,0x00,0x00,
  0x00,0x00,0x00,0x00,0x00,0x00,0x00,0x00,0x00,0x00,0x00,0x00,0x00,0x00,0x00,0x00,0x00,0x00,0x00,0x00,
  0x00,0x00,0x00,0x00,0x00,0x00,0x00,0x00,0x04,0xB0,0x00,0x00,0x04,0xB0,0x00,0x00,0x04,0xFE,0xEB,0x20,
  0x04,0xB0,0x19,0xA0,0x04,0xB0,0x04,0xC0,0x04,0xB0,0x09,0xA0,0x04,0xFE,0xEC,0x20,0x00,0x00,0x00,0x00,
  0x00,0x00,0x00,0x00,0x00,0x00,0x00,0x00,0x00,0x00,0x00,0x00,0x00,0x00,0x00,0x00,0x00,0x00,0x00,0x00,
  0x00,0x00,0x00,0x00,0x00,0x00,0x00,0x00,0x00,0x00,0x00,0x00,0x00,0x8E,0xD7,0x00,0x05,0xC1,0x1C,0x50,
  0x03,0x20,0x06,0xA0,0x00,0x0E,0xEE,0xC0,0x03,0x20,0x06,0xA0,0x05,0xC1,0x1C,0x50,0x00,0x8E,0xD7,0x00,
  0x00,0x00,0x00,0x00,0x00,0x00,0x00,0x00,0x00,0x00,0x00,0x00,0x00,0x00,0x00,0x00,0x00,0x00,0x00,0x00,
  0x00,0x00,0x00,0x00,0x00,0x00,0x00,0x00,0x00,0x00,0x00,0x00,0x00,0x00,0x00,0x00,0x00,0x00,0x00,0x00,
  0x00,0x00,0x00,0x00,0x4B,0x00,0x6D,0xD8,0x00,0x04,0xB0,0x4D,0x10,0xA7,0x00,0x4B,0x09,0x60,0x03,0xD0,
  0x04,0xFE,0xF4,0x00,0x1E,0x00,0x4B,0x09,0x60,0x03,0xD0,0x04,0xB0,0x4D,0x10,0xA7,0x00,0x4B,0x00,0x6D,
  0xD8,0x00,0x00,0x00,0x00,0x00,0x00,0x00,0x00,0x00,0x00,0x00,0x00,0x00,0x00,0x00,0x00,0x00,0x00,0x00,
  0x00,0x00,0x00,0x00,0x00,0x00,0x00,0x00,0x00,0x00,0x00,0x00,0x00,0x00,0x00,0x00,0x00,0x00,0x00,0x00,
  0x00,0x00,0x00,0x00,0x01,0xBE,0xDE,0x80,0x07,0xA0,0x07,0x80,0x07,0x90,0x07,0x80,0x01,0xBE,0xDE,0x80,
  0x00,0x98,0x07,0x80,0x02,0xE1,0x07,0x80,0x09,0x80,0x07,0x80,0x00,0x00,0x00,0x00,0x00,0x00,0x00,0x00,
  0x00,0x00,0x00,0x00,0x00,0x00,0x00,0x00,0x00,0x00,0x00,0x00,0x00,0x00,0x00,0x00,0x00,0x00,0x00,0x00,
  0x00,0x88,0x2D,0x10,0x00,0x22,0x04,0x00,0x00,0x4C,0xD9,0x00,0x01,0xD2,0x09,0x80,0x06,0x90,0x02,0xD0,
  0x08,0xED,0xDD,0xD0,0x07,0x90,0x00,0x10,0x02,0xE2,0x08,0xA0,0x00,0x5D,0xEB,0x10,0x00,0x00,0x00,0x00,
  0x00,0x00,0x00,0x00,0x00,0x00,0x00,0x00,0x00,0x00,0x00,0x00,0x00,0x00,0x00,0x00,0x00,0x00,0x00,0x00,
  0x00,0x00,0x00,0x00,0x00,0x00,0x00,0x00,0x00,0x00,0x00,0x00,0x00,0x00,0x00,0x00,0x00,0x00,0x00,0x00,
  0x00,0x00,0x00,0x00,0x00,0x00,0x00,0x00,0x00,0x00,0x00,0x00,0x00,0x00,0x00,0x00,0x00,0x00,0x00,0x00,
  0x00,0x00,0x00,0x00,0x00,0x00,0x00,0x00,0x0E,0xEE,0xEE,0xEE,0xEE,0xEE,0xE0,0x00,0x00,0x00,0x00,0x00,
  0x00,0x00,0x00,0x00,0x00,0x00,0x00,0x00,0x00,0x00,0x00,0x00,0x00,0x00,0x00,0x00,0x00,0x00,0x00,0x00,
  0x00,0x00,0x00,0x00,0x00,0x00,0x00,0x00,0x00,0x00,0x00,0x00,0x00,0x00,0x00,0x00,0x00,0x00,0x00,0x00,
  0x00,0x00,0x00,0x00,0x00,0x00,0x00,0x00,0x00,0x00,0x00,0x00,0x00,0x00,0x00,0x00,0x00,0x00,0x00,0x00,
  0x00,0x00,0x00,0x00,0x00,0x00,0x00,0x00,0x00,0x00,0x00,0x00,0x00,0x4D,0xD4,0x00,0x00,0xCF,0xFC,0x00,
  0x00,0xBF,0xFB,0x00,0x00,0x2A,0xA2,0x00,0x00,0x00,0x00,0x00,0x00,0x00,0x00,0x00,0x00,0x00,0x00,0x00,
  0x00,0x00,0x00,0x00,0x00,0x00,0x00,0x00,0x00,0x00,0x00,0x00,0x00,0x00,0x00,0x00,0x00,0x00,0x00,0x00,
  0x00,0x00,0x00,0x00,0x00,0x00,0x00,0x00,0x00,0x00,0x00,0x2F,0x20,0x02,0xE0,0x7E,0xD4,0x00,0x02,0xFA,
  0x00,0x2E,0x1E,0x15,0xC0,0x00,0x2E,0xD3,0x02,0xE2,0xD0,0x2D,0x00,0x02,0xE5,0xB0,0x2E,0x1E,0x37,0xB0,
  0x00,0x2E,0x0B,0x42,0xE0,0x5C,0xB2,0x00,0x02,0xE0,0x2C,0x2E,0x00,0x00,0x00,0x00,0x2E,0x00,0x87,0xE0,
  0xDD,0xDA,0x00,0x02,0xE0,0x01,0xDE,0x00,0x00,0x00,0x00,0x2E,0x00,0x06,0xE0,0x00,0x00,0x00,0x00,0x00,
  0x00,0x00,0x00,0x00,0x00,0x00,0x00,0x00,0x00,0x00,0x00,0x00,0x00,0x00,0x00,0x00,0x00,0x00,0x00,0x00,
  0x00,0x00,0x00,0x00,0x00,0x00,0x00,0x00,
};

static const UiGlyph small_glyphs[] PROGMEM = {
  {32, 0, 5, 16, 3},
  {33, 40, 5, 16, 3},
  {34, 80, 7, 16, 5},
  {35, 136, 9, 16, 7},
  {36, 208, 9, 16, 7},
  {37, 280, 12, 16, 10},
  {38, 376, 9, 16, 7},
  {39, 448, 5, 16, 3},
  {40, 488, 6, 16, 4},
  {41, 536, 6, 16, 4},
  {42, 584, 8, 16, 6},
  {43, 648, 10, 16, 8},
  {44, 728, 5, 16, 3},
  {45, 768, 7, 16, 5},
  {46, 824, 5, 16, 3},
  {47, 864, 6, 16, 4},
  {48, 912, 9, 16, 7},
  {49, 984, 6, 16, 4},
  {50, 1032, 9, 16, 7},
  {51, 1104, 9, 16, 7},
  {52, 1176, 9, 16, 7},
  {53, 1248, 9, 16, 7},
  {54, 1320, 9, 16, 7},
  {55, 1392, 8, 16, 6},
  {56, 1456, 9, 16, 7},
  {57, 1528, 9, 16, 7},
  {58, 1600, 5, 16, 3},
  {59, 1640, 5, 16, 3},
  {60, 1680, 10, 16, 8},
  {61, 1760, 10, 16, 8},
  {62, 1840, 10, 16, 8},
  {63, 1920, 8, 16, 6},
  {64, 1984, 14, 16, 12},
  {65, 2096, 10, 16, 8},
  {66, 2176, 10, 16, 8},
  {67, 2256, 11, 16, 9},
  {68, 2344, 10, 16, 8},
  {69, 2424, 9, 16, 7},
  {70, 2496, 9, 16, 7},
  {71, 2568, 11, 16, 9},
  {72, 2656, 10, 16, 8},
  {73, 2736, 5, 16, 3},
  {74, 2776, 8, 16, 6},
  {75, 2840, 10, 16, 8},
  {76, 2920, 8, 16, 6},
  {77, 2984, 12, 16, 10},
  {78, 3080, 11, 16, 9},
  {79, 3168, 11, 16, 9},
  {80, 3256, 9, 16, 7},
  {81, 3328, 11, 16, 9},
  {82, 3416, 10, 16, 8},
  {83, 3496, 9, 16, 7},
  {84, 3568, 9, 16, 7},
  {85, 3640, 10, 16, 8},
  {86, 3720, 10, 16, 8},
  {87, 3800, 13, 16, 11},
  {88, 3904, 10, 16, 8},
  {89, 3984, 10, 16, 8},
  {90, 4064, 9, 16, 7},
  {91, 4136, 6, 16, 4},
  {92, 4184, 6, 16, 4},
  {93, 4232, 6, 16, 4},
  {94, 4280, 7, 16, 5},
  {95, 4336, 7, 16, 5},
  {96, 4392, 5, 16, 3},
  {97, 4432, 8, 16, 6},
  {98, 4496, 9, 16, 7},
  {99, 4568, 8, 16, 6},
  {100, 4632, 9, 16, 7},
  {101, 4704, 8, 16, 6},
  {102, 4768, 6, 16, 4},
  {103, 4816, 9, 16, 7},
  {104, 4888, 9, 16, 7},
  {105, 4960, 4, 16, 2},
  {106, 4992, 4, 16, 2},
  {107, 5024, 8, 16, 6},
  {108, 5088, 4, 16, 2},
  {109, 5120, 12, 16, 10},
  {110, 5216, 9, 16, 7},
  {111, 5288, 9, 16, 7},
  {112, 5360, 9, 16, 7},
  {113, 5432, 9, 16, 7},
  {114, 5504, 6, 16, 4},
  {115, 5552, 8, 16, 6},
  {116, 5616, 6, 16, 4},
  {117, 5664, 9, 16, 7},
  {118, 5736, 8, 16, 6},
  {119, 5800, 11, 16, 9},
  {120, 5888, 8, 16, 6},
  {121, 5952, 8, 16, 6},
  {122, 6016, 8, 16, 6},
  {123, 6080, 7, 16, 5},
  {124, 6136, 6, 16, 4},
  {125, 6184, 7, 16, 5},
  {126, 6240, 10, 16, 8},
  {1025, 6320, 9, 16, 7},
  {1040, 6392, 10, 16, 8},
  {1041, 6472, 9, 16, 7},
  {1042, 6544, 10, 16, 8},
  {1043, 6624, 8, 16, 6},
  {1044, 6688, 11, 16, 9},
  {1045, 6776, 9, 16, 7},
  {1046, 6848, 13, 16, 11},
  {1047, 6952, 9, 16, 7},
  {1048, 7024, 11, 16, 9},
  {1049, 7112, 11, 16, 9},
  {1050, 7200, 10, 16, 8},
  {1051, 7280, 10, 16, 8},
  {1052, 7360, 12, 16, 10},
  {1053, 7456, 10, 16, 8},
  {1054, 7536, 11, 16, 9},
  {1055, 7624, 10, 16, 8},
  {1056, 7704, 9, 16, 7},
  {1057, 7776, 11, 16, 9},
  {1058, 7864, 9, 16, 7},
  {1059, 7936, 9, 16, 7},
  {1060, 8008, 12, 16, 10},
  {1061, 8104, 10, 16, 8},
  {1062, 8184, 10, 16, 8},
  {1063, 8264, 10, 16, 8},
  {1064, 8344, 13, 16, 11},
  {1065, 8448, 13, 16, 11},
  {1066, 8552, 11, 16, 9},
  {1067, 8640, 12, 16, 10},
  {1068, 8736, 9, 16, 7},
  {1069, 8808, 11, 16, 9},
  {1070, 8896, 14, 16, 12},
  {1071, 9008, 10, 16, 8},
  {1072, 9088, 8, 16, 6},
  {1073, 9152, 9, 16, 7},
  {1074, 9224, 8, 16, 6},
  {1075, 9288, 7, 16, 5},
  {1076, 9344, 9, 16, 7},
  {1077, 9416, 8, 16, 6},
  {1078, 9480, 11, 16, 9},
  {1079, 9568, 8, 16, 6},
  {1080, 9632, 9, 16, 7},
  {1081, 9704, 9, 16, 7},
  {1082, 9776, 8, 16, 6},
  {1083, 9840, 9, 16, 7},
  {1084, 9912, 11, 16, 9},
  {1085, 10000, 9, 16, 7},
  {1086, 10072, 9, 16, 7},
  {1087, 10144, 9, 16, 7},
  {1088, 10216, 9, 16, 7},
  {1089, 10288, 8, 16, 6},
  {1090, 10352, 7, 16, 5},
  {1091, 10408, 8, 16, 6},
  {1092, 10472, 10, 16, 8},
  {1093, 10552, 8, 16, 6},
  {1094, 10616, 9, 16, 7},
  {1095, 10688, 8, 16, 6},
  {1096, 10752, 11, 16, 9},
  {1097, 10840, 12, 16, 10},
  {1098, 10936, 9, 16, 7},
  {1099, 11008, 10, 16, 8},
  {1100, 11088, 8, 16, 6},
  {1101, 11152, 8, 16, 6},
  {1102, 11216, 11, 16, 9},
  {1103, 11304, 8, 16, 6},
  {1105, 11368, 8, 16, 6},
  {8212, 11432, 14, 16, 12},
  {8226, 11544, 8, 16, 6},
  {8470, 11608, 15, 16, 13},
};

const UiFont UI_FONT_SMALL = {small_bitmap, small_glyphs, 164, 16};

static const uint8_t header_bitmap[] PROGMEM = {
  0x00,0x00,0x00,0x00,0x00,0x00,0x00,0x00,0x00,0x00,0x00,0x00,0x00,0x00,0x00,0x00,0x00,0x00,0x00,0x00,
  0x00,0x00,0x00,0x00,0x00,0x00,0x00,0x00,0x00,0x00,0x00,0x00,0x00,0x00,0x00,0x00,0x00,0x00,0x00,0x00,
  0x00,0x00,0x00,0x00,0x00,0x00,0x00,0x00,0x00,0x00,0x00,0x00,0x00,0x00,0x00,0x00,0x00,0x00,0x00,0x00,
  0x00,0x00,0x00,0x00,0x00,0x00,0x00,0x00,0x00,0x00,0x00,0x00,0x00,0x00,0x00,0x02,0xFE,0x00,0x02,0xFE,
  0x00,0x02,0xFE,0x00,0x01,0xFD,0x00,0x01,0xFD,0x00,0x01,0xFD,0x00,0x00,0xFC,0x00,0x00,0xFC,0x00,0x00,
  0x76,0x00,0x00,0x43,0x00,0x03,0xFE,0x00,0x01,0xCA,0x00,0x00,0x00,0x00,0x00,0x00,0x00,0x00,0x00,0x00,
  0x00,0x00,0x00,0x00,0x00,0x00,0x00,0x00,0x00,0x00,0x00,0x00,0x00,0x00,0x00,0x00,0x00,0x00,0x00,0x00,
  0x00,0x00,0x00,0x00,0x00,0xCF,0x0D,0xE0,0x00,0x0B,0xE0,0xCE,0x00,0x00,0xAE,0x0B,0xD0,0x00,0x09,0xD0,
  0xAC,0x00,0x00,0x23,0x02,0x30,0x00,0x00,0x00,0x00,0x00,0x00,0x00,0x00,0x00,0x00,0x00,0x00,0x00,0x00,
  0x00,0x00,0x00,0x00,0x00,0x00,0x00,0x00,0x00,0x00,0x00,0x00,0x00,0x00,0x00,0x00,0x00,0x00,0x00,0x00,
  0x00,0x00,0x00,0x00,0x00,0x00,0x00,0x00,0x00,0x00,0x00,0x00,0x00,0x00,0x00,0x00,0x00,0x00,0x00,0x00,
  0x00,0x00,0x00,0x00,0x00,0x00,0x00,0x00,0x00,0x00,0x00,0x00,0x00,0x00,0x00,0x00,0x00,0x00,0x00,0x00,
  0x00,0x00,0x00,0x00,0x00,0x00,0x00,0xF8,0x00,0xE9,0x00,0x00,0x03,0xF5,0x01,0xF7,0x00,0x00,0x05,0xF3,
  0x04,0xF4,0x00,0x02,0xFF,0xFF,0xFF,0xFF,0xB0,0x02,0x8D,0xE8,0x8D,0xF8,0x50,0x00,0x0C,0xB0,0x0B,0xC0,
  0x00,0x00,0x0E,0x90,0x0D,0xA0,0x00,0x07,0x9F,0xC8,0x8F,0xC8,0x10,0x0E,0xFF,0xFF,0xFF,0xFF,0x00,0x00,
  0x6F,0x20,0x5F,0x30,0x00,0x00,0x9E,0x00,0x8F,0x10,0x00,0x00,0xBC,0x00,0xAD,0x00,0x00,0x00,0x00,0x00,
  0x00,0x00,0x00,0x00,0x00,0x00,0x00,0x00,0x00,0x00,0x00,0x00,0x00,0x00,0x00,0x00,0x00,0x00,0x00,0x00,
  0x00,0x00,0x00,0x00,0x00,0x00,0x00,0x00,0x00,0x00,0x00,0x00,0x00,0x00,0x00,0x00,0x00,0x00,0x00,0x00,
  0x00,0x05,0x70,0x00,0x00,0x00,0x00,0x08,0xD0,0x00,0x00,0x00,0x05,0xCF,0xFC,0x70,0x00,0x00,0x7F,0xFE,
  0xFF,0xF9,0x00,0x00,0xFF,0x58,0xD3,0xFF,0x20,0x02,0xFE,0x08,0xD0,0x7A,0x30,0x00,0xEF,0xAA,0xD0,0x00,
  0x00,0x00,0x5E,0xFF,0xFA,0x50,0x00,0x00,0x01,0x7D,0xFF,0xFC,0x10,0x00,0x00,0x08,0xD4,0xEF,0x70,0x05,
  0xEB,0x08,0xD0,0x8F,0x90,0x02,0xFF,0x48,0xD1,0xCF,0x70,0x00,0x9F,0xFE,0xFE,0xFD,0x10,0x00,0x06,0xCF,
  0xFD,0x91,0x00,0x00,0x00,0x08,0xD0,0x00,0x00,0x00,0x00,0x05,0x70,0x00,0x00,0x00,0x00,0x00,0x00,0x00,
  0x00,0x00,0x00,0x00,0x00,0x00,0x00,0x00,0x00,0x00,0x00,0x00,0x00,0x00,0x00,0x00,0x00,0x00,0x00,0x00,
  0x00,0x00,0x00,0x00,0x00,0x00,0x00,0x00,0x00,0x00,0x00,0x00,0x00,0x00,0x00,0x00,0x00,0x00,0x00,0x00,
  0x00,0x00,0x00,0x00,0x00,0x00,0x1B,0xEC,0x30,0x00,0x1D,0xA0,0x00,0x00,0xAE,0x6C,0xD0,0x00,0x8E,0x10,
  0x00,0x00,0xE9,0x06,0xF2,0x04,0xF5,0x00,0x00,0x00,0xE9,0x06,0xF2,0x1D,0xA0,0x00,0x00,0x00,0xAE,0x6C,
  0xD0,0x8E,0x10,0x00,0x00,0x00,0x1B,0xEC,0x34,0xF5,0x00,0x00,0x00,0x00,0x00,0x00,0x1D,0xA0,0x03,0x20,
  0x00,0x00,0x00,0x00,0x8E,0x11,0xCF,0xFA,0x00,0x00,0x00,0x04,0xF5,0x08,0xF3,0x6F,0x50,0x00,0x00,0x1D,
  0xA0,0x0A,0xD0,0x1F,0x70,0x00,0x00,0x8E,0x10,0x07,0xF7,0x9F,0x30,0x00,0x04,0xF5,0x00,0x00,0x9E,0xD6,
  0x00,0x00,0x00,0x00,0x00,0x00,0x00,0x00,0x00,0x00,0x00,0x00,0x00,0x00,0x00,0x00,0x00,0x00,0x00,0x00,
  0x00,0x00,0x00,0x00,0x00,0x00,0x00,0x00,0x00,0x00,0x00,0x00,0x00,0x00,0x00,0x00,0x00,0x00,0x00,0x00,
  0x00,0x00,0x00,0x00,0x00,0x00,0x00,0x00,0x00,0x00,0x00,0x00,0x00,0x00,0x00,0x00,0x00,0x00,0x00,0x00,
  0x00,0x00,0x00,0x00,0x00,0x00,0x05,0xCE,0xC4,0x00,0x00,0x00,0x3F,0xEB,0xEF,0x20,0x00,0x00,0x7F,0x60,
  0x6F,0x60,0x00,0x00,0x6F,0x60,0x9F,0x30,0x00,0x00,0x2E,0xEA,0xFA,0x00,0x00,0x00,0x08,0xFF,0xA0,0x00,
  0x00,0x00,0x6F,0xFF,0x90,0x28,0x40,0x03,0xFE,0x3B,0xF7,0x7F,0x60,0x07,0xF8,0x01,0xCF,0xDF,0x30,0x05,
  0xFB,0x00,0x2E,0xFB,0x00,0x01,0xDF,0xEA,0xDF,0xFD,0x10,0x00,0x29,0xDE,0xC6,0x5F,0xC0,0x00,0x00,0x00,
  0x00,0x00,0x00,0x00,0x00,0x00,0x00,0x00,0x00,0x00,0x00,0x00,0x00,0x00,0x00,0x00,0x00,0x00,0x00,0x00,
  0x00,0x00,0x00,0x00,0x00,0x00,0x00,0x00,0x00,0x00,0x00,0x00,0x00,0x00,0x00,0x00,0x00,0x00,0x00,0x00,
  0xCF,0x00,0x00,0xBE,0x00,0x00,0xAE,0x00,0x00,0x9D,0x00,0x00,0x23,0x00,0x00,0x00,0x00,0x00,0x00,0x00,
  0x00,0x00,0x00,0x00,0x00,0x00,0x00,0x00,0x00,0x00,0x00,0x00,0x00,0x00,0x00,0x00,0x00,0x00,0x00,0x00,
  0x00,0x00,0x00,0x00,0x00,0x00,0x00,0x00,0x00,0x00,0x00,0x00,0x00,0x00,0x00,0x00,0x00,0x00,0x00,0x00,
  0x00,0x00,0x00,0x00,0x00,0x06,0xF9,0x00,0x00,0xDF,0x30,0x00,0x3F,0xD0,0x00,0x07,0xF8,0x00,0x00,0xAF,
  0x60,0x00,0x0D,0xF4,0x00,0x00,0xEF,0x20,0x00,0x0F,0xF0,0x00,0x00,0xDF,0x20,0x00,0x0B,0xF4,0x00,0x00,
  0x9F,0x60,0x00,0x06,0xFA,0x00,0x00,0x1E,0xE1,0x00,0x00,0x9F,0x60,0x00,0x02,0x85,0x00,0x00,0x00,0x00,
  0x00,0x00,0x00,0x00,0x00,0x00,0x00,0x00,0x00,0x00,0x00,0x00,0x00,0x00,0x00,0x00,0x00,0x00,0x07,0xF7,
  0x00,0x00,0x2F,0xE0,0x00,0x00,0xCF,0x40,0x00,0x07,0xF9,0x00,0x00,0x4F,0xC0,0x00,0x02,0xFE,0x00,0x00,
  0x0F,0xF0,0x00,0x00,0xEF,0x10,0x00,0x0F,0xF0,0x00,0x02,0xFD,0x00,0x00,0x4F,0xB0,0x00,0x08,0xF8,0x00,
  0x00,0xDF,0x20,0x00,0x4F,0xA0,0x00,0x04,0x83,0x00,0x00,0x00,0x00,0x00,0x00,0x00,0x00,0x00,0x00,0x00,
  0x00,0x00,0x00,0x00,0x00,0x00,0x00,0x00,0x00,0x00,0x00,0x00,0x00,0x00,0x00,0x00,0x00,0x00,0x00,0x00,
  0x8B,0x00,0x00,0x00,0xA7,0x8A,0x6C,0x10,0x00,0x5C,0xFF,0xD6,0x00,0x00,0x4B,0xFF,0xD5,0x00,0x00,0xCA,
  0x8B,0x8E,0x10,0x00,0x10,0x8B,0x01,0x00,0x00,0x00,0x23,0x00,0x00,0x00,0x00,0x00,0x00,0x00,0x00,0x00,
  0x00,0x00,0x00,0x00,0x00,0x00,0x00,0x00,0x00,0x00,0x00,0x00,0x00,0x00,0x00,0x00,0x00,0x00,0x00,0x00,
  0x00,0x00,0x00,0x00,0x00,0x00,0x00,0x00,0x00,0x00,0x00,0x00,0x00,0x00,0x00,0x00,0x00,0x00,0x00,0x00,
  0x00,0x00,0x00,0x00,0x00,0x00,0x00,0x00,0x00,0x00,0x00,0x00,0x00,0x00,0x00,0x00,0x00,0x00,0x00,0x00,
  0x00,0x00,0x00,0x00,0x00,0x00,0x00,0x00,0x00,0x00,0x00,0x00,0x00,0x00,0x00,0x00,0x00,0x00,0x00,0x00,
  0x00,0x00,0x00,0x00,0x00,0x00,0x00,0x0B,0xF0,0x00,0x00,0x00,0x00,0x0B,0xF0,0x00,0x00,0x00,0x00,0x0B,
  0xF0,0x00,0x00,0x00,0x7A,0xAD,0xFA,0xAA,0x10,0x00,0xBF,0xFF,0xFF,0xFF,0x10,0x00,0x00,0x0B,0xF0,0x00,
  0x00,0x00,0x00,0x0B,0xF0,0x00,0x00,0x00,0x00,0x0B,0xF0,0x00,0x00,0x00,0x00,0x01,0x10,0x00,0x00,0x00,
  0x00,0x00,0x00,0x00,0x00,0x00,0x00,0x00,0x00,0x00,0x00,0x00,0x00,0x00,0x00,0x00,0x00,0x00,0x00,0x00,
  0x00,0x00,0x00,0x00,0x00,0x00,0x00,0x00,0x00,0x00,0x00,0x00,0x00,0x00,0x00,0x00,0x00,0x00,0x00,0x00,
  0x00,0x00,0x00,0x00,0x00,0x00,0x00,0x00,0x00,0x00,0x00,0x00,0x00,0x00,0x00,0x00,0x00,0x00,0x00,0x00,
  0x00,0x00,0x00,0x00,0x00,0x00,0x00,0x00,0x00,0x00,0x00,0x01,0xFC,0x00,0x03,0xF8,0x00,0x05,0xF4,0x00,
  0x08,0xE0,0x00,0x02,0x20,0x00,0x00,0x00,0x00,0x00,0x00,0x00,0x00,0x00,0x00,0x00,0x00,0x00,0x00,0x00,
  0x00,0x00,0x00,0x00,0x00,0x00,0x00,0x00,0x00,0x00,0x00,0x00,0x00,0x00,0x00,0x00,0x00,0x00,0x00,0x00,
  0x00,0x00,0x00,0x00,0x00,0x00,0x00,0x00,0x00,0x00,0x00,0x00,0x00,0x00,0x00,0x00,0x00,0x01,0xAA,0xAA,
  0xA1,0x00,0x1F,0xFF,0xFF,0x20,0x00,0x00,0x00,0x00,0x00,0x00,0x00,0x00,0x00,0x00,0x00,0x00,0x00,0x00,
  0x00,0x00,0x00,0x00,0x00,0x00,0x00,0x00,0x00,0x00,0x00,0x00,0x00,0x00,0x00,0x00,0x00,0x00,0x00,0x00,
  0x00,0x00,0x00,0x00,0x00,0x00,0x00,0x00,0x00,0x00,0x00,0x00,0x00,0x00,0x00,0x00,0x00,0x00,0x00,0x00,
  0x00,0x00,0x00,0x00,0x00,0x00,0x00,0x00,0x00,0x00,0x00,0x00,0x00,0x00,0x00,0x00,0x00,0x00,0x00,0x00,
  0x00,0x00,0x00,0x00,0x00,0x00,0x00,0x42,0x00,0x03,0xFE,0x00,0x01,0xDA,0x00,0x00,0x00,0x00,0x00,0x00,
  0x00,0x00,0x00,0x00,0x00,0x00,0x00,0x00,0x00,0x00,0x00,0x00,0x00,0x00,0x00,0x00,0x00,0x00,0x00,0x00,
  0x00,0x00,0x00,0x00,0x00,0x00,0x00,0x00,0x5F,0x60,0x00,0x00,0x9F,0x20,0x00,0x00,0xDD,0x00,0x00,0x02,
  0xF9,0x00,0x00,0x06,0xF5,0x00,0x00,0x0A,0xF1,0x00,0x00,0x0E,0xC0,0x00,0x00,0x3F,0x80,0x00,0x00,0x7F,
  0x40,0x00,0x00,0xBE,0x00,0x00,0x01,0xFB,0x00,0x00,0x04,0xF7,0x00,0x00,0x08,0xF3,0x00,0x00,0x0B,0xD0,
  0x00,0x00,0x00,0x00,0x00,0x00,0x00,0x00,0x00,0x00,0x00,0x00,0x00,0x00,0x00,0x00,0x00,0x00,0x00,0x00,
  0x00,0x00,0x00,0x00,0x00,0x00,0x00,0x00,0x00,0x00,0x00,0x00,0x00,0x00,0x00,0x00,0x00,0x00,0x00,0x01,
  0x9D,0xEA,0x30,0x00,0x00,0x2D,0xFD,0xCF,0xE4,0x00,0x00,0xAF,0x80,0x05,0xFD,0x00,0x01,0xFE,0x00,0x00,
  0xBF,0x40,0x04,0xFA,0x00,0x00,0x7F,0x70,0x06,0xF8,0x00,0x00,0x5F,0x90,0x06,0xF8,0x00,0x00,0x5F,0x90,
  0x04,0xFA,0x00,0x00,0x7F,0x70,0x01,0xFE,0x00,0x00,0xBF,0x40,0x00,0xAF,0x80,0x05,0xFD,0x00,0x00,0x2D,
  0xFD,0xCF,0xE4,0x00,0x00,0x02,0xAD,0xEA,0x30,0x00,0x00,0x00,0x00,0x00,0x00,0x00,0x00,0x00,0x00,0x00,
  0x00,0x00,0x00,0x00,0x00,0x00,0x00,0x00,0x00,0x00,0x00,0x00,0x00,0x00,0x00,0x00,0x00,0x00,0x00,0x00,
  0x00,0x00,0x00,0x00,0x00,0x00,0x00,0x00,0x00,0x00,0x00,0x00,0x00,0x00,0x00,0x00,0x00,0x08,0xFF,0x20,
  0x03,0xCF,0xFF,0x20,0x0A,0xE6,0xDF,0x20,0x07,0x20,0xDF,0x20,0x00,0x00,0xDF,0x20,0x00,0x00,0xDF,0x20,
  0x00,0x00,0xDF,0x20,0x00,0x00,0xDF,0x20,0x00,0x00,0xDF,0x20,0x00,0x00,0xDF,0x20,0x00,0x00,0xDF,0x20,
  0x00,0x00,0xDF,0x20,0x00,0x00,0x00,0x00,0x00,0x00,0x00,0x00,0x00,0x00,0x00,0x00,0x00,0x00,0x00,0x00,
  0x00,0x00,0x00,0x00,0x00,0x00,0x00,0x00,0x00,0x00,0x00,0x00,0x00,0x00,0x00,0x00,0x00,0x00,0x00,0x00,
  0x00,0x00,0x00,0x00,0x00,0x00,0x00,0x05,0xCE,0xD9,0x10,0x00,0x07,0xFE,0xBD,0xFD,0x10,0x01,0xFE,0x20,
  0x0A,0xF7,0x00,0x4F,0x90,0x00,0x5F,0xA0,0x01,0x31,0x00,0x06,0xF8,0x00,0x00,0x00,0x02,0xDF,0x30,0x00,
  0x00,0x02,0xDF,0x70,0x00,0x00,0x03,0xDF,0x80,0x00,0x00,0x04,0xEF,0x60,0x00,0x00,0x05,0xFF,0x50,0x00,
  0x00,0x04,0xFF,0xDB,0xBB,0xB8,0x00,0x6F,0xFF,0xFF,0xFF,0xB0,0x00,0x00,0x00,0x00,0x00,0x00,0x00,0x00,
  0x00,0x00,0x00,0x00,0x00,0x00,0x00,0x00,0x00,0x00,0x00,0x00,0x00,0x00,0x00,0x00,0x00,0x00,0x00,0x00,
  0x00,0x00,0x00,0x00,0x00,0x00,0x00,0x00,0x00,0x00,0x00,0x00,0x00,0x00,0x00,0x00,0x00,0x00,0x00,0x00,
  0x00,0x00,0x00,0x00,0x00,0x04,0xBE,0xEB,0x30,0x00,0x00,0x6F,0xFB,0xDF,0xF4,0x00,0x00,0xEF,0x30,0x06,
  0xFB,0x00,0x01,0x98,0x00,0x02,0xFC,0x00,0x00,0x00,0x00,0x3A,0xF7,0x00,0x00,0x00,0x4F,0xFE,0x50,0x00,
  0x00,0x00,0x29,0xCF,0xE5,0x00,0x00,0x00,0x00,0x03,0xFE,0x10,0x05,0xFB,0x00,0x00,0xDF,0x30,0x01,0xFE,
  0x20,0x03,0xFF,0x00,0x00,0x7F,0xEB,0xBF,0xF7,0x00,0x00,0x05,0xBE,0xEB,0x50,0x00,0x00,0x00,0x00,0x00,
  0x00,0x00,0x00,0x00,0x00,0x00,0x00,0x00,0x00,0x00,0x00,0x00,0x00,0x00,0x00,0x00,0x00,0x00,0x00,0x00,
  0x00,0x00,0x00,0x00,0x00,0x00,0x00,0x00,0x00,0x00,0x00,0x00,0x00,0x00,0x00,0x00,0x00,0x00,0x00,0x00,
  0x00,0x00,0x00,0x00,0x00,0x00,0x00,0x00,0x00,0x00,0x00,0x00,0x00,0xAF,0xF4,0x00,0x00,0x00,0x06,0xFF,
  0xF4,0x00,0x00,0x00,0x2E,0xDC,0xF4,0x00,0x00,0x00,0xCF,0x4B,0xF4,0x00,0x00,0x08,0xF8,0x0B,0xF4,0x00,
  0x00,0x4F,0xC0,0x0B,0xF4,0x00,0x01,0xDE,0x20,0x0B,0xF4,0x00,0x08,0xFD,0xAA,0xAE,0xFB,0x80,0x08,0xFF,
  0xFF,0xFF,0xFF,0xD0,0x00,0x00,0x00,0x0B,0xF4,0x00,0x00,0x00,0x00,0x0B,0xF4,0x00,0x00,0x00,0x00,0x0B,
  0xF4,0x00,0x00,0x00,0x00,0x00,0x00,0x00,0x00,0x00,0x00,0x00,0x00,0x00,0x00,0x00,0x00,0x00,0x00,0x00,
  0x00,0x00,0x00,0x00,0x00,0x00,0x00,0x00,0x00,0x00,0x00,0x00,0x00,0x00,0x00,0x00,0x00,0x00,0x00,0x00,
  0x00,0x00,0x00,0x00,0x00,0x00,0x00,0x00,0x00,0x00,0x00,0x00,0x00,0x00,0x00,0xFF,0xFF,0xFF,0xF3,0x00,
  0x1F,0xEB,0xBB,0xBB,0x30,0x01,0xFC,0x00,0x00,0x00,0x00,0x2F,0xB0,0x00,0x00,0x00,0x03,0xFB,0x8D,0xEA,
  0x20,0x00,0x4F,0xFE,0xBC,0xFE,0x20,0x04,0xED,0x10,0x09,0xF9,0x00,0x00,0x00,0x00,0x2F,0xC0,0x04,0xA6,
  0x00,0x02,0xFC,0x00,0x3F,0xD2,0x00,0x9F,0x90,0x00,0x9F,0xEB,0xCF,0xE1,0x00,0x00,0x6C,0xED,0x91,0x00,
  0x00,0x00,0x00,0x00,0x00,0x00,0x00,0x00,0x00,0x00,0x00,0x00,0x00,0x00,0x00,0x00,0x00,0x00,0x00,0x00,
  0x00,0x00,0x00,0x00,0x00,0x00,0x00,0x00,0x00,0x00,0x00,0x00,0x00,0x00,0x00,0x00,0x00,0x00,0x00,0x00,
  0x00,0x00,0x00,0x00,0x00,0x00,0x00,0x00,0x00,0x00,0x00,0x00,0x00,0x02,0xAD,0xEB,0x40,0x00,0x00,0x2D,
  0xFC,0xCF,0xF4,0x00,0x00,0xAF,0x50,0x05,0xFC,0x00,0x01,0xFC,0x00,0x00,0x33,0x00,0x04,0xF9,0x7C,0xEB,
  0x40,0x00,0x05,0xFE,0xFB,0xBF,0xF4,0x00,0x06,0xFF,0x50,0x06,0xFC,0x00,0x04,0xFD,0x00,0x00,0xEF,0x10,
  0x02,0xFD,0x00,0x00,0xEF,0x10,0x00,0xBF,0x50,0x07,0xFC,0x00,0x00,0x4E,0xFC,0xCF,0xF4,0x00,0x00,0x03,
  0xBE,0xEB,0x30,0x00,0x00,0x00,0x00,0x00,0x00,0x00,0x00,0x00,0x00,0x00,0x00,0x00,0x00,0x00,0x00,0x00,
  0x00,0x00,0x00,0x00,0x00,0x00,0x00,0x00,0x00,0x00,0x00,0x00,0x00,0x00,0x00,0x00,0x00,0x00,0x00,0x00,
  0x00,0x00,0x00,0x00,0x00,0x00,0x00,0x00,0x00,0x00,0x00,0x00,0x00,0x00,0x00,0x00,0x0A,0xFF,0xFF,0xFF,
  0xF4,0x00,0x7B,0xBB,0xBB,0xFF,0x40,0x00,0x00,0x00,0x3F,0xD0,0x00,0x00,0x00,0x0A,0xF6,0x00,0x00,0x00,
  0x03,0xFD,0x00,0x00,0x00,0x00,0xAF,0x70,0x00,0x00,0x00,0x2F,0xE1,0x00,0x00,0x00,0x0A,0xF7,0x00,0x00,
  0x00,0x02,0xFE,0x10,0x00,0x00,0x00,0x9F,0x70,0x00,0x00,0x00,0x2F,0xE1,0x00,0x00,0x00,0x09,0xF8,0x00,
  0x00,0x00,0x00,0x00,0x00,0x00,0x00,0x00,0x00,0x00,0x00,0x00,0x00,0x00,0x00,0x00,0x00,0x00,0x00,0x00,
  0x00,0x00,0x00,0x00,0x00,0x00,0x00,0x00,0x00,0x00,0x00,0x00,0x00,0x00,0x00,0x00,0x00,0x00,0x00,0x00,
  0x00,0x00,0x00,0x00,0x00,0x00,0x00,0x00,0x00,0x00,0x00,0x00,0x00,0x00,0x00,0x05,0xCE,0xDA,0x30,0x00,
  0x00,0x7F,0xFB,0xDF,0xE2,0x00,0x00,0xEF,0x30,0x08,0xF8,0x00,0x00,0xFF,0x00,0x05,0xF9,0x00,0x00,0x9F,
  0x82,0x3C,0xF4,0x00,0x00,0x08,0xFF,0xFD,0x40,0x00,0x00,0x6F,0xEA,0xBF,0xD3,0x00,0x02,0xFE,0x10,0x06,
  0xFC,0x00,0x06,0xFA,0x00,0x01,0xFF,0x10,0x04,0xFD,0x10,0x05,0xFE,0x00,0x00,0xBF,0xE9,0xAF,0xF6,0x00,
  0x00,0x17,0xCE,0xEB,0x40,0x00,0x00,0x00,0x00,0x00,0x00,0x00,0x00,0x00,0x00,0x00,0x00,0x00,0x00,0x00,
  0x00,0x00,0x00,0x00,0x00,0x00,0x00,0x00,0x00,0x00,0x00,0x00,0x00,0x00,0x00,0x00,0x00,0x00,0x00,0x00,
  0x00,0x00,0x00,0x00,0x00,0x00,0x00,0x00,0x00,0x00,0x00,0x00,0x00,0x00,0x00,0x00,0x00,0x00,0x00,0x00,
  0x00,0x06,0xCE,0xD9,0x10,0x00,0x00,0x8F,0xEB,0xDF,0xD1,0x00,0x02,0xFE,0x20,0x09,0xF7,0x00,0x05,0xF9,
  0x00,0x02,0xFD,0x00,0x05,0xFA,0x00,0x03,0xFF,0x00,0x01,0xEF,0x61,0x3C,0xFF,0x10,0x00,0x5E,0xFF,0xFC,
  0xEF,0x00,0x00,0x02,0x79,0x61,0xEE,0x00,0x02,0x64,0x00,0x03,0xFA,0x00,0x02,0xFE,0x20,0x0B,0xF4,0x00,
  0x00,0x9F,0xFB,0xEF,0xA0,0x00,0x00,0x07,0xCE,0xC7,0x00,0x00,0x00,0x00,0x00,0x00,0x00,0x00,0x00,0x00,
  0x00,0x00,0x00,0x00,0x00,0x00,0x00,0x00,0x00,0x00,0x00,0x00,0x00,0x00,0x00,0x00,0x00,0x00,0x00,0x00,
  0x00,0x00,0x00,0x00,0x00,0x00,0x00,0x00,0x00,0x00,0x00,0x00,0x00,0x00,0x00,0x00,0x00,0x00,0x00,0x00,
  0x00,0x00,0x00,0x00,0x00,0x00,0x01,0xDA,0x00,0x03,0xFE,0x00,0x00,0x43,0x00,0x00,0x00,0x00,0x00,0x00,
  0x00,0x00,0x42,0x00,0x03,0xFE,0x00,0x01,0xDA,0x00,0x00,0x00,0x00,0x00,0x00,0x00,0x00,0x00,0x00,0x00,
  0x00,0x00,0x00,0x00,0x00,0x00,0x00,0x00,0x00,0x00,0x00,0x00,0x00,0x00,0x00,0x00,0x00,0x00,0x00,0x00,
  0x00,0x00,0x00,0x00,0x00,0x00,0x00,0x00,0x00,0x01,0xCB,0x00,0x02,0xFE,0x10,0x00,0x43,0x00,0x00,0x00,
  0x00,0x00,0x00,0x00,0x00,0x00,0x00,0x01,0xCA,0x00,0x03,0xF9,0x00,0x05,0xF4,0x00,0x07,0xF1,0x00,0x03,
  0x40,0x00,0x00,0x00,0x00,0x00,0x00,0x00,0x00,0x00,0x00,0x00,0x00,0x00,0x00,0x00,0x00,0x00,0x00,0x00,
  0x00,0x00,0x00,0x00,0x00,0x00,0x00,0x00,0x00,0x00,0x00,0x00,0x00,0x00,0x00,0x00,0x00,0x00,0x00,0x00,
  0x00,0x00,0x00,0x00,0x00,0x00,0x00,0x00,0x00,0x00,0x00,0x00,0x00,0x00,0x5B,0x00,0x00,0x00,0x00,0x6D,
  0xFD,0x00,0x00,0x01,0x7E,0xFE,0x92,0x00,0x00,0x7E,0xFD,0x71,0x00,0x00,0x00,0xDF,0xC2,0x00,0x00,0x00,
  0x00,0x5C,0xFF,0xA3,0x00,0x00,0x00,0x00,0x4B,0xFF,0xC5,0x00,0x00,0x00,0x00,0x3A,0xFD,0x00,0x00,0x00,
  0x00,0x00,0x28,0x00,0x00,0x00,0x00,0x00,0x00,0x00,0x00,0x00,0x00,0x00,0x00,0x00,0x00,0x00,0x00,0x00,
  0x00,0x00,0x00,0x00,0x00,0x00,0x00,0x00,0x00,0x00,0x00,0x00,0x00,0x00,0x00,0x00,0x00,0x00,0x00,0x00,
  0x00,0x00,0x00,0x00,0x00,0x00,0x00,0x00,0x00,0x00,0x00,0x00,0x00,0x00,0x00,0x00,0x00,0x00,0x00,0x00,
  0x00,0x00,0x00,0x00,0x00,0x00,0x00,0x00,0x00,0x00,0x00,0x00,0x00,0x00,0x00,0x00,0x00,0x00,0x00,0x00,
  0x00,0x00,0x00,0x00,0x00,0x00,0x00,0x00,0x00,0x9F,0xFF,0xFF,0xFE,0x00,0x00,0x6B,0xBB,0xBB,0xBA,0x00,
  0x00,0x00,0x00,0x00,0x00,0x00,0x00,0x6B,0xBB,0xBB,0xBA,0x00,0x00,0x9F,0xFF,0xFF,0xFE,0x00,0x00,0x00,
  0x00,0x00,0x00,0x00,0x00,0x00,0x00,0x00,0x00,0x00,0x00,0x00,0x00,0x00,0x00,0x00,0x00,0x00,0x00,0x00,
  0x00,0x00,0x00,0x00,0x00,0x00,0x00,0x00,0x00,0x00,0x00,0x00,0x00,0x00,0x00,0x00,0x00,0x00,0x00,0x00,
  0x00,0x00,0x00,0x00,0x00,0x00,0x00,0x00,0x00,0x00,0x00,0x00,0x00,0x00,0x00,0x00,0x00,0x00,0x00,0x00,
  0x00,0x00,0x00,0x00,0x00,0x00,0x00,0x00,0x00,0x00,0x00,0x00,0x00,0x00,0x00,0x00,0x00,0x00,0x00,0x00,
  0x00,0x00,0x00,0x77,0x10,0x00,0x00,0x00,0x00,0x8F,0xE8,0x20,0x00,0x00,0x00,0x17,0xDF,0xF9,0x20,0x00,
  0x00,0x00,0x05,0xBF,0xFA,0x10,0x00,0x00,0x00,0x08,0xFF,0x30,0x00,0x00,0x17,0xEF,0xE8,0x10,0x00,0x29,
  0xFF,0xD6,0x10,0x00,0x00,0x8F,0xC5,0x00,0x00,0x00,0x00,0x54,0x00,0x00,0x00,0x00,0x00,0x00,0x00,0x00,
  0x00,0x00,0x00,0x00,0x00,0x00,0x00,0x00,0x00,0x00,0x00,0x00,0x00,0x00,0x00,0x00,0x00,0x00,0x00,0x00,
  0x00,0x00,0x00,0x00,0x00,0x00,0x00,0x00,0x00,0x00,0x00,0x00,0x00,0x00,0x00,0x00,0x00,0x00,0x00,0x00,
  0x00,0x00,0x00,0x00,0x00,0x00,0x00,0x00,0x00,0x18,0xDE,0xD7,0x00,0x00,0x0B,0xFD,0xBF,0xF9,0x00,0x04,
  0xFC,0x00,0x2F,0xF1,0x00,0x5B,0x50,0x00,0xDF,0x10,0x00,0x00,0x00,0x6F,0xC0,0x00,0x00,0x00,0x8F,0xD2,
  0x00,0x00,0x00,0x7F,0xC2,0x00,0x00,0x00,0x0A,0xF4,0x00,0x00,0x00,0x00,0x68,0x10,0x00,0x00,0x00,0x02,
  0x40,0x00,0x00,0x00,0x00,0xDF,0x40,0x00,0x00,0x00,0x09,0xD2,0x00,0x00,0x00,0x00,0x00,0x00,0x00,0x00,
  0x00,0x00,0x00,0x00,0x00,0x00,0x00,0x00,0x00,0x00,0x00,0x00,0x00,0x00,0x00,0x00,0x00,0x00,0x00,0x00,
  0x00,0x00,0x00,0x00,0x00,0x00,0x00,0x00,0x00,0x00,0x00,0x00,0x00,0x00,0x00,0x00,0x00,0x00,0x00,0x00,
  0x00,0x00,0x00,0x00,0x00,0x00,0x00,0x00,0x00,0x00,0x00,0x00,0x00,0x00,0x00,0x00,0x00,0x00,0x00,0x00,
  0x00,0x37,0x89,0x74,0x00,0x00,0x00,0x00,0x00,0x2B,0xFF,0xFF,0xFF,0xC3,0x00,0x00,0x00,0x05,0xEF,0x94,
  0x21,0x47,0xEF,0x60,0x00,0x00,0x1E,0xE3,0x00,0x00,0x00,0x2D,0xE2,0x00,0x00,0xAF,0x50,0x2B,0xEC,0x9F,
  0x54,0xFB,0x00,0x01,0xFC,0x01,0xEE,0x9B,0xFF,0x50,0xBF,0x10,0x05,0xF9,0x08,0xF4,0x00,0x9F,0x50,0x8F,
  0x40,0x06,0xF6,0x0B,0xE0,0x00,0x4F,0x50,0x6F,0x50,0x06,0xF6,0x0B,0xE0,0x00,0x4F,0x50,0x7F,0x40,0x04,
  0xF9,0x08,0xF4,0x00,0x9F,0x50,0xBF,0x20,0x01,0xFD,0x01,0xEE,0xAB,0xEF,0xDA,0xFA,0x00,0x00,0x7F,0x70,
  0x3B,0xEC,0x46,0xEE,0x91,0x00,0x00,0x0C,0xF9,0x10,0x00,0x00,0x00,0x00,0x00,0x00,0x01,0xAF,0xFC,0xAA,
  0xBD,0xA0,0x00,0x00,0x00,0x00,0x03,0x9B,0xEE,0xDB,0x60,0x00,0x00,0x00,0x00,0x00,0x00,0x00,0x00,0x00,
  0x00,0x00,0x00,0x00,0x00,0x00,0x00,0x00,0x00,0x00,0x00,0x00,0x00,0x00,0x00,0x00,0x00,0x00,0x00,0x00,
  0x00,0x00,0x00,0x00,0x00,0x00,0x00,0x00,0x00,0x00,0x00,0x00,0x00,0x00,0x00,0x00,0x00,0x00,0x00,0x0E,
  0xFE,0x10,0x00,0x00,0x00,0x04,0xFF,0xF5,0x00,0x00,0x00,0x00,0x9F,0xAF,0xB0,0x00,0x00,0x00,0x0E,0xF2,
  0xEF,0x10,0x00,0x00,0x05,0xFB,0x0A,0xF6,0x00,0x00,0x00,0xAF,0x70,0x6F,0xB0,0x00,0x00,0x1E,0xF2,0x01,
  0xFF,0x10,0x00,0x05,0xFF,0xAA,0xAE,0xF6,0x00,0x00,0xAF,0xFF,0xFF,0xFF,0xC0,0x00,0x1F,0xF2,0x00,0x01,
  0xFF,0x20,0x06,0xFC,0x00,0x00,0x0B,0xF7,0x00,0xBF,0x70,0x00,0x00,0x7F,0xC0,0x00,0x00,0x00,0x00,0x00,
  0x00,0x00,0x00,0x00,0x00,0x00,0x00,0x00,0x00,0x00,0x00,0x00,0x00,0x00,0x00,0x00,0x00,0x00,0x00,0x00,
  0x00,0x00,0x00,0x00,0x00,0x00,0x00,0x00,0x00,0x00,0x00,0x00,0x00,0x00,0x00,0x00,0x00,0x00,0x00,0x00,
  0x00,0x00,0x00,0x00,0x00,0x00,0x00,0x00,0x00,0x00,0x00,0x00,0x00,0xFF,0xFF,0xFD,0x91,0x00,0x00,0xFF,
  0xAA,0xBF,0xFC,0x00,0x00,0xFF,0x00,0x02,0xEF,0x30,0x00,0xFF,0x00,0x00,0xCF,0x40,0x00,0xFF,0x00,0x16,
  0xFD,0x00,0x00,0xFF,0xFF,0xFF,0xC1,0x00,0x00,0xFF,0x99,0xAD,0xFD,0x10,0x00,0xFF,0x00,0x00,0xAF,0x90,
  0x00,0xFF,0x00,0x00,0x6F,0xB0,0x00,0xFF,0x00,0x00,0xAF,0x90,0x00,0xFF,0xAA,0xAD,0xFF,0x30,0x00,0xFF,
  0xFF,0xFD,0xA3,0x00,0x00,0x00,0x00,0x00,0x00,0x00,0x00,0x00,0x00,0x00,0x00,0x00,0x00,0x00,0x00,0x00,
  0x00,0x00,0x00,0x00,0x00,0x00,0x00,0x00,0x00,0x00,0x00,0x00,0x00,0x00,0x00,0x00,0x00,0x00,0x00,0x00,
  0x00,0x00,0x00,0x00,0x00,0x00,0x00,0x00,0x00,0x00,0x00,0x00,0x00,0x00,0x00,0x00,0x00,0x00,0x00,0x00,
  0x00,0x00,0x00,0x00,0x5B,0xDE,0xB5,0x00,0x00,0x00,0x0A,0xFF,0xEE,0xFF,0xA0,0x00,0x00,0x6F,0xE4,0x00,
  0x4E,0xF7,0x00,0x01,0xEF,0x40,0x00,0x05,0xFC,0x00,0x03,0xFD,0x00,0x00,0x00,0x33,0x00,0x05,0xFB,0x00,
  0x00,0x00,0x00,0x00,0x05,0xFB,0x00,0x00,0x00,0x00,0x00,0x03,0xFD,0x00,0x00,0x00,0x22,0x00,0x01,0xEF,
  0x40,0x00,0x04,0xFD,0x00,0x00,0x6F,0xE4,0x00,0x3D,0xF7,0x00,0x00,0x0A,0xFF,0xEE,0xFF,0xA0,0x00,0x00,
  0x00,0x5B,0xDE,0xC5,0x00,0x00,0x00,0x00,0x00,0x00,0x00,0x00,0x00,0x00,0x00,0x00,0x00,0x00,0x00,0x00,
  0x00,0x00,0x00,0x00,0x00,0x00,0x00,0x00,0x00,0x00,0x00,0x00,0x00,0x00,0x00,0x00,0x00,0x00,0x00,0x00,
  0x00,0x00,0x00,0x00,0x00,0x00,0x00,0x00,0x00,0x00,0x00,0x00,0x00,0x00,0x00,0x00,0x00,0x00,0x00,0x00,
  0x00,0x00,0x00,0x00,0x00,0x00,0x00,0x00,0xFF,0xFF,0xEB,0x70,0x00,0x00,0x0F,0xFC,0xCD,0xFF,0xC1,0x00,
  0x00,0xFF,0x00,0x02,0xCF,0x90,0x00,0x0F,0xF0,0x00,0x02,0xFF,0x20,0x00,0xFF,0x00,0x00,0x0A,0xF5,0x00,
  0x0F,0xF0,0x00,0x00,0x8F,0x80,0x00,0xFF,0x00,0x00,0x08,0xF8,0x00,0x0F,0xF0,0x00,0x00,0xBF,0x50,0x00,
  0xFF,0x00,0x00,0x2F,0xF2,0x00,0x0F,0xF0,0x00,0x2C,0xF9,0x00,0x00,0xFF,0xCC,0xDF,0xFC,0x10,0x00,0x0F,
  0xFF,0xFD,0xB6,0x00,0x00,0x00,0x00,0x00,0x00,0x00,0x00,0x00,0x00,0x00,0x00,0x00,0x00,0x00,0x00,0x00,
  0x00,0x00,0x00,0x00,0x00,0x00,0x00,0x00,0x00,0x00,0x00,0x00,0x00,0x00,0x00,0x00,0x00,0x00,0x00,0x00,
  0x00,0x00,0x00,0x00,0x00,0x00,0x00,0x00,0x00,0x00,0x00,0x00,0x00,0x00,0x00,0x00,0x00,0x00,0x00,0x00,
  0x00,0x00,0x00,0xFF,0xFF,0xFF,0xFF,0x10,0x00,0xFF,0xCC,0xCC,0xCC,0x10,0x00,0xFF,0x00,0x00,0x00,0x00,
  0x00,0xFF,0x00,0x00,0x00,0x00,0x00,0xFF,0x00,0x00,0x00,0x00,0x00,0xFF,0xFF,0xFF,0xF9,0x00,0x00,0xFF,
  0xCB,0xBB,0xB7,0x00,0x00,0xFF,0x00,0x00,0x00,0x00,0x00,0xFF,0x00,0x00,0x00,0x00,0x00,0xFF,0x00,0x00,
  0x00,0x00,0x00,0xFF,0xCC,0xCC,0xCC,0x10,0x00,0xFF,0xFF,0xFF,0xFF,0x10,0x00,0x00,0x00,0x00,0x00,0x00,
  0x00,0x00,0x00,0x00,0x00,0x00,0x00,0x00,0x00,0x00,0x00,0x00,0x00,0x00,0x00,0x00,0x00,0x00,0x00,0x00,
  0x00,0x00,0x00,0x00,0x00,0x00,0x00,0x00,0x00,0x00,0x00,0x00,0x00,0x00,0x00,0x00,0x00,0x00,0x00,0x00,
  0x00,0x00,0x00,0x00,0x00,0x00,0x00,0xFF,0xFF,0xFF,0xFC,0x00,0x0F,0xFC,0xCC,0xCC,0xA0,0x00,0xFF,0x00,
  0x00,0x00,0x00,0x0F,0xF0,0x00,0x00,0x00,0x00,0xFF,0x00,0x00,0x00,0x00,0x0F,0xFF,0xFF,0xFF,0x60,0x00,
  0xFF,0xBB,0xBB,0xB4,0x00,0x0F,0xF0,0x00,0x00,0x00,0x00,0xFF,0x00,0x00,0x00,0x00,0x0F,0xF0,0x00,0x00,
  0x00,0x00,0xFF,0x00,0x00,0x00,0x00,0x0F,0xF0,0x00,0x00,0x00,0x00,0x00,0x00,0x00,0x00,0x00,0x00,0x00,
  0x00,0x00,0x00,0x00,0x00,0x00,0x00,0x00,0x00,0x00,0x00,0x00,0x00,0x00,0x00,0x00,0x00,0x00,0x00,0x00,
  0x00,0x00,0x00,0x00,0x00,0x00,0x00,0x00,0x00,0x00,0x00,0x00,0x00,0x00,0x00,0x00,0x00,0x00,0x00,0x00,
  0x00,0x00,0x00,0x00,0x00,0x00,0x00,0x00,0x00,0x00,0x5A,0xEE,0xB5,0x00,0x00,0x00,0x09,0xFF,0xEE,0xFF,
  0xA0,0x00,0x00,0x5F,0xE5,0x00,0x4E,0xF6,0x00,0x00,0xDF,0x50,0x00,0x05,0xFC,0x00,0x02,0xFD,0x00,0x00,
  0x00,0x33,0x00,0x05,0xFB,0x00,0x00,0x00,0x00,0x00,0x06,0xFA,0x00,0x0A,0xFF,0xFF,0x20,0x03,0xFC,0x00,
  0x06,0xAA,0xFF,0x10,0x01,0xEF,0x30,0x00,0x02,0xFD,0x00,0x00,0x7F,0xD4,0x00,0x3C,0xF8,0x00,0x00,0x0A,
  0xFF,0xEE,0xFF,0xB0,0x00,0x00,0x00,0x5B,0xEE,0xB6,0x00,0x00,0x00,0x00,0x00,0x00,0x00,0x00,0x00,0x00,
  0x00,0x00,0x00,0x00,0x00,0x00,0x00,0x00,0x00,0x00,0x00,0x00,0x00,0x00,0x00,0x00,0x00,0x00,0x00,0x00,
  0x00,0x00,0x00,0x00,0x00,0x00,0x00,0x00,0x00,0x00,0x00,0x00,0x00,0x00,0x00,0x00,0x00,0x00,0x00,0x00,
  0x00,0x00,0x00,0x00,0x00,0x00,0x00,0x00,0x00,0x00,0x00,0x00,0x00,0x00,0xFF,0x00,0x00,0x09,0xF7,0x00,
  0x0F,0xF0,0x00,0x00,0x9F,0x70,0x00,0xFF,0x00,0x00,0x09,0xF7,0x00,0x0F,0xF0,0x00,0x00,0x9F,0x70,0x00,
  0xFF,0x00,0x00,0x09,0xF7,0x00,0x0F,0xFF,0xFF,0xFF,0xFF,0x70,0x00,0xFF,0xCC,0xCC,0xCE,0xF7,0x00,0x0F,
  0xF0,0x00,0x00,0x9F,0x70,0x00,0xFF,0x00,0x00,0x09,0xF7,0x00,0x0F,0xF0,0x00,0x00,0x9F,0x70,0x00,0xFF,
  0x00,0x00,0x09,0xF7,0x00,0x0F,0xF0,0x00,0x00,0x9F,0x70,0x00,0x00,0x00,0x00,0x00,0x00,0x00,0x00,0x00,
  0x00,0x00,0x00,0x00,0x00,0x00,0x00,0x00,0x00,0x00,0x00,0x00,0x00,0x00,0x00,0x00,0x00,0x00,0x00,0x00,
  0x00,0x00,0x00,0x00,0x00,0x00,0x00,0x00,0x00,0x00,0x00,0x00,0x00,0x00,0x00,0x00,0x00,0xFF,0x00,0x00,
  0xFF,0x00,0x00,0xFF,0x00,0x00,0xFF,0x00,0x00,0xFF,0x00,0x00,0xFF,0x00,0x00,0xFF,0x00,0x00,0xFF,0x00,
  0x00,0xFF,0x00,0x00,0xFF,0x00,0x00,0xFF,0x00,0x00,0xFF,0x00,0x00,0x00,0x00,0x00,0x00,0x00,0x00,0x00,
  0x00,0x00,0x00,0x00,0x00,0x00,0x00,0x00,0x00,0x00,0x00,0x00,0x00,0x00,0x00,0x00,0x00,0x00,0x00,0x00,
  0x00,0x00,0x00,0x00,0x00,0x00,0x00,0x00,0x00,0x00,0x00,0x00,0x2F,0xE0,0x00,0x00,0x00,0x02,0xFE,0x00,
  0x00,0x00,0x00,0x2F,0xE0,0x00,0x00,0x00,0x02,0xFE,0x00,0x00,0x00,0x00,0x2F,0xE0,0x00,0x00,0x00,0x02,
  0xFE,0x00,0x00,0x00,0x00,0x2F,0xE0,0x00,0x36,0x30,0x02,0xFE,0x00,0x07,0xF8,0x00,0x3F,0xD0,0x00,0x5F,
  0xD1,0x09,0xFB,0x00,0x00,0xDF,0xED,0xFF,0x40,0x00,0x02,0xAD,0xEC,0x50,0x00,0x00,0x00,0x00,0x00,0x00,
  0x00,0x00,0x00,0x00,0x00,0x00,0x00,0x00,0x00,0x00,0x00,0x00,0x00,0x00,0x00,0x00,0x00,0x00,0x00,0x00,
  0x00,0x00,0x00,0x00,0x00,0x00,0x00,0x00,0x00,0x00,0x00,0x00,0x00,0x00,0x00,0x00,0x00,0x00,0x00,0x00,
  0x00,0x00,0x00,0x00,0x00,0x00,0x00,0x00,0x00,0x00,0xFF,0x00,0x00,0x7F,0xE2,0x00,0x0F,0xF0,0x00,0x5F,
  0xF3,0x00,0x00,0xFF,0x00,0x3F,0xF5,0x00,0x00,0x0F,0xF0,0x2E,0xF7,0x00,0x00,0x00,0xFF,0x1D,0xF9,0x00,
  0x00,0x00,0x0F,0xFB,0xFF,0x40,0x00,0x00,0x00,0xFF,0xFE,0xFD,0x00,0x00,0x00,0x0F,0xFC,0x1C,0xF8,0x00,
  0x00,0x00,0xFF,0x20,0x3F,0xF3,0x00,0x00,0x0F,0xF0,0x00,0x7F,0xD1,0x00,0x00,0xFF,0x00,0x00,0xCF,0x80,
  0x00,0x0F,0xF0,0x00,0x03,0xFF,0x40,0x00,0x00,0x00,0x00,0x00,0x00,0x00,0x00,0x00,0x00,0x00,0x00,0x00,
  0x00,0x00,0x00,0x00,0x00,0x00,0x00,0x00,0x00,0x00,0x00,0x00,0x00,0x00,0x00,0x00,0x00,0x00,0x00,0x00,
  0x00,0x00,0x00,0x00,0x00,0x00,0x00,0x00,0x00,0x00,0x00,0x00,0x00,0x00,0x00,0x00,0x00,0x00,0x00,0x00,
  0x00,0x00,0x00,0xFF,0x00,0x00,0x00,0x00,0x0F,0xF0,0x00,0x00,0x00,0x00,0xFF,0x00,0x00,0x00,0x00,0x0F,
  0xF0,0x00,0x00,0x00,0x00,0xFF,0x00,0x00,0x00,0x00,0x0F,0xF0,0x00,0x00,0x00,0x00,0xFF,0x00,0x00,0x00,
  0x00,0x0F,0xF0,0x00,0x00,0x00,0x00,0xFF,0x00,0x00,0x00,0x00,0x0F,0xF0,0x00,0x00,0x00,0x00,0xFF,0xCC,
  0xCC,0xC5,0x00,0x0F,0xFF,0xFF,0xFF,0x60,0x00,0x00,0x00,0x00,0x00,0x00,0x00,0x00,0x00,0x00,0x00,0x00,
  0x00,0x00,0x00,0x00,0x00,0x00,0x00,0x00,0x00,0x00,0x00,0x00,0x00,0x00,0x00,0x00,0x00,0x00,0x00,0x00,
  0x00,0x00,0x00,0x00,0x00,0x00,0x00,0x00,0x00,0x00,0x00,0x00,0x00,0x00,0x00,0x00,0x00,0x00,0x00,0x00,
  0x00,0x00,0x00,0x00,0x00,0x00,0x00,0x00,0x00,0xFF,0xF2,0x00,0x00,0x1F,0xFF,0x20,0x00,0xFF,0xF7,0x00,
  0x00,0x6F,0xFF,0x20,0x00,0xFF,0xFD,0x00,0x00,0xBF,0xEF,0x20,0x00,0xFE,0xCF,0x30,0x01,0xFD,0xDF,0x20,
  0x00,0xFF,0x7F,0x80,0x07,0xF8,0xDF,0x20,0x00,0xFF,0x2F,0xE0,0x0C,0xF3,0xDF,0x20,0x00,0xFF,0x0C,0xF4,
  0x2F,0xD0,0xDF,0x20,0x00,0xFF,0x07,0xF9,0x7F,0x80,0xDF,0x20,0x00,0xFF,0x01,0xFD,0xBF,0x20,0xDF,0x20,
  0x00,0xFF,0x00,0xBF,0xFC,0x00,0xDF,0x20,0x00,0xFF,0x00,0x5F,0xF6,0x00,0xDF,0x20,0x00,0xFF,0x00,0x1E,
  0xF1,0x00,0xDF,0x20,0x00,0x00,0x00,0x00,0x00,0x00,0x00,0x00,0x00,0x00,0x00,0x00,0x00,0x00,0x00,0x00,
  0x00,0x00,0x00,0x00,0x00,0x00,0x00,0x00,0x00,0x00,0x00,0x00,0x00,0x00,0x00,0x00,0x00,0x00,0x00,0x00,
  0x00,0x00,0x00,0x00,0x00,0x00,0x00,0x00,0x00,0x00,0x00,0x00,0x00,0x00,0x00,0x00,0x00,0x00,0x00,0x00,
  0x00,0x00,0x00,0x00,0x00,0x00,0x00,0x00,0x00,0x00,0x00,0x00,0x00,0xFF,0x70,0x00,0x08,0xF8,0x00,0x00,
  0xFF,0xF2,0x00,0x08,0xF8,0x00,0x00,0xFF,0xFB,0x00,0x08,0xF8,0x00,0x00,0xFF,0xCF,0x50,0x08,0xF8,0x00,
  0x00,0xFF,0x4F,0xD1,0x08,0xF8,0x00,0x00,0xFF,0x0A,0xF8,0x08,0xF8,0x00,0x00,0xFF,0x02,0xEF,0x38,0xF8,
  0x00,0x00,0xFF,0x00,0x7F,0xB8,0xF8,0x00,0x00,0xFF,0x00,0x0C,0xFC,0xF8,0x00,0x00,0xFF,0x00,0x03,0xFF,
  0xF8,0x00,0x00,0xFF,0x00,0x00,0x9F,0xF8,0x00,0x00,0xFF,0x00,0x00,0x1E,0xF8,0x00,0x00,0x00,0x00,0x00,
  0x00,0x00,0x00,0x00,0x00,0x00,0x00,0x00,0x00,0x00,0x00,0x00,0x00,0x00,0x00,0x00,0x00,0x00,0x00,0x00,
  0x00,0x00,0x00,0x00,0x00,0x00,0x00,0x00,0x00,0x00,0x00,0x00,0x00,0x00,0x00,0x00,0x00,0x00,0x00,0x00,
  0x00,0x00,0x00,0x00,0x00,0x00,0x00,0x00,0x00,0x00,0x00,0x00,0x00,0x00,0x00,0x00,0x00,0x00,0x00,0x00,
  0x00,0x5B,0xED,0xA5,0x00,0x00,0x00,0x09,0xFF,0xEE,0xFF,0x90,0x00,0x00,0x6F,0xE4,0x00,0x5E,0xF6,0x00,
  0x00,0xEF,0x40,0x00,0x05,0xFE,0x00,0x03,0xFD,0x00,0x00,0x00,0xEF,0x20,0x05,0xFB,0x00,0x00,0x00,0xBF,
  0x50,0x05,0xFB,0x00,0x00,0x00,0xBF,0x50,0x03,0xFD,0x00,0x00,0x00,0xEF,0x20,0x01,0xEF,0x40,0x00,0x05,
  0xFE,0x00,0x00,0x6F,0xE4,0x00,0x4E,0xF6,0x00,0x00,0x0A,0xFF,0xEE,0xFF,0x90,0x00,0x00,0x00,0x5B,0xEE,
  0xB5,0x00,0x00,0x00,0x00,0x00,0x00,0x00,0x00,0x00,0x00,0x00,0x00,0x00,0x00,0x00,0x00,0x00,0x00,0x00,
  0x00,0x00,0x00,0x00,0x00,0x00,0x00,0x00,0x00,0x00,0x00,0x00,0x00,0x00,0x00,0x00,0x00,0x00,0x00,0x00,
  0x00,0x00,0x00,0x00,0x00,0x00,0x00,0x00,0x00,0x00,0x00,0x00,0x00,0x00,0x00,0x00,0x00,0x00,0x00,0x00,
  0x00,0x00,0x00,0xFF,0xFF,0xFC,0x81,0x00,0x00,0xFF,0xCB,0xCF,0xFB,0x00,0x00,0xFF,0x00,0x02,0xDF,0x50,
  0x00,0xFF,0x00,0x00,0x8F,0x70,0x00,0xFF,0x00,0x00,0x9F,0x70,0x00,0xFF,0x00,0x15,0xEF,0x30,0x00,0xFF,
  0xFF,0xFF,0xF8,0x00,0x00,0xFF,0xCB,0xB9,0x40,0x00,0x00,0xFF,0x00,0x00,0x00,0x00,0x00,0xFF,0x00,0x00,
  0x00,0x00,0x00,0xFF,0x00,0x00,0x00,0x00,0x00,0xFF,0x00,0x00,0x00,0x00,0x00,0x00,0x00,0x00,0x00,0x00,
  0x00,0x00,0x00,0x00,0x00,0x00,0x00,0x00,0x00,0x00,0x00,0x00,0x00,0x00,0x00,0x00,0x00,0x00,0x00,0x00,
  0x00,0x00,0x00,0x00,0x00,0x00,0x00,0x00,0x00,0x00,0x00,0x00,0x00,0x00,0x00,0x00,0x00,0x00,0x00,0x00,
  0x00,0x00,0x00,0x00,0x00,0x00,0x00,0x00,0x00,0x00,0x00,0x00,0x00,0x00,0x5B,0xED,0xA5,0x00,0x00,0x00,
  0x09,0xFF,0xEE,0xFF,0x90,0x00,0x00,0x6F,0xE4,0x00,0x5E,0xF6,0x00,0x00,0xEF,0x40,0x00,0x05,0xFE,0x00,
  0x03,0xFD,0x00,0x00,0x00,0xEF,0x20,0x05,0xFB,0x00,0x00,0x00,0xBF,0x50,0x05,0xFB,0x00,0x00,0x00,0xCF,
  0x50,0x03,0xFD,0x00,0x11,0x00,0xEF,0x40,0x01,0xEF,0x40,0x6F,0x75,0xFE,0x00,0x00,0x6F,0xE4,0x0A,0xFE,
  0xF5,0x00,0x00,0x0A,0xFF,0xEE,0xFF,0x90,0x00,0x00,0x00,0x5B,0xEE,0xBE,0xC1,0x00,0x00,0x00,0x00,0x00,
  0x05,0xC7,0x00,0x00,0x00,0x00,0x00,0x00,0x00,0x00,0x00,0x00,0x00,0x00,0x00,0x00,0x00,0x00,0x00,0x00,
  0x00,0x00,0x00,0x00,0x00,0x00,0x00,0x00,0x00,0x00,0x00,0x00,0x00,0x00,0x00,0x00,0x00,0x00,0x00,0x00,
  0x00,0x00,0x00,0x00,0x00,0x00,0x00,0x00,0x00,0x00,0x00,0x00,0x00,0x00,0x00,0x00,0xFF,0xFF,0xFD,0x91,
  0x00,0x00,0xFF,0xBB,0xCE,0xFD,0x00,0x00,0xFF,0x00,0x01,0xCF,0x60,0x00,0xFF,0x00,0x00,0x6F,0x90,0x00,
  0xFF,0x00,0x00,0x7F,0x90,0x00,0xFF,0x00,0x04,0xEF,0x50,0x00,0xFF,0xFF,0xFF,0xF7,0x00,0x00,0xFF,0xBB,
  0xDF,0xA0,0x00,0x00,0xFF,0x00,0x3F,0xE1,0x00,0x00,0xFF,0x00,0x0A,0xF9,0x00,0x00,0xFF,0x00,0x02,0xFF,
  0x20,0x00,0xFF,0x00,0x00,0xAF,0x90,0x00,0x00,0x00,0x00,0x00,0x00,0x00,0x00,0x00,0x00,0x00,0x00,0x00,
  0x00,0x00,0x00,0x00,0x00,0x00,0x00,0x00,0x00,0x00,0x00,0x00,0x00,0x00,0x00,0x00,0x00,0x00,0x00,0x00,
  0x00,0x00,0x00,0x00,0x00,0x00,0x00,0x00,0x00,0x00,0x00,0x00,0x00,0x00,0x00,0x00,0x00,0x00,0x00,0x00,
  0x00,0x00,0x05,0xBE,0xEC,0x60,0x00,0x00,0x7F,0xFE,0xCF,0xF8,0x00,0x00,0xFF,0x40,0x03,0xEF,0x10,0x02,
  0xFE,0x00,0x00,0x7B,0x30,0x00,0xEF,0xA3,0x00,0x00,0x00,0x00,0x5E,0xFF,0xEA,0x50,0x00,0x00,0x01,0x7B,
  0xEF,0xFC,0x10,0x00,0x00,0x00,0x04,0xDF,0x70,0x05,0xFA,0x00,0x00,0x7F,0x90,0x02,0xFF,0x40,0x01,0xBF,
  0x60,0x00,0x8F,0xFC,0xCF,0xFD,0x10,0x00,0x05,0xBE,0xEC,0x81,0x00,0x00,0x00,0x00,0x00,0x00,0x00,0x00,
  0x00,0x00,0x00,0x00,0x00,0x00,0x00,0x00,0x00,0x00,0x00,0x00,0x00,0x00,0x00,0x00,0x00,0x00,0x00,0x00,
  0x00,0x00,0x00,0x00,0x00,0x00,0x00,0x00,0x00,0x00,0x00,0x00,0x00,0x00,0x00,0x00,0x00,0x00,0x00,0x00,
  0x00,0x00,0x00,0x00,0x00,0x00,0x00,0x0A,0xFF,0xFF,0xFF,0xFF,0xA0,0x08,0xCC,0xCF,0xFC,0xCC,0x80,0x00,
  0x00,0x0F,0xF1,0x00,0x00,0x00,0x00,0x0F,0xF1,0x00,0x00,0x00,0x00,0x0F,0xF1,0x00,0x00,0x00,0x00,0x0F,
  0xF1,0x00,0x00,0x00,0x00,0x0F,0xF1,0x00,0x00,0x00,0x00,0x0F,0xF1,0x00,0x00,0x00,0x00,0x0F,0xF1,0x00,
  0x00,0x00,0x00,0x0F,0xF1,0x00,0x00,0x00,0x00,0x0F,0xF1,0x00,0x00,0x00,0x00,0x0F,0xF1,0x00,0x00,0x00,
  0x00,0x00,0x00,0x00,0x00,0x00,0x00,0x00,0x00,0x00,0x00,0x00,0x00,0x00,0x00,0x00,0x00,0x00,0x00,0x00,
  0x00,0x00,0x00,0x00,0x00,0x00,0x00,0x00,0x00,0x00,0x00,0x00,0x00,0x00,0x00,0x00,0x00,0x00,0x00,0x00,
  0x00,0x00,0x00,0x00,0x00,0x00,0x00,0x00,0x00,0x00,0x00,0x00,0x00,0x00,0x00,0x01,0xFE,0x00,0x00,0x0B,
  0xF5,0x00,0x1F,0xE0,0x00,0x00,0xBF,0x50,0x01,0xFE,0x00,0x00,0x0B,0xF5,0x00,0x1F,0xE0,0x00,0x00,0xBF,
  0x50,0x01,0xFE,0x00,0x00,0x0B,0xF5,0x00,0x1F,0xE0,0x00,0x00,0xBF,0x50,0x01,0xFE,0x00,0x00,0x0B,0xF5,
  0x00,0x1F,0xF0,0x00,0x00,0xBF,0x50,0x00,0xEF,0x20,0x00,0x0D,0xF3,0x00,0x0A,0xFB,0x10,0x09,0xFE,0x00,
  0x00,0x2E,0xFF,0xDF,0xFF,0x40,0x00,0x00,0x18,0xCE,0xDA,0x20,0x00,0x00,0x00,0x00,0x00,0x00,0x00,0x00,
  0x00,0x00,0x00,0x00,0x00,0x00,0x00,0x00,0x00,0x00,0x00,0x00,0x00,0x00,0x00,0x00,0x00,0x00,0x00,0x00,
  0x00,0x00,0x00,0x00,0x00,0x00,0x00,0x00,0x00,0x00,0x00,0x00,0x00,0x00,0x00,0x00,0x00,0x00,0x00,0x00,
  0x00,0x00,0x00,0x00,0x00,0x00,0x00,0x00,0x00,0x00,0x00,0x00,0x0B,0xF7,0x00,0x00,0x07,0xFB,0x00,0x6F,
  0xC0,0x00,0x00,0xCF,0x60,0x01,0xFF,0x20,0x00,0x2F,0xF1,0x00,0x0A,0xF7,0x00,0x07,0xFB,0x00,0x00,0x5F,
  0xC0,0x00,0xBF,0x60,0x00,0x01,0xEF,0x20,0x1F,0xF1,0x00,0x00,0x0A,0xF7,0x06,0xFA,0x00,0x00,0x00,0x5F,
  0xC0,0xAF,0x50,0x00,0x00,0x00,0xEF,0x2E,0xF1,0x00,0x00,0x00,0x09,0xFA,0xFA,0x00,0x00,0x00,0x00,0x4F,
  0xFF,0x50,0x00,0x00,0x00,0x00,0xEF,0xE1,0x00,0x00,0x00,0x00,0x00,0x00,0x00,0x00,0x00,0x00,0x00,0x00,
  0x00,0x00,0x00,0x00,0x00,0x00,0x00,0x00,0x00,0x00,0x00,0x00,0x00,0x00,0x00,0x00,0x00,0x00,0x00,0x00,
  0x00,0x00,0x00,0x00,0x00,0x00,0x00,0x00,0x00,0x00,0x00,0x00,0x00,0x00,0x00,0x00,0x00,0x00,0x00,0x00,
  0x00,0x00,0x00,0x00,0x00,0x00,0x00,0x00,0x00,0x00,0x00,0x00,0x00,0x00,0x00,0x00,0x00,0x00,0x00,0x0C,
  0xF6,0x00,0x06,0xFF,0x10,0x00,0xBF,0x70,0x08,0xFA,0x00,0x09,0xFF,0x40,0x00,0xEF,0x30,0x04,0xFD,0x00,
  0x0D,0xFF,0x80,0x03,0xFE,0x00,0x00,0xEF,0x20,0x2F,0xBF,0xC0,0x06,0xFA,0x00,0x00,0xBF,0x50,0x5F,0x7C,
  0xF1,0x0A,0xF6,0x00,0x00,0x7F,0x90,0x9F,0x48,0xF4,0x0E,0xF2,0x00,0x00,0x3F,0xC0,0xDE,0x05,0xF8,0x2F,
  0xD0,0x00,0x00,0x0E,0xF2,0xFB,0x01,0xFB,0x5F,0x90,0x00,0x00,0x0A,0xF8,0xF7,0x00,0xCE,0x9F,0x50,0x00,
  0x00,0x06,0xFE,0xF3,0x00,0x8F,0xEF,0x10,0x00,0x00,0x02,0xFF,0xE0,0x00,0x4F,0xFC,0x00,0x00,0x00,0x00,
  0xDF,0xB0,0x00,0x1F,0xF9,0x00,0x00,0x00,0x00,0x00,0x00,0x00,0x00,0x00,0x00,0x00,0x00,0x00,0x00,0x00,
  0x00,0x00,0x00,0x00,0x00,0x00,0x00,0x00,0x00,0x00,0x00,0x00,0x00,0x00,0x00,0x00,0x00,0x00,0x00,0x00,
  0x00,0x00,0x00,0x00,0x00,0x00,0x00,0x00,0x00,0x00,0x00,0x00,0x00,0x00,0x00,0x00,0x00,0x00,0x00,0x00,
  0x00,0x00,0x00,0x00,0x00,0x00,0x00,0x00,0x00,0x00,0x00,0x00,0x00,0x00,0x00,0x00,0x00,0x00,0x03,0xFF,
  0x20,0x00,0x3F,0xF2,0x00,0x09,0xFC,0x00,0x0C,0xF7,0x00,0x00,0x1D,0xF6,0x07,0xFC,0x00,0x00,0x00,0x4F,
  0xE4,0xFF,0x20,0x00,0x00,0x00,0x9F,0xFF,0x70,0x00,0x00,0x00,0x01,0xEF,0xC0,0x00,0x00,0x00,0x00,0x2F,
  0xFE,0x20,0x00,0x00,0x00,0x0C,0xFD,0xFB,0x00,0x00,0x00,0x07,0xFC,0x1D,0xF6,0x00,0x00,0x03,0xFF,0x20,
  0x4F,0xE2,0x00,0x00,0xCF,0x70,0x00,0x9F,0xB0,0x00,0x8F,0xC0,0x00,0x01,0xEF,0x60,0x00,0x00,0x00,0x00,
  0x00,0x00,0x00,0x00,0x00,0x00,0x00,0x00,0x00,0x00,0x00,0x00,0x00,0x00,0x00,0x00,0x00,0x00,0x00,0x00,
  0x00,0x00,0x00,0x00,0x00,0x00,0x00,0x00,0x00,0x00,0x00,0x00,0x00,0x00,0x00,0x00,0x00,0x00,0x00,0x00,
  0x00,0x00,0x00,0x00,0x00,0x00,0x00,0x00,0x00,0x00,0x00,0x00,0x00,0x00,0x00,0x09,0xFB,0x00,0x00,0x1E,
  0xF6,0x00,0x1E,0xF5,0x00,0x08,0xFC,0x00,0x00,0x7F,0xD0,0x02,0xEF,0x40,0x00,0x00,0xDF,0x70,0x9F,0xA0,
  0x00,0x00,0x04,0xFE,0x4F,0xE2,0x00,0x00,0x00,0x0A,0xFE,0xF7,0x00,0x00,0x00,0x00,0x2F,0xFD,0x10,0x00,
  0x00,0x00,0x00,0xAF,0x70,0x00,0x00,0x00,0x00,0x09,0xF6,0x00,0x00,0x00,0x00,0x00,0x9F,0x60,0x00,0x00,
  0x00,0x00,0x09,0xF6,0x00,0x00,0x00,0x00,0x00,0x9F,0x60,0x00,0x00,0x00,0x00,0x00,0x00,0x00,0x00,0x00,
  0x00,0x00,0x00,0x00,0x00,0x00,0x00,0x00,0x00,0x00,0x00,0x00,0x00,0x00,0x00,0x00,0x00,0x00,0x00,0x00,
  0x00,0x00,0x00,0x00,0x00,0x00,0x00,0x00,0x00,0x00,0x00,0x00,0x00,0x00,0x00,0x00,0x00,0x00,0x00,0x00,
  0x00,0x00,0x00,0x00,0x00,0x00,0x00,0x00,0x00,0x00,0x06,0xFF,0xFF,0xFF,0xFF,0x80,0x04,0xCC,0xCC,0xCC,
  0xFF,0x70,0x00,0x00,0x00,0x08,0xFD,0x10,0x00,0x00,0x00,0x5F,0xE3,0x00,0x00,0x00,0x02,0xEF,0x50,0x00,
  0x00,0x00,0x0C,0xF9,0x00,0x00,0x00,0x00,0x9F,0xC0,0x00,0x00,0x00,0x06,0xFE,0x20,0x00,0x00,0x00,0x3E,
  0xF5,0x00,0x00,0x00,0x01,0xDF,0x80,0x00,0x00,0x00,0x08,0xFF,0xCC,0xCC,0xCC,0x70,0x09,0xFF,0xFF,0xFF,
  0xFF,0x90,0x00,0x00,0x00,0x00,0x00,0x00,0x00,0x00,0x00,0x00,0x00,0x00,0x00,0x00,0x00,0x00,0x00,0x00,
  0x00,0x00,0x00,0x00,0x00,0x00,0x00,0x00,0x00,0x00,0x00,0x00,0x00,0x00,0x00,0x00,0x00,0x00,0x00,0x00,
  0x00,0x00,0x00,0x00,0x00,0x00,0x00,0xEF,0xF8,0x00,0x0E,0xF9,0x50,0x00,0xEF,0x10,0x00,0x0E,0xF1,0x00,
  0x00,0xEF,0x10,0x00,0x0E,0xF1,0x00,0x00,0xEF,0x10,0x00,0x0E,0xF1,0x00,0x00,0xEF,0x10,0x00,0x0E,0xF1,
  0x00,0x00,0xEF,0x10,0x00,0x0E,0xF1,0x00,0x00,0xEF,0x10,0x00,0x0E,0xFF,0x80,0x00,0x89,0x95,0x00,0x00,
  0x00,0x00,0x00,0x00,0x00,0x00,0x00,0x00,0x00,0x00,0x00,0x00,0x00,0x00,0x00,0x00,0x00,0x00,0x00,0x00,
  0x00,0x00,0x0C,0xE0,0x00,0x00,0x08,0xF3,0x00,0x00,0x04,0xF7,0x00,0x00,0x00,0xFB,0x00,0x00,0x00,0xBF,
  0x10,0x00,0x00,0x7F,0x40,0x00,0x00,0x3F,0x80,0x00,0x00,0x0E,0xC0,0x00,0x00,0x0A,0xF1,0x00,0x00,0x06,
  0xF5,0x00,0x00,0x02,0xF9,0x00,0x00,0x00,0xDD,0x00,0x00,0x00,0x9F,0x20,0x00,0x00,0x4E,0x60,0x00,0x00,
  0x00,0x00,0x00,0x00,0x00,0x00,0x00,0x00,0x00,0x00,0x00,0x00,0x00,0x00,0x00,0x00,0x00,0x00,0x00,0x00,
  0x00,0x00,0x00,0x00,0x07,0xFF,0xF0,0x00,0x49,0xFF,0x00,0x00,0x0E,0xF0,0x00,0x00,0xEF,0x00,0x00,0x0E,
  0xF0,0x00,0x00,0xEF,0x00,0x00,0x0E,0xF0,0x00,0x00,0xEF,0x00,0x00,0x0E,0xF0,0x00,0x00,0xEF,0x00,0x00,
  0x0E,0xF0,0x00,0x00,0xEF,0x00,0x00,0x0E,0xF0,0x00,0x7F,0xFF,0x00,0x04,0x99,0x90,0x00,0x00,0x00,0x00,
  0x00,0x00,0x00,0x00,0x00,0x00,0x00,0x00,0x00,0x00,0x00,0x00,0x00,0x00,0x00,0x00,0x00,0x00,0x00,0x00,
  0x00,0x00,0x00,0x03,0x74,0x00,0x00,0x00,0xBF,0xE1,0x00,0x00,0x3F,0x7F,0x70,0x00,0x0A,0xD0,0xAD,0x00,
  0x02,0xF7,0x03,0xF6,0x00,0x48,0x10,0x07,0x60,0x00,0x00,0x00,0x00,0x00,0x00,0x00,0x00,0x00,0x00,0x00,
  0x00,0x00,0x00,0x00,0x00,0x00,0x00,0x00,0x00,0x00,0x00,0x00,0x00,0x00,0x00,0x00,0x00,0x00,0x00,0x00,
  0x00,0x00,0x00,0x00,0x00,0x00,0x00,0x00,0x00,0x00,0x00,0x00,0x00,0x00,0x00,0x00,0x00,0x00,0x00,0x00,
  0x00,0x00,0x00,0x00,0x00,0x00,0x00,0x00,0x00,0x00,0x00,0x00,0x00,0x00,0x00,0x00,0x00,0x00,0x00,0x00,
  0x00,0x00,0x00,0x00,0x00,0x00,0x00,0x00,0x00,0x00,0x00,0x00,0x00,0x00,0x00,0x00,0x00,0x00,0x00,0x00,
  0x00,0x00,0x00,0x00,0x00,0x00,0x00,0x00,0x00,0x00,0x00,0x00,0x00,0x00,0x00,0x00,0x00,0x00,0x00,0x00,
  0x00,0x00,0x00,0x00,0x00,0x00,0x00,0x00,0x00,0x00,0x00,0x00,0x00,0x00,0x00,0x00,0x00,0x00,0x00,0x0F,
  0xFF,0xFF,0xFF,0x70,0x09,0x99,0x99,0x99,0x40,0x00,0x00,0x00,0x00,0x00,0x00,0x00,0x00,0x00,0x00,0x00,
  0x00,0x00,0x00,0x00,0x00,0x00,0x00,0x00,0x00,0x00,0x00,0x00,0x00,0x00,0x00,0x00,0x02,0xEC,0x00,0x00,
  0x5F,0x50,0x00,0x05,0x40,0x00,0x00,0x00,0x00,0x00,0x00,0x00,0x00,0x00,0x00,0x00,0x00,0x00,0x00,0x00,
  0x00,0x00,0x00,0x00,0x00,0x00,0x00,0x00,0x00,0x00,0x00,0x00,0x00,0x00,0x00,0x00,0x00,0x00,0x00,0x00,
  0x00,0x00,0x00,0x00,0x00,0x00,0x00,0x00,0x00,0x00,0x00,0x00,0x00,0x00,0x00,0x00,0x00,0x00,0x00,0x00,
  0x00,0x00,0x00,0x00,0x00,0x00,0x00,0x00,0x00,0x00,0x00,0x00,0x00,0x00,0x00,0x00,0x00,0x00,0x00,0x00,
  0x00,0x00,0x00,0x00,0x00,0x00,0x01,0x9D,0xED,0x60,0x00,0x00,0xCF,0xC9,0xEF,0x60,0x00,0x2C,0xB0,0x05,
  0xFB,0x00,0x00,0x01,0x36,0xAF,0xC0,0x00,0x08,0xEF,0xFD,0xFC,0x00,0x04,0xFE,0x51,0x2F,0xC0,0x00,0x6F,
  0x90,0x06,0xFC,0x00,0x03,0xFE,0x89,0xEF,0xC0,0x00,0x06,0xDE,0xB5,0xFC,0x00,0x00,0x00,0x00,0x00,0x00,
  0x00,0x00,0x00,0x00,0x00,0x00,0x00,0x00,0x00,0x00,0x00,0x00,0x00,0x00,0x00,0x00,0x00,0x00,0x00,0x00,
  0x00,0x00,0x00,0x00,0x00,0x00,0x00,0x00,0x00,0x00,0x00,0x00,0x00,0x00,0x00,0x00,0x00,0x00,0x00,0x00,
  0x00,0x00,0x00,0x00,0x00,0x02,0xFD,0x00,0x00,0x00,0x00,0x2F,0xD0,0x00,0x00,0x00,0x02,0xFD,0x00,0x00,
  0x00,0x00,0x2F,0xD4,0xCE,0xB2,0x00,0x02,0xFE,0xEB,0xCF,0xE1,0x00,0x2F,0xF5,0x00,0xAF,0x80,0x02,0xFD,
  0x00,0x03,0xFB,0x00,0x2F,0xB0,0x00,0x2F,0xD0,0x02,0xFD,0x00,0x03,0xFB,0x00,0x2F,0xF5,0x00,0xAF,0x80,
  0x02,0xFE,0xEB,0xCF,0xE1,0x00,0x2F,0xC5,0xCE,0xB3,0x00,0x00,0x00,0x00,0x00,0x00,0x00,0x00,0x00,0x00,
  0x00,0x00,0x00,0x00,0x00,0x00,0x00,0x00,0x00,0x00,0x00,0x00,0x00,0x00,0x00,0x00,0x00,0x00,0x00,0x00,
  0x00,0x00,0x00,0x00,0x00,0x00,0x00,0x00,0x00,0x00,0x00,0x00,0x00,0x00,0x00,0x00,0x00,0x00,0x00,0x00,
  0x00,0x00,0x00,0x00,0x00,0x00,0x00,0x00,0x00,0x00,0x00,0x00,0x00,0x00,0x00,0x00,0x00,0x00,0x00,0x6C,
  0xED,0x70,0x00,0x00,0x8F,0xEB,0xEF,0x90,0x00,0x2F,0xE2,0x01,0xEF,0x10,0x05,0xF9,0x00,0x03,0x41,0x00,
  0x7F,0x80,0x00,0x00,0x00,0x05,0xF9,0x00,0x03,0x41,0x00,0x2F,0xE2,0x01,0xEF,0x10,0x00,0x8F,0xEB,0xEF,
  0x90,0x00,0x00,0x6C,0xED,0x70,0x00,0x00,0x00,0x00,0x00,0x00,0x00,0x00,0x00,0x00,0x00,0x00,0x00,0x00,
  0x00,0x00,0x00,0x00,0x00,0x00,0x00,0x00,0x00,0x00,0x00,0x00,0x00,0x00,0x00,0x00,0x00,0x00,0x00,0x00,
  0x00,0x00,0x00,0x00,0x00,0x00,0x00,0x00,0x00,0x00,0x00,0x00,0x00,0x00,0x00,0x00,0x00,0x00,0x00,0x00,
  0x07,0xF8,0x00,0x00,0x00,0x00,0x7F,0x80,0x00,0x00,0x00,0x07,0xF8,0x00,0x00,0x8D,0xD9,0x7F,0x80,0x00,
  0xAF,0xEA,0xEE,0xF8,0x00,0x2F,0xE1,0x01,0xDF,0x80,0x06,0xF9,0x00,0x07,0xF8,0x00,0x7F,0x80,0x00,0x6F,
  0x80,0x06,0xF9,0x00,0x07,0xF8,0x00,0x3F,0xE1,0x01,0xDF,0x80,0x00,0xAF,0xEA,0xEE,0xF8,0x00,0x00,0x9D,
  0xD8,0x7F,0x80,0x00,0x00,0x00,0x00,0x00,0x00,0x00,0x00,0x00,0x00,0x00,0x00,0x00,0x00,0x00,0x00,0x00,
  0x00,0x00,0x00,0x00,0x00,0x00,0x00,0x00,0x00,0x00,0x00,0x00,0x00,0x00,0x00,0x00,0x00,0x00,0x00,0x00,
  0x00,0x00,0x00,0x00,0x00,0x00,0x00,0x00,0x00,0x00,0x00,0x00,0x00,0x00,0x00,0x00,0x00,0x00,0x00,0x00,
  0x00,0x00,0x00,0x00,0x00,0x00,0x00,0x00,0x00,0x00,0x00,0x6C,0xEC,0x50,0x00,0x00,0x8F,0xD9,0xDF,0x70,
  0x00,0x2F,0xD0,0x01,0xEE,0x10,0x05,0xFB,0x55,0x5C,0xF4,0x00,0x7F,0xFF,0xFF,0xFF,0x60,0x05,0xF7,0x00,
  0x00,0x00,0x00,0x2F,0xD1,0x00,0xAC,0x20,0x00,0x8F,0xD9,0xCF,0xA0,0x00,0x00,0x6C,0xED,0x70,0x00,0x00,
  0x00,0x00,0x00,0x00,0x00,0x00,0x00,0x00,0x00,0x00,0x00,0x00,0x00,0x00,0x00,0x00,0x00,0x00,0x00,0x00,
  0x00,0x00,0x00,0x00,0x00,0x00,0x00,0x00,0x00,0x00,0x00,0x00,0x00,0x00,0x00,0x00,0x00,0x00,0x00,0x00,
  0x00,0x00,0x00,0x00,0x08,0xEF,0x40,0x00,0x4F,0xE9,0x20,0x00,0x6F,0x90,0x00,0x0D,0xFF,0xFF,0x40,0x08,
  0xBF,0xD9,0x20,0x00,0x6F,0x90,0x00,0x00,0x6F,0x90,0x00,0x00,0x6F,0x90,0x00,0x00,0x6F,0x90,0x00,0x00,
  0x6F,0x90,0x00,0x00,0x6F,0x90,0x00,0x00,0x6F,0x90,0x00,0x00,0x00,0x00,0x00,0x00,0x00,0x00,0x00,0x00,
  0x00,0x00,0x00,0x00,0x00,0x00,0x00,0x00,0x00,0x00,0x00,0x00,0x00,0x00,0x00,0x00,0x00,0x00,0x00,0x00,
  0x00,0x00,0x00,0x00,0x00,0x00,0x00,0x00,0x00,0x00,0x00,0x00,0x00,0x00,0x00,0x00,0x00,0x00,0x00,0x00,
  0x00,0x00,0x00,0x00,0x00,0x00,0x00,0x00,0x00,0x00,0x00,0x8D,0xD8,0x7F,0x80,0x00,0xAF,0xEA,0xDE,0xF8,
  0x00,0x2F,0xE1,0x01,0xDF,0x80,0x06,0xF9,0x00,0x07,0xF8,0x00,0x7F,0x80,0x00,0x6F,0x80,0x06,0xF9,0x00,
  0x07,0xF8,0x00,0x3F,0xE1,0x01,0xDF,0x80,0x00,0xAF,0xEA,0xDE,0xF8,0x00,0x00,0x9D,0xD9,0x7F,0x80,0x00,
  0x33,0x00,0x08,0xF6,0x00,0x0D,0xF6,0x13,0xEF,0x20,0x00,0x4E,0xFF,0xFF,0x70,0x00,0x00,0x16,0x76,0x20,
  0x00,0x00,0x00,0x00,0x00,0x00,0x00,0x00,0x00,0x00,0x00,0x00,0x00,0x00,0x00,0x00,0x00,0x00,0x00,0x00,
  0x00,0x00,0x00,0x00,0x00,0x00,0x00,0x00,0x00,0x02,0xFD,0x00,0x00,0x00,0x00,0x2F,0xD0,0x00,0x00,0x00,
  0x02,0xFD,0x00,0x00,0x00,0x00,0x2F,0xD4,0xCE,0xB2,0x00,0x02,0xFE,0xEC,0xEF,0xC0,0x00,0x2F,0xF4,0x01,
  0xFF,0x20,0x02,0xFE,0x00,0x0C,0xF4,0x00,0x2F,0xD0,0x00,0xAF,0x40,0x02,0xFD,0x00,0x0A,0xF4,0x00,0x2F,
  0xD0,0x00,0xAF,0x40,0x02,0xFD,0x00,0x0A,0xF4,0x00,0x2F,0xD0,0x00,0xAF,0x40,0x00,0x00,0x00,0x00,0x00,
  0x00,0x00,0x00,0x00,0x00,0x00,0x00,0x00,0x00,0x00,0x00,0x00,0x00,0x00,0x00,0x00,0x00,0x00,0x00,0x00,
  0x00,0x00,0x00,0x00,0x00,0x00,0x00,0x00,0x00,0x00,0x00,0x00,0x00,0x00,0x00,0x01,0xDA,0x00,0x02,0xFD,
  0x00,0x00,0x21,0x00,0x02,0xFD,0x00,0x02,0xFD,0x00,0x02,0xFD,0x00,0x02,0xFD,0x00,0x02,0xFD,0x00,0x02,
  0xFD,0x00,0x02,0xFD,0x00,0x02,0xFD,0x00,0x02,0xFD,0x00,0x00,0x00,0x00,0x00,0x00,0x00,0x00,0x00,0x00,
  0x00,0x00,0x00,0x00,0x00,0x00,0x00,0x00,0x00,0x00,0x00,0x00,0x00,0x00,0x00,0x00,0x00,0x00,0x01,0xDA,
  0x00,0x02,0xFD,0x00,0x00,0x21,0x00,0x02,0xFD,0x00,0x02,0xFD,0x00,0x02,0xFD,0x00,0x02,0xFD,0x00,0x02,
  0xFD,0x00,0x02,0xFD,0x00,0x02,0xFD,0x00,0x02,0xFD,0x00,0x02,0xFD,0x00,0x03,0xFC,0x00,0x5C,0xFA,0x00,
  0x8E,0xB2,0x00,0x00,0x00,0x00,0x00,0x00,0x00,0x00,0x00,0x00,0x00,0x00,0x00,0x00,0x00,0x00,0x00,0x00,
  0x00,0x00,0x00,0x00,0x00,0x00,0x00,0x00,0x00,0x00,0x00,0x02,0xFD,0x00,0x00,0x00,0x00,0x2F,0xD0,0x00,
  0x00,0x00,0x02,0xFD,0x00,0x00,0x00,0x00,0x2F,0xD0,0x05,0xFD,0x20,0x02,0xFD,0x04,0xFE,0x30,0x00,0x2F,
  0xD3,0xEF,0x40,0x00,0x02,0xFE,0xDF,0x70,0x00,0x00,0x2F,0xFF,0xF8,0x00,0x00,0x02,0xFF,0x7F,0xF3,0x00,
  0x00,0x2F,0xD0,0x7F,0xD1,0x00,0x02,0xFD,0x00,0xBF,0x90,0x00,0x2F,0xD0,0x02,0xEF,0x40,0x00,0x00,0x00,
  0x00,0x00,0x00,0x00,0x00,0x00,0x00,0x00,0x00,0x00,0x00,0x00,0x00,0x00,0x00,0x00,0x00,0x00,0x00,0x00,
  0x00,0x00,0x00,0x00,0x00,0x00,0x00,0x00,0x00,0x00,0x00,0x00,0x00,0x00,0x00,0x00,0x00,0x02,0xFD,0x00,
  0x02,0xFD,0x00,0x02,0xFD,0x00,0x02,0xFD,0x00,0x02,0xFD,0x00,0x02,0xFD,0x00,0x02,0xFD,0x00,0x02,0xFD,
  0x00,0x02,0xFD,0x00,0x02,0xFD,0x00,0x02,0xFD,0x00,0x02,0xFD,0x00,0x00,0x00,0x00,0x00,0x00,0x00,0x00,
  0x00,0x00,0x00,0x00,0x00,0x00,0x00,0x00,0x00,0x00,0x00,0x00,0x00,0x00,0x00,0x00,0x00,0x00,0x00,0x00,
  0x00,0x00,0x00,0x00,0x00,0x00,0x00,0x00,0x00,0x00,0x00,0x00,0x00,0x00,0x00,0x00,0x00,0x00,0x00,0x00,
  0x00,0x00,0x00,0x00,0x00,0x00,0x00,0x00,0x00,0x00,0x00,0x00,0x00,0x00,0x00,0x00,0x00,0x00,0x00,0x00,
  0x00,0x00,0x00,0x00,0x02,0xFC,0x4C,0xE9,0x05,0xCE,0xA1,0x00,0x02,0xFD,0xDB,0xFF,0xBE,0xBF,0xFA,0x00,
  0x02,0xFF,0x40,0x5F,0xF4,0x04,0xFE,0x00,0x02,0xFE,0x00,0x0F,0xE0,0x00,0xFF,0x00,0x02,0xFD,0x00,0x0F,
  0xE0,0x00,0xEF,0x00,0x02,0xFD,0x00,0x0F,0xE0,0x00,0xEF,0x00,0x02,0xFD,0x00,0x0F,0xE0,0x00,0xEF,0x00,
  0x02,0xFD,0x00,0x0F,0xE0,0x00,0xEF,0x00,0x02,0xFD,0x00,0x0F,0xE0,0x00,0xEF,0x00,0x00,0x00,0x00,0x00,
  0x00,0x00,0x00,0x00,0x00,0x00,0x00,0x00,0x00,0x00,0x00,0x00,0x00,0x00,0x00,0x00,0x00,0x00,0x00,0x00,
  0x00,0x00,0x00,0x00,0x00,0x00,0x00,0x00,0x00,0x00,0x00,0x00,0x00,0x00,0x00,0x00,0x00,0x00,0x00,0x00,
  0x00,0x00,0x00,0x00,0x00,0x00,0x00,0x00,0x00,0x00,0x00,0x00,0x00,0x00,0x00,0x00,0x00,0x00,0x00,0x00,
  0x00,0x00,0x00,0x00,0x00,0x00,0x00,0x00,0x00,0x00,0x00,0x00,0x00,0x00,0x00,0x2F,0xC4,0xCE,0xB2,0x00,
  0x02,0xFE,0xEC,0xEF,0xC0,0x00,0x2F,0xF4,0x01,0xFF,0x20,0x02,0xFE,0x00,0x0C,0xF4,0x00,0x2F,0xD0,0x00,
  0xAF,0x40,0x02,0xFD,0x00,0x0A,0xF4,0x00,0x2F,0xD0,0x00,0xAF,0x40,0x02,0xFD,0x00,0x0A,0xF4,0x00,0x2F,
  0xD0,0x00,0xAF,0x40,0x00,0x00,0x00,0x00,0x00,0x00,0x00,0x00,0x00,0x00,0x00,0x00,0x00,0x00,0x00,0x00,
  0x00,0x00,0x00,0x00,0x00,0x00,0x00,0x00,0x00,0x00,0x00,0x00,0x00,0x00,0x00,0x00,0x00,0x00,0x00,0x00,
  0x00,0x00,0x00,0x00,0x00,0x00,0x00,0x00,0x00,0x00,0x00,0x00,0x00,0x00,0x00,0x00,0x00,0x00,0x00,0x00,
  0x00,0x00,0x00,0x00,0x00,0x00,0x00,0x00,0x00,0x00,0x00,0x00,0x6C,0xEC,0x70,0x00,0x00,0x8F,0xEB,0xEF,
  0x90,0x00,0x2F,0xE2,0x01,0xDF,0x30,0x05,0xF9,0x00,0x08,0xF7,0x00,0x7F,0x80,0x00,0x6F,0x90,0x05,0xF9,
  0x00,0x08,0xF7,0x00,0x2F,0xE2,0x01,0xDF,0x30,0x00,0x8F,0xEA,0xDF,0xA0,0x00,0x00,0x6C,0xEC,0x70,0x00,
  0x00,0x00,0x00,0x00,0x00,0x00,0x00,0x00,0x00,0x00,0x00,0x00,0x00,0x00,0x00,0x00,0x00,0x00,0x00,0x00,
  0x00,0x00,0x00,0x00,0x00,0x00,0x00,0x00,0x00,0x00,0x00,0x00,0x00,0x00,0x00,0x00,0x00,0x00,0x00,0x00,
  0x00,0x00,0x00,0x00,0x00,0x00,0x00,0x00,0x00,0x00,0x00,0x00,0x00,0x00,0x00,0x00,0x00,0x00,0x00,0x00,
  0x00,0x00,0x00,0x00,0x00,0x00,0x00,0x2F,0xC5,0xCE,0xB2,0x00,0x02,0xFE,0xFB,0xCF,0xE1,0x00,0x2F,0xF5,
  0x00,0xAF,0x80,0x02,0xFD,0x00,0x03,0xFB,0x00,0x2F,0xB0,0x00,0x2F,0xD0,0x02,0xFD,0x00,0x03,0xFB,0x00,
  0x2F,0xF5,0x00,0xAF,0x80,0x02,0xFE,0xEB,0xCF,0xE1,0x00,0x2F,0xD4,0xCE,0xB3,0x00,0x02,0xFD,0x00,0x00,
  0x00,0x00,0x2F,0xD0,0x00,0x00,0x00,0x02,0xFD,0x00,0x00,0x00,0x00,0x02,0x10,0x00,0x00,0x00,0x00,0x00,
  0x00,0x00,0x00,0x00,0x00,0x00,0x00,0x00,0x00,0x00,0x00,0x00,0x00,0x00,0x00,0x00,0x00,0x00,0x00,0x00,
  0x00,0x00,0x00,0x00,0x00,0x00,0x00,0x00,0x00,0x00,0x00,0x00,0x00,0x00,0x00,0x00,0x00,0x00,0x00,0x00,
  0x00,0x00,0x00,0x00,0x8D,0xD9,0x7F,0x80,0x00,0xAF,0xEA,0xEE,0xF8,0x00,0x2F,0xE1,0x01,0xDF,0x80,0x06,
  0xF9,0x00,0x07,0xF8,0x00,0x7F,0x80,0x00,0x6F,0x80,0x06,0xF9,0x00,0x07,0xF8,0x00,0x3F,0xE1,0x01,0xDF,
  0x80,0x00,0xAF,0xEA,0xEE,0xF8,0x00,0x00,0x9D,0xD8,0x7F,0x80,0x00,0x00,0x00,0x07,0xF8,0x00,0x00,0x00,
  0x00,0x7F,0x80,0x00,0x00,0x00,0x07,0xF8,0x00,0x00,0x00,0x00,0x12,0x10,0x00,0x00,0x00,0x00,0x00,0x00,
  0x00,0x00,0x00,0x00,0x00,0x00,0x00,0x00,0x00,0x00,0x00,0x00,0x00,0x00,0x00,0x00,0x00,0x00,0x00,0x00,
  0x00,0x00,0x00,0x00,0x00,0x00,0x00,0x00,0x02,0xFB,0x7E,0x70,0x02,0xFE,0xEB,0x50,0x02,0xFF,0x30,0x00,
  0x02,0xFD,0x00,0x00,0x02,0xFD,0x00,0x00,0x02,0xFD,0x00,0x00,0x02,0xFD,0x00,0x00,0x02,0xFD,0x00,0x00,
  0x02,0xFD,0x00,0x00,0x00,0x00,0x00,0x00,0x00,0x00,0x00,0x00,0x00,0x00,0x00,0x00,0x00,0x00,0x00,0x00,
  0x00,0x00,0x00,0x00,0x00,0x00,0x00,0x00,0x00,0x00,0x00,0x00,0x00,0x00,0x00,0x00,0x00,0x00,0x00,0x00,
  0x00,0x00,0x00,0x00,0x00,0x00,0x00,0x00,0x00,0x00,0x00,0x00,0x00,0x00,0x00,0x00,0x00,0x00,0x00,0x00,
  0x3B,0xEE,0xB3,0x00,0x01,0xEF,0xAA,0xFE,0x10,0x04,0xFB,0x00,0x8D,0x40,0x02,0xFF,0x84,0x10,0x00,0x00,
  0x6E,0xFF,0xF9,0x00,0x00,0x00,0x48,0xEF,0x60,0x05,0xC8,0x00,0x8F,0x80,0x02,0xEF,0xA9,0xEF,0x40,0x00,
  0x3B,0xEE,0xC5,0x00,0x00,0x00,0x00,0x00,0x00,0x00,0x00,0x00,0x00,0x00,0x00,0x00,0x00,0x00,0x00,0x00,
  0x00,0x00,0x00,0x00,0x00,0x00,0x00,0x00,0x00,0x00,0x00,0x00,0x00,0x00,0x00,0x00,0x00,0x00,0x00,0x00,
  0x00,0x00,0x00,0x00,0x00,0x00,0x24,0x20,0x00,0x00,0x7F,0x80,0x00,0x00,0x7F,0x80,0x00,0x0D,0xFF,0xFF,
  0x30,0x08,0xCF,0xC9,0x20,0x00,0x7F,0x80,0x00,0x00,0x7F,0x80,0x00,0x00,0x7F,0x80,0x00,0x00,0x7F,0x80,
  0x00,0x00,0x7F,0x90,0x00,0x00,0x5F,0xE9,0x20,0x00,0x0A,0xEF,0x30,0x00,0x00,0x00,0x00,0x00,0x00,0x00,
  0x00,0x00,0x00,0x00,0x00,0x00,0x00,0x00,0x00,0x00,0x00,0x00,0x00,0x00,0x00,0x00,0x00,0x00,0x00,0x00,
  0x00,0x00,0x00,0x00,0x00,0x00,0x00,0x00,0x00,0x00,0x00,0x00,0x00,0x00,0x00,0x00,0x00,0x00,0x00,0x00,
  0x00,0x00,0x00,0x00,0x00,0x00,0x00,0x00,0x00,0x00,0x00,0x00,0x2F,0xD0,0x00,0xAF,0x40,0x02,0xFD,0x00,
  0x0A,0xF4,0x00,0x2F,0xD0,0x00,0xAF,0x40,0x02,0xFD,0x00,0x0A,0xF4,0x00,0x2F,0xD0,0x00,0xAF,0x40,0x02,
  0xFE,0x00,0x0B,0xF4,0x00,0x0F,0xF3,0x02,0xEF,0x40,0x00,0xAF,0xEB,0xEE,0xF4,0x00,0x01,0xAE,0xD6,0xAF,
  0x40,0x00,0x00,0x00,0x00,0x00,0x00,0x00,0x00,0x00,0x00,0x00,0x00,0x00,0x00,0x00,0x00,0x00,0x00,0x00,
  0x00,0x00,0x00,0x00,0x00,0x00,0x00,0x00,0x00,0x00,0x00,0x00,0x00,0x00,0x00,0x00,0x00,0x00,0x00,0x00,
  0x00,0x00,0x00,0x00,0x00,0x00,0x00,0x00,0x00,0x00,0x00,0x00,0x00,0x00,0x00,0x00,0x00,0x00,0x00,0x00,
  0x00,0x00,0x00,0x00,0x00,0x00,0x00,0x00,0xAF,0x60,0x00,0xBF,0x50,0x05,0xFB,0x00,0x1F,0xE0,0x00,0x1E,
  0xF1,0x05,0xFA,0x00,0x00,0xAF,0x50,0xAF,0x40,0x00,0x05,0xFA,0x0E,0xE0,0x00,0x00,0x0E,0xE4,0xF9,0x00,
  0x00,0x00,0x9F,0xCF,0x40,0x00,0x00,0x04,0xFF,0xE0,0x00,0x00,0x00,0x0E,0xF8,0x00,0x00,0x00,0x00,0x00,
  0x00,0x00,0x00,0x00,0x00,0x00,0x00,0x00,0x00,0x00,0x00,0x00,0x00,0x00,0x00,0x00,0x00,0x00,0x00,0x00,
  0x00,0x00,0x00,0x00,0x00,0x00,0x00,0x00,0x00,0x00,0x00,0x00,0x00,0x00,0x00,0x00,0x00,0x00,0x00,0x00,
  0x00,0x00,0x00,0x00,0x00,0x00,0x00,0x00,0x00,0x00,0x00,0x00,0x00,0x00,0x00,0x00,0x00,0x00,0x00,0x00,
  0x00,0x00,0x00,0x00,0x00,0x00,0x00,0x00,0x00,0x00,0x00,0x00,0x00,0x00,0x00,0x00,0x00,0x00,0xBF,0x50,
  0x0A,0xF6,0x00,0x9F,0x70,0x07,0xF9,0x00,0xEF,0xA0,0x0D,0xF2,0x00,0x2F,0xC0,0x3F,0xFE,0x02,0xFD,0x00,
  0x00,0xDF,0x17,0xF9,0xF2,0x5F,0x90,0x00,0x09,0xF4,0xAE,0x3F,0x69,0xF5,0x00,0x00,0x5F,0x8E,0xA0,0xE9,
  0xCF,0x10,0x00,0x01,0xFD,0xF6,0x0A,0xDF,0xB0,0x00,0x00,0x0B,0xFF,0x20,0x6F,0xF7,0x00,0x00,0x00,0x7F,
  0xD0,0x02,0xFF,0x30,0x00,0x00,0x00,0x00,0x00,0x00,0x00,0x00,0x00,0x00,0x00,0x00,0x00,0x00,0x00,0x00,
  0x00,0x00,0x00,0x00,0x00,0x00,0x00,0x00,0x00,0x00,0x00,0x00,0x00,0x00,0x00,0x00,0x00,0x00,0x00,0x00,
  0x00,0x00,0x00,0x00,0x00,0x00,0x00,0x00,0x00,0x00,0x00,0x00,0x00,0x00,0x00,0x00,0x00,0x00,0x00,0x00,
  0x00,0x00,0x00,0x00,0x00,0x00,0x00,0x00,0x00,0x00,0x00,0x00,0x00,0x00,0x00,0x00,0x00,0x00,0x05,0xFC,
  0x00,0x5F,0xC0,0x00,0xBF,0x61,0xDF,0x30,0x00,0x2E,0xE8,0xF8,0x00,0x00,0x07,0xFF,0xD1,0x00,0x00,0x01,
  0xFF,0x70,0x00,0x00,0x09,0xFF,0xE2,0x00,0x00,0x4F,0xD7,0xFA,0x00,0x00,0xDF,0x40,0xCF,0x50,0x08,0xFA,
  0x00,0x4F,0xE1,0x00,0x00,0x00,0x00,0x00,0x00,0x00,0x00,0x00,0x00,0x00,0x00,0x00,0x00,0x00,0x00,0x00,
  0x00,0x00,0x00,0x00,0x00,0x00,0x00,0x00,0x00,0x00,0x00,0x00,0x00,0x00,0x00,0x00,0x00,0x00,0x00,0x00,
  0x00,0x00,0x00,0x00,0x00,0x00,0x00,0x00,0x00,0x00,0x00,0x00,0x00,0x00,0x00,0x00,0x00,0x00,0x00,0x00,
  0x00,0x00,0x00,0x00,0x00,0x00,0x00,0xAF,0x60,0x00,0xBF,0x50,0x05,0xFB,0x00,0x1F,0xE0,0x00,0x0E,0xF1,
  0x06,0xF9,0x00,0x00,0x9F,0x60,0xBF,0x30,0x00,0x03,0xFB,0x1F,0xD0,0x00,0x00,0x0D,0xF7,0xF7,0x00,0x00,
  0x00,0x7F,0xEF,0x20,0x00,0x00,0x02,0xFF,0xB0,0x00,0x00,0x00,0x0C,0xF6,0x00,0x00,0x00,0x01,0xEF,0x10,
  0x00,0x00,0x09,0xCF,0x90,0x00,0x00,0x00,0xFE,0x91,0x00,0x00,0x00,0x00,0x00,0x00,0x00,0x00,0x00,0x00,
  0x00,0x00,0x00,0x00,0x00,0x00,0x00,0x00,0x00,0x00,0x00,0x00,0x00,0x00,0x00,0x00,0x00,0x00,0x00,0x00,
  0x00,0x00,0x00,0x00,0x00,0x00,0x00,0x00,0x00,0x00,0x00,0x00,0x00,0x00,0x00,0x00,0x00,0x00,0x00,0x04,
  0xFF,0xFF,0xFF,0x50,0x02,0x99,0x9A,0xFF,0x30,0x00,0x00,0x09,0xF9,0x00,0x00,0x00,0x5F,0xD1,0x00,0x00,
  0x02,0xEF,0x30,0x00,0x00,0x0B,0xF7,0x00,0x00,0x00,0x7F,0xC0,0x00,0x00,0x02,0xFF,0xB9,0x99,0x30,0x04,
  0xFF,0xFF,0xFF,0x60,0x00,0x00,0x00,0x00,0x00,0x00,0x00,0x00,0x00,0x00,0x00,0x00,0x00,0x00,0x00,0x00,
  0x00,0x00,0x00,0x00,0x00,0x00,0x00,0x00,0x00,0x00,0x00,0x00,0x00,0x00,0x00,0x00,0x00,0x00,0x00,0x00,
  0x00,0x00,0x00,0x00,0x00,0x00,0x00,0x00,0x00,0x4C,0xE3,0x00,0x00,0x1E,0xFA,0x10,0x00,0x04,0xFA,0x00,
  0x00,0x00,0x6F,0x80,0x00,0x00,0x06,0xF8,0x00,0x00,0x00,0xAF,0x60,0x00,0x01,0xEF,0xC1,0x00,0x00,0x1F,
  0xFA,0x10,0x00,0x00,0x1C,0xF5,0x00,0x00,0x00,0x7F,0x80,0x00,0x00,0x06,0xF8,0x00,0x00,0x00,0x5F,0x90,
  0x00,0x00,0x03,0xFD,0x20,0x00,0x00,0x0B,0xFF,0x30,0x00,0x00,0x05,0x81,0x00,0x00,0x00,0x00,0x00,0x00,
  0x00,0x00,0x00,0x00,0x00,0x12,0x10,0x00,0x04,0xF8,0x00,0x00,0x4F,0x80,0x00,0x04,0xF8,0x00,0x00,0x4F,
  0x80,0x00,0x04,0xF8,0x00,0x00,0x4F,0x80,0x00,0x04,0xF8,0x00,0x00,0x4F,0x80,0x00,0x04,0xF8,0x00,0x00,
  0x4F,0x80,0x00,0x04,0xF8,0x00,0x00,0x4F,0x80,0x00,0x04,0xF8,0x00,0x00,0x4F,0x80,0x00,0x04,0xF8,0x00,
  0x00,0x4F,0x80,0x00,0x04,0xF8,0x00,0x00,0x4F,0x80,0x00,0x04,0xF8,0x00,0x00,0x00,0x00,0x00,0x00,0x00,
  0x00,0x00,0x00,0x00,0x00,0x00,0x00,0x00,0x00,0x00,0x00,0x00,0x00,0x00,0x00,0x00,0x06,0xEA,0x20,0x00,
  0x00,0x4C,0xFC,0x00,0x00,0x00,0x0E,0xF0,0x00,0x00,0x00,0xCF,0x20,0x00,0x00,0x0C,0xF2,0x00,0x00,0x00,
  0xAF,0x60,0x00,0x00,0x04,0xEF,0xB0,0x00,0x00,0x2C,0xFC,0x00,0x00,0x0A,0xF8,0x10,0x00,0x00,0xCF,0x20,
  0x00,0x00,0x0C,0xF2,0x00,0x00,0x00,0xDF,0x10,0x00,0x00,0x3F,0xE0,0x00,0x00,0x7F,0xF7,0x00,0x00,0x04,
  0x74,0x00,0x00,0x00,0x00,0x00,0x00,0x00,0x00,0x00,0x00,0x00,0x00,0x00,0x00,0x00,0x00,0x00,0x00,0x00,
  0x00,0x00,0x00,0x00,0x00,0x00,0x00,0x00,0x00,0x00,0x00,0x00,0x00,0x00,0x00,0x00,0x00,0x00,0x00,0x00,
  0x00,0x00,0x00,0x00,0x00,0x00,0x00,0x00,0x00,0x00,0x00,0x00,0x00,0x00,0x00,0x00,0x00,0x00,0x00,0x00,
  0x00,0x00,0x00,0x00,0x00,0x00,0x00,0x00,0x00,0x00,0x00,0x00,0x00,0x00,0x2B,0xEB,0x50,0x7F,0x30,0x00,
  0xAF,0xCE,0xFC,0xFE,0x10,0x00,0xDC,0x02,0xAE,0xD5,0x00,0x00,0x10,0x00,0x00,0x00,0x00,0x00,0x00,0x00,
  0x00,0x00,0x00,0x00,0x00,0x00,0x00,0x00,0x00,0x00,0x00,0x00,0x00,0x00,0x00,0x00,0x00,0x00,0x00,0x00,
  0x00,0x00,0x00,0x00,0x00,0x00,0x00,0x00,0x00,0x00,0x00,0x00,0x00,0x00,0x00,0x00,0x00,0x00,0x00,0x00,
  0x00,0x20,0x02,0x00,0x00,0x00,0x0A,0xF4,0x4F,0xA0,0x00,0x00,0x08,0xD3,0x3D,0x80,0x00,0x00,0x00,0x00,
  0x00,0x00,0x00,0x00,0xFF,0xFF,0xFF,0xFF,0x10,0x00,0xFF,0xCC,0xCC,0xCC,0x10,0x00,0xFF,0x00,0x00,0x00,
  0x00,0x00,0xFF,0x00,0x00,0x00,0x00,0x00,0xFF,0x00,0x00,0x00,0x00,0x00,0xFF,0xFF,0xFF,0xF9,0x00,0x00,
  0xFF,0xCB,0xBB,0xB7,0x00,0x00,0xFF,0x00,0x00,0x00,0x00,0x00,0xFF,0x00,0x00,0x00,0x00,0x00,0xFF,0x00,
  0x00,0x00,0x00,0x00,0xFF,0xCC,0xCC,0xCC,0x10,0x00,0xFF,0xFF,0xFF,0xFF,0x10,0x00,0x00,0x00,0x00,0x00,
  0x00,0x00,0x00,0x00,0x00,0x00,0x00,0x00,0x00,0x00,0x00,0x00,0x00,0x00,0x00,0x00,0x00,0x00,0x00,0x00,
  0x00,0x00,0x00,0x00,0x00,0x00,0x00,0x00,0x00,0x00,0x00,0x00,0x00,0x00,0x00,0x00,0x00,0x00,0x00,0x00,
  0x00,0x00,0x00,0x00,0x00,0x00,0x00,0x00,0x00,0x00,0x00,0x00,0x00,0x0E,0xFE,0x10,0x00,0x00,0x00,0x04,
  0xFF,0xF5,0x00,0x00,0x00,0x00,0x9F,0xAF,0xB0,0x00,0x00,0x00,0x0E,0xF2,0xEF,0x10,0x00,0x00,0x05,0xFB,
  0x0A,0xF6,0x00,0x00,0x00,0xAF,0x70,0x6F,0xB0,0x00,0x00,0x1E,0xF2,0x01,0xFF,0x10,0x00,0x05,0xFF,0xAA,
  0xAE,0xF6,0x00,0x00,0xAF,0xFF,0xFF,0xFF,0xC0,0x00,0x1F,0xF2,0x00,0x01,0xFF,0x20,0x06,0xFC,0x00,0x00,
  0x0B,0xF7,0x00,0xBF,0x70,0x00,0x00,0x7F,0xC0,0x00,0x00,0x00,0x00,0x00,0x00,0x00,0x00,0x00,0x00,0x00,
  0x00,0x00,0x00,0x00,0x00,0x00,0x00,0x00,0x00,0x00,0x00,0x00,0x00,0x00,0x00,0x00,0x00,0x00,0x00,0x00,
  0x00,0x00,0x00,0x00,0x00,0x00,0x00,0x00,0x00,0x00,0x00,0x00,0x00,0x00,0x00,0x00,0x00,0x00,0x00,0x00,
  0x00,0x00,0x00,0x00,0x00,0x00,0x00,0xFF,0xFF,0xFF,0xF5,0x00,0x00,0xFF,0xBB,0xBB,0xB4,0x00,0x00,0xFF,
  0x00,0x00,0x00,0x00,0x00,0xFF,0x00,0x00,0x00,0x00,0x00,0xFF,0x00,0x00,0x00,0x00,0x00,0xFF,0xFF,0xFD,
  0x91,0x00,0x00,0xFF,0xAA,0xBE,0xFC,0x00,0x00,0xFF,0x00,0x01,0xDF,0x30,0x00,0xFF,0x00,0x00,0xAF,0x50,
  0x00,0xFF,0x00,0x01,0xDF,0x30,0x00,0xFF,0xAA,0xBF,0xFB,0x00,0x00,0xFF,0xFF,0xFD,0x81,0x00,0x00,0x00,
  0x00,0x00,0x00,0x00,0x00,0x00,0x00,0x00,0x00,0x00,0x00,0x00,0x00,0x00,0x00,0x00,0x00,0x00,0x00,0x00,
  0x00,0x00,0x00,0x00,0x00,0x00,0x00,0x00,0x00,0x00,0x00,0x00,0x00,0x00,0x00,0x00,0x00,0x00,0x00,0x00,
  0x00,0x00,0x00,0x00,0x00,0x00,0x00,0x00,0x00,0x00,0x00,0x00,0x00,0xFF,0xFF,0xFD,0x91,0x00,0x00,0xFF,
  0xAA,0xBF,0xFC,0x00,0x00,0xFF,0x00,0x02,0xEF,0x30,0x00,0xFF,0x00,0x00,0xCF,0x40,0x00,0xFF,0x00,0x16,
  0xFD,0x00,0x00,0xFF,0xFF,0xFF,0xC1,0x00,0x00,0xFF,0x99,0xAD,0xFD,0x10,0x00,0xFF,0x00,0x00,0xAF,0x90,
  0x00,0xFF,0x00,0x00,0x6F,0xB0,0x00,0xFF,0x00,0x00,0xAF,0x90,0x00,0xFF,0xAA,0xAD,0xFF,0x30,0x00,0xFF,
  0xFF,0xFD,0xA3,0x00,0x00,0x00,0x00,0x00,0x00,0x00,0x00,0x00,0x00,0x00,0x00,0x00,0x00,0x00,0x00,0x00,
  0x00,0x00,0x00,0x00,0x00,0x00,0x00,0x00,0x00,0x00,0x00,0x00,0x00,0x00,0x00,0x00,0x00,0x00,0x00,0x00,
  0x00,0x00,0x00,0x00,0x00,0x00,0x00,0x00,0x00,0x00,0x00,0x00,0x00,0x00,0x00,0x00,0x00,0xFF,0xFF,0xFF,
  0xF6,0x00,0x0F,0xFC,0xCC,0xCC,0x50,0x00,0xFF,0x00,0x00,0x00,0x00,0x0F,0xF0,0x00,0x00,0x00,0x00,0xFF,
  0x00,0x00,0x00,0x00,0x0F,0xF0,0x00,0x00,0x00,0x00,0xFF,0x00,0x00,0x00,0x00,0x0F,0xF0,0x00,0x00,0x00,
  0x00,0xFF,0x00,0x00,0x00,0x00,0x0F,0xF0,0x00,0x00,0x00,0x00,0xFF,0x00,0x00,0x00,0x00,0x0F,0xF0,0x00,
  0x00,0x00,0x00,0x00,0x00,0x00,0x00,0x00,0x00,0x00,0x00,0x00,0x00,0x00,0x00,0x00,0x00,0x00,0x00,0x00,
  0x00,0x00,0x00,0x00,0x00,0x00,0x00,0x00,0x00,0x00,0x00,0x00,0x00,0x00,0x00,0x00,0x00,0x00,0x00,0x00,
  0x00,0x00,0x00,0x00,0x00,0x00,0x00,0x00,0x00,0x00,0x00,0x00,0x00,0x00,0x00,0x00,0x00,0x00,0x00,0x00,
  0x00,0x00,0xBF,0xFF,0xFF,0xFF,0x10,0x00,0x00,0x0C,0xFD,0xCC,0xCF,0xF1,0x00,0x00,0x00,0xDF,0x20,0x00,
  0xFF,0x10,0x00,0x00,0x0F,0xF1,0x00,0x0F,0xF1,0x00,0x00,0x01,0xFF,0x00,0x00,0xFF,0x10,0x00,0x00,0x2F,
  0xD0,0x00,0x0F,0xF1,0x00,0x00,0x04,0xFC,0x00,0x00,0xFF,0x10,0x00,0x00,0x7F,0x90,0x00,0x0F,0xF1,0x00,
  0x00,0x0B,0xF5,0x00,0x00,0xFF,0x10,0x00,0x03,0xFE,0x10,0x00,0x0F,0xF1,0x00,0x08,0xEF,0xEC,0xCC,0xCC,
  0xFF,0xC4,0x00,0xAF,0xFF,0xFF,0xFF,0xFF,0xFF,0x50,0x0A,0xF5,0x00,0x00,0x00,0x09,0xF5,0x00,0xAF,0x50,
  0x00,0x00,0x00,0x9F,0x50,0x05,0x73,0x00,0x00,0x00,0x05,0x73,0x00,0x00,0x00,0x00,0x00,0x00,0x00,0x00,
  0x00,0x00,0x00,0x00,0x00,0x00,0x00,0x00,0x00,0x00,0x00,0x00,0x00,0x00,0x00,0x00,0x00,0x00,0x00,0x00,
  0x00,0x00,0x00,0x00,0x00,0x00,0x00,0x00,0x00,0x00,0x00,0x00,0x00,0xFF,0xFF,0xFF,0xFF,0x10,0x00,0xFF,
  0xCC,0xCC,0xCC,0x10,0x00,0xFF,0x00,0x00,0x00,0x00,0x00,0xFF,0x00,0x00,0x00,0x00,0x00,0xFF,0x00,0x00,
  0x00,0x00,0x00,0xFF,0xFF,0xFF,0xF9,0x00,0x00,0xFF,0xCB,0xBB,0xB7,0x00,0x00,0xFF,0x00,0x00,0x00,0x00,
  0x00,0xFF,0x00,0x00,0x00,0x00,0x00,0xFF,0x00,0x00,0x00,0x00,0x00,0xFF,0xCC,0xCC,0xCC,0x10,0x00,0xFF,
  0xFF,0xFF,0xFF,0x10,0x00,0x00,0x00,0x00,0x00,0x00,0x00,0x00,0x00,0x00,0x00,0x00,0x00,0x00,0x00,0x00,
  0x00,0x00,0x00,0x00,0x00,0x00,0x00,0x00,0x00,0x00,0x00,0x00,0x00,0x00,0x00,0x00,0x00,0x00,0x00,0x00,
  0x00,0x00,0x00,0x00,0x00,0x00,0x00,0x00,0x00,0x00,0x00,0x00,0x00,0x00,0x00,0x00,0x00,0x00,0x00,0x00,
  0x00,0x00,0x00,0x00,0x00,0x00,0x00,0x00,0x00,0x00,0x05,0xFE,0x10,0x03,0xFD,0x00,0x06,0xFD,0x00,0x00,
  0xCF,0x70,0x03,0xFD,0x00,0x0D,0xF6,0x00,0x00,0x3F,0xE1,0x03,0xFD,0x00,0x6F,0xC0,0x00,0x00,0x0A,0xF8,
  0x03,0xFD,0x00,0xDF,0x40,0x00,0x00,0x02,0xFE,0x13,0xFD,0x06,0xFB,0x00,0x00,0x00,0x00,0x9F,0xCC,0xFE,
  0xBE,0xF3,0x00,0x00,0x00,0x00,0xAF,0xFF,0xFF,0xFF,0xF5,0x00,0x00,0x00,0x04,0xFE,0x13,0xFD,0x05,0xFD,
  0x00,0x00,0x00,0x0C,0xF6,0x03,0xFD,0x00,0xCF,0x70,0x00,0x00,0x6F,0xC0,0x03,0xFD,0x00,0x3F,0xE1,0x00,
  0x01,0xEF,0x40,0x03,0xFD,0x00,0x0A,0xF9,0x00,0x09,0xFA,0x00,0x03,0xFD,0x00,0x02,0xFF,0x30,0x00,0x00,
  0x00,0x00,0x00,0x00,0x00,0x00,0x00,0x00,0x00,0x00,0x00,0x00,0x00,0x00,0x00,0x00,0x00,0x00,0x00,0x00,
  0x00,0x00,0x00,0x00,0x00,0x00,0x00,0x00,0x00,0x00,0x00,0x00,0x00,0x00,0x00,0x00,0x00,0x00,0x00,0x00,
  0x00,0x00,0x00,0x00,0x00,0x00,0x00,0x00,0x00,0x00,0x00,0x00,0x00,0x00,0x00,0x00,0x00,0x00,0x00,0x00,
  0x00,0x00,0x00,0x00,0x00,0x00,0x00,0x00,0x04,0xBE,0xEB,0x30,0x00,0x00,0x6F,0xFB,0xDF,0xF4,0x00,0x00,
  0xEF,0x30,0x06,0xFB,0x00,0x01,0x98,0x00,0x02,0xFC,0x00,0x00,0x00,0x00,0x3A,0xF7,0x00,0x00,0x00,0x4F,
  0xFE,0x50,0x00,0x00,0x00,0x29,0xCF,0xE5,0x00,0x00,0x00,0x00,0x03,0xFE,0x10,0x05,0xFB,0x00,0x00,0xDF,
  0x30,0x01,0xFE,0x20,0x03,0xFF,0x00,0x00,0x7F,0xEB,0xBF,0xF7,0x00,0x00,0x05,0xBE,0xEB,0x50,0x00,0x00,
  0x00,0x00,0x00,0x00,0x00,0x00,0x00,0x00,0x00,0x00,0x00,0x00,0x00,0x00,0x00,0x00,0x00,0x00,0x00,0x00,
  0x00,0x00,0x00,0x00,0x00,0x00,0x00,0x00,0x00,0x00,0x00,0x00,0x00,0x00,0x00,0x00,0x00,0x00,0x00,0x00,
  0x00,0x00,0x00,0x00,0x00,0x00,0x00,0x00,0x00,0x00,0x00,0x00,0x00,0x00,0x00,0x00,0x00,0x00,0xFF,0x00,
  0x00,0x1E,0xF8,0x00,0x00,0xFF,0x00,0x00,0x9F,0xF8,0x00,0x00,0xFF,0x00,0x03,0xFF,0xF8,0x00,0x00,0xFF,
  0x00,0x0C,0xFC,0xF8,0x00,0x00,0xFF,0x00,0x6F,0xB7,0xF8,0x00,0x00,0xFF,0x01,0xEF,0x38,0xF8,0x00,0x00,
  0xFF,0x0A,0xF8,0x08,0xF8,0x00,0x00,0xFF,0x4F,0xD1,0x08,0xF8,0x00,0x00,0xFF,0xCF,0x50,0x08,0xF8,0x00,
  0x00,0xFF,0xFB,0x00,0x08,0xF8,0x00,0x00,0xFF,0xF2,0x00,0x08,0xF8,0x00,0x00,0xFF,0x80,0x00,0x08,0xF8,
  0x00,0x00,0x00,0x00,0x00,0x00,0x00,0x00,0x00,0x00,0x00,0x00,0x00,0x00,0x00,0x00,0x00,0x00,0x00,0x00,
  0x00,0x00,0x00,0x00,0x00,0x00,0x00,0x00,0x00,0x00,0x00,0x00,0x00,0x00,0x00,0x00,0x00,0x00,0x33,0x00,
  0x51,0x00,0x00,0x00,0x00,0x8D,0x47,0xF2,0x00,0x00,0x00,0x00,0x19,0xED,0x50,0x00,0x00,0x00,0x00,0x00,
  0x00,0x00,0x00,0x00,0x00,0xFF,0x00,0x00,0x1E,0xF8,0x00,0x00,0xFF,0x00,0x00,0x9F,0xF8,0x00,0x00,0xFF,
  0x00,0x03,0xFF,0xF8,0x00,0x00,0xFF,0x00,0x0C,0xFC,0xF8,0x00,0x00,0xFF,0x00,0x6F,0xB7,0xF8,0x00,0x00,
  0xFF,0x01,0xEF,0x38,0xF8,0x00,0x00,0xFF,0x0A,0xF8,0x08,0xF8,0x00,0x00,0xFF,0x4F,0xD1,0x08,0xF8,0x00,
  0x00,0xFF,0xCF,0x50,0x08,0xF8,0x00,0x00,0xFF,0xFB,0x00,0x08,0xF8,0x00,0x00,0xFF,0xF2,0x00,0x08,0xF8,
  0x00,0x00,0xFF,0x80,0x00,0x08,0xF8,0x00,0x00,0x00,0x00,0x00,0x00,0x00,0x00,0x00,0x00,0x00,0x00,0x00,
  0x00,0x00,0x00,0x00,0x00,0x00,0x00,0x00,0x00,0x00,0x00,0x00,0x00,0x00,0x00,0x00,0x00,0x00,0x00,0x00,
  0x00,0x00,0x00,0x00,0x00,0x00,0x00,0x00,0x00,0x00,0x00,0x00,0x00,0x00,0x00,0x00,0x00,0x00,0x00,0x00,
  0x00,0x00,0x00,0x00,0x00,0x00,0x00,0x00,0x00,0x00,0xFF,0x00,0x00,0x6F,0xE1,0x00,0x0F,0xF0,0x00,0x3E,
  0xF4,0x00,0x00,0xFF,0x00,0x0C,0xF8,0x00,0x00,0x0F,0xF0,0x09,0xFB,0x00,0x00,0x00,0xFF,0x05,0xFE,0x20,
  0x00,0x00,0x0F,0xFF,0xFF,0x40,0x00,0x00,0x00,0xFF,0xDE,0xF7,0x00,0x00,0x00,0x0F,0xF0,0x3E,0xF4,0x00,
  0x00,0x00,0xFF,0x00,0x6F,0xD1,0x00,0x00,0x0F,0xF0,0x00,0xAF,0xB0,0x00,0x00,0xFF,0x00,0x01,0xDF,0x70,
  0x00,0x0F,0xF0,0x00,0x04,0xFF,0x30,0x00,0x00,0x00,0x00,0x00,0x00,0x00,0x00,0x00,0x00,0x00,0x00,0x00,
  0x00,0x00,0x00,0x00,0x00,0x00,0x00,0x00,0x00,0x00,0x00,0x00,0x00,0x00,0x00,0x00,0x00,0x00,0x00,0x00,
  0x00,0x00,0x00,0x00,0x00,0x00,0x00,0x00,0x00,0x00,0x00,0x00,0x00,0x00,0x00,0x00,0x00,0x00,0x00,0x00,
  0x00,0x00,0x00,0x00,0x00,0x00,0x00,0x02,0xFF,0xFF,0xFF,0xF8,0x00,0x00,0x3F,0xEC,0xCC,0xEF,0x80,0x00,
  0x05,0xFB,0x00,0x08,0xF8,0x00,0x00,0x6F,0xA0,0x00,0x8F,0x80,0x00,0x07,0xF8,0x00,0x08,0xF8,0x00,0x00,
  0x8F,0x70,0x00,0x8F,0x80,0x00,0x0A,0xF6,0x00,0x08,0xF8,0x00,0x00,0xBF,0x50,0x00,0x8F,0x80,0x00,0x0D,
  0xF2,0x00,0x08,0xF8,0x00,0x03,0xFE,0x00,0x00,0x8F,0x80,0x08,0xEF,0x80,0x00,0x08,0xF8,0x00,0xAD,0x80,
  0x00,0x00,0x8F,0x80,0x00,0x00,0x00,0x00,0x00,0x00,0x00,0x00,0x00,0x00,0x00,0x00,0x00,0x00,0x00,0x00,
  0x00,0x00,0x00,0x00,0x00,0x00,0x00,0x00,0x00,0x00,0x00,0x00,0x00,0x00,0x00,0x00,0x00,0x00,0x00,0x00,
  0x00,0x00,0x00,0x00,0x00,0x00,0x00,0x00,0x00,0x00,0x00,0x00,0x00,0x00,0x00,0x00,0x00,0x00,0x00,0x00,
  0x00,0x00,0x00,0x00,0x00,0x00,0x00,0x00,0x00,0x00,0xFF,0xF2,0x00,0x00,0x1F,0xFF,0x20,0x00,0xFF,0xF7,
  0x00,0x00,0x6F,0xFF,0x20,0x00,0xFF,0xFD,0x00,0x00,0xBF,0xEF,0x20,0x00,0xFE,0xCF,0x30,0x01,0xFD,0xDF,
  0x20,0x00,0xFF,0x7F,0x80,0x07,0xF8,0xDF,0x20,0x00,0xFF,0x2F,0xE0,0x0C,0xF3,0xDF,0x20,0x00,0xFF,0x0C,
  0xF4,0x2F,0xD0,0xDF,0x20,0x00,0xFF,0x07,0xF9,0x7F,0x80,0xDF,0x20,0x00,0xFF,0x01,0xFD,0xBF,0x20,0xDF,
  0x20,0x00,0xFF,0x00,0xBF,0xFC,0x00,0xDF,0x20,0x00,0xFF,0x00,0x5F,0xF6,0x00,0xDF,0x20,0x00,0xFF,0x00,
  0x1E,0xF1,0x00,0xDF,0x20,0x00,0x00,0x00,0x00,0x00,0x00,0x00,0x00,0x00,0x00,0x00,0x00,0x00,0x00,0x00,
  0x00,0x00,0x00,0x00,0x00,0x00,0x00,0x00,0x00,0x00,0x00,0x00,0x00,0x00,0x00,0x00,0x00,0x00,0x00,0x00,
  0x00,0x00,0x00,0x00,0x00,0x00,0x00,0x00,0x00,0x00,0x00,0x00,0x00,0x00,0x00,0x00,0x00,0x00,0x00,0x00,
  0x00,0x00,0x00,0x00,0x00,0x00,0x00,0x00,0x00,0x00,0x00,0x00,0xFF,0x00,0x00,0x09,0xF7,0x00,0x0F,0xF0,
  0x00,0x00,0x9F,0x70,0x00,0xFF,0x00,0x00,0x09,0xF7,0x00,0x0F,0xF0,0x00,0x00,0x9F,0x70,0x00,0xFF,0x00,
  0x00,0x09,0xF7,0x00,0x0F,0xFF,0xFF,0xFF,0xFF,0x70,0x00,0xFF,0xCC,0xCC,0xCE,0xF7,0x00,0x0F,0xF0,0x00,
  0x00,0x9F,0x70,0x00,0xFF,0x00,0x00,0x09,0xF7,0x00,0x0F,0xF0,0x00,0x00,0x9F,0x70,0x00,0xFF,0x00,0x00,
  0x09,0xF7,0x00,0x0F,0xF0,0x00,0x00,0x9F,0x70,0x00,0x00,0x00,0x00,0x00,0x00,0x00,0x00,0x00,0x00,0x00,
  0x00,0x00,0x00,0x00,0x00,0x00,0x00,0x00,0x00,0x00,0x00,0x00,0x00,0x00,0x00,0x00,0x00,0x00,0x00,0x00,
  0x00,0x00,0x00,0x00,0x00,0x00,0x00,0x00,0x00,0x00,0x00,0x00,0x00,0x00,0x00,0x00,0x00,0x00,0x00,0x00,
  0x00,0x00,0x00,0x00,0x00,0x00,0x00,0x00,0x00,0x00,0x00,0x00,0x5B,0xED,0xA5,0x00,0x00,0x00,0x09,0xFF,
  0xEE,0xFF,0x90,0x00,0x00,0x6F,0xE4,0x00,0x5E,0xF6,0x00,0x00,0xEF,0x40,0x00,0x05,0xFE,0x00,0x03,0xFD,
  0x00,0x00,0x00,0xEF,0x20,0x05,0xFB,0x00,0x00,0x00,0xBF,0x50,0x05,0xFB,0x00,0x00,0x00,0xBF,0x50,0x03,
  0xFD,0x00,0x00,0x00,0xEF,0x20,0x01,0xEF,0x40,0x00,0x05,0xFE,0x00,0x00,0x6F,0xE4,0x00,0x4E,0xF6,0x00,
  0x00,0x0A,0xFF,0xEE,0xFF,0x90,0x00,0x00,0x00,0x5B,0xEE,0xB5,0x00,0x00,0x00,0x00,0x00,0x00,0x00,0x00,
  0x00,0x00,0x00,0x00,0x00,0x00,0x00,0x00,0x00,0x00,0x00,0x00,0x00,0x00,0x00,0x00,0x00,0x00,0x00,0x00,
  0x00,0x00,0x00,0x00,0x00,0x00,0x00,0x00,0x00,0x00,0x00,0x00,0x00,0x00,0x00,0x00,0x00,0x00,0x00,0x00,
  0x00,0x00,0x00,0x00,0x00,0x00,0x00,0x00,0x00,0x00,0x00,0x00,0x00,0x00,0x00,0x00,0xFF,0xFF,0xFF,0xFF,
  0xF7,0x00,0x0F,0xFC,0xCC,0xCC,0xEF,0x70,0x00,0xFF,0x00,0x00,0x09,0xF7,0x00,0x0F,0xF0,0x00,0x00,0x9F,
  0x70,0x00,0xFF,0x00,0x00,0x09,0xF7,0x00,0x0F,0xF0,0x00,0x00,0x9F,0x70,0x00,0xFF,0x00,0x00,0x09,0xF7,
  0x00,0x0F,0xF0,0x00,0x00,0x9F,0x70,0x00,0xFF,0x00,0x00,0x09,0xF7,0x00,0x0F,0xF0,0x00,0x00,0x9F,0x70,
  0x00,0xFF,0x00,0x00,0x09,0xF7,0x00,0x0F,0xF0,0x00,0x00,0x9F,0x70,0x00,0x00,0x00,0x00,0x00,0x00,0x00,
  0x00,0x00,0x00,0x00,0x00,0x00,0x00,0x00,0x00,0x00,0x00,0x00,0x00,0x00,0x00,0x00,0x00,0x00,0x00,0x00,
  0x00,0x00,0x00,0x00,0x00,0x00,0x00,0x00,0x00,0x00,0x00,0x00,0x00,0x00,0x00,0x00,0x00,0x00,0x00,0x00,
  0x00,0x00,0x00,0x00,0x00,0x00,0x00,0x00,0x00,0x00,0x00,0xFF,0xFF,0xFC,0x81,0x00,0x00,0xFF,0xCB,0xCF,
  0xFB,0x00,0x00,0xFF,0x00,0x02,0xDF,0x50,0x00,0xFF,0x00,0x00,0x8F,0x70,0x00,0xFF,0x00,0x00,0x9F,0x70,
  0x00,0xFF,0x00,0x15,0xEF,0x30,0x00,0xFF,0xFF,0xFF,0xF8,0x00,0x00,0xFF,0xCB,0xB9,0x40,0x00,0x00,0xFF,
  0x00,0x00,0x00,0x00,0x00,0xFF,0x00,0x00,0x00,0x00,0x00,0xFF,0x00,0x00,0x00,0x00,0x00,0xFF,0x00,0x00,
  0x00,0x00,0x00,0x00,0x00,0x00,0x00,0x00,0x00,0x00,0x00,0x00,0x00,0x00,0x00,0x00,0x00,0x00,0x00,0x00,
  0x00,0x00,0x00,0x00,0x00,0x00,0x00,0x00,0x00,0x00,0x00,0x00,0x00,0x00,0x00,0x00,0x00,0x00,0x00,0x00,
  0x00,0x00,0x00,0x00,0x00,0x00,0x00,0x00,0x00,0x00,0x00,0x00,0x00,0x00,0x00,0x00,0x00,0x00,0x00,0x00,
  0x00,0x00,0x5B,0xDE,0xB5,0x00,0x00,0x00,0x0A,0xFF,0xEE,0xFF,0xA0,0x00,0x00,0x6F,0xE4,0x00,0x4E,0xF7,
  0x00,0x01,0xEF,0x40,0x00,0x05,0xFC,0x00,0x03,0xFD,0x00,0x00,0x00,0x33,0x00,0x05,0xFB,0x00,0x00,0x00,
  0x00,0x00,0x05,0xFB,0x00,0x00,0x00,0x00,0x00,0x03,0xFD,0x00,0x00,0x00,0x22,0x00,0x01,0xEF,0x40,0x00,
  0x04,0xFD,0x00,0x00,0x6F,0xE4,0x00,0x3D,0xF7,0x00,0x00,0x0A,0xFF,0xEE,0xFF,0xA0,0x00,0x00,0x00,0x5B,
  0xDE,0xC5,0x00,0x00,0x00,0x00,0x00,0x00,0x00,0x00,0x00,0x00,0x00,0x00,0x00,0x00,0x00,0x00,0x00,0x00,
  0x00,0x00,0x00,0x00,0x00,0x00,0x00,0x00,0x00,0x00,0x00,0x00,0x00,0x00,0x00,0x00,0x00,0x00,0x00,0x00,
  0x00,0x00,0x00,0x00,0x00,0x00,0x00,0x00,0x00,0x00,0x00,0x00,0x00,0x00,0x00,0x00,0x00,0x00,0x00,0x00,
  0x00,0x00,0x00,0x0A,0xFF,0xFF,0xFF,0xFF,0xA0,0x08,0xCC,0xCF,0xFC,0xCC,0x80,0x00,0x00,0x0F,0xF1,0x00,
  0x00,0x00,0x00,0x0F,0xF1,0x00,0x00,0x00,0x00,0x0F,0xF1,0x00,0x00,0x00,0x00,0x0F,0xF1,0x00,0x00,0x00,
  0x00,0x0F,0xF1,0x00,0x00,0x00,0x00,0x0F,0xF1,0x00,0x00,0x00,0x00,0x0F,0xF1,0x00,0x00,0x00,0x00,0x0F,
  0xF1,0x00,0x00,0x00,0x00,0x0F,0xF1,0x00,0x00,0x00,0x00,0x0F,0xF1,0x00,0x00,0x00,0x00,0x00,0x00,0x00,
  0x00,0x00,0x00,0x00,0x00,0x00,0x00,0x00,0x00,0x00,0x00,0x00,0x00,0x00,0x00,0x00,0x00,0x00,0x00,0x00,
  0x00,0x00,0x00,0x00,0x00,0x00,0x00,0x00,0x00,0x00,0x00,0x00,0x00,0x00,0x00,0x00,0x00,0x00,0x00,0x00,
  0x00,0x00,0x00,0x00,0x00,0x00,0x00,0x00,0x00,0x0A,0xFA,0x00,0x00,0x7F,0xC0,0x03,0xFF,0x10,0x00,0xDF,
  0x60,0x00,0xBF,0x70,0x03,0xFE,0x10,0x00,0x5F,0xE0,0x09,0xF8,0x00,0x00,0x0D,0xF5,0x1E,0xF2,0x00,0x00,
  0x06,0xFB,0x5F,0xB0,0x00,0x00,0x00,0xEF,0xDF,0x50,0x00,0x00,0x00,0x7F,0xFD,0x00,0x00,0x00,0x00,0x1E,
  0xF7,0x00,0x00,0x00,0x00,0x2F,0xF1,0x00,0x00,0x00,0x3C,0xEF,0x70,0x00,0x00,0x00,0x3F,0xE9,0x00,0x00,
  0x00,0x00,0x00,0x00,0x00,0x00,0x00,0x00,0x00,0x00,0x00,0x00,0x00,0x00,0x00,0x00,0x00,0x00,0x00,0x00,
  0x00,0x00,0x00,0x00,0x00,0x00,0x00,0x00,0x00,0x00,0x00,0x00,0x00,0x00,0x00,0x00,0x00,0x00,0x00,0x00,
  0x00,0x00,0x00,0x00,0x00,0x00,0x00,0x00,0x00,0x00,0x00,0x00,0x00,0x00,0x00,0x00,0x00,0x00,0x00,0x00,
  0x00,0x00,0x00,0x00,0x7F,0x80,0x00,0x00,0x00,0x00,0x03,0x7C,0xFD,0x74,0x00,0x00,0x00,0x1A,0xFF,0xFF,
  0xFF,0xFB,0x10,0x00,0x09,0xFD,0x68,0xF9,0x5D,0xFA,0x00,0x02,0xFE,0x20,0x7F,0x80,0x1E,0xF3,0x00,0x4F,
  0xB0,0x07,0xF8,0x00,0x9F,0x60,0x06,0xF9,0x00,0x7F,0x80,0x08,0xF7,0x00,0x4F,0xC0,0x07,0xF8,0x00,0xBF,
  0x50,0x01,0xEF,0x50,0x7F,0x80,0x4F,0xE1,0x00,0x05,0xFF,0xBB,0xFC,0xAF,0xF7,0x00,0x00,0x05,0xDF,0xFF,
  0xFF,0xE5,0x00,0x00,0x00,0x00,0x29,0xFA,0x20,0x00,0x00,0x00,0x00,0x00,0x4A,0x50,0x00,0x00,0x00,0x00,
  0x00,0x00,0x00,0x00,0x00,0x00,0x00,0x00,0x00,0x00,0x00,0x00,0x00,0x00,0x00,0x00,0x00,0x00,0x00,0x00,
  0x00,0x00,0x00,0x00,0x00,0x00,0x00,0x00,0x00,0x00,0x00,0x00,0x00,0x00,0x00,0x00,0x00,0x00,0x00,0x00,
  0x00,0x00,0x00,0x00,0x00,0x00,0x00,0x00,0x00,0x00,0x00,0x00,0x00,0x00,0x00,0x03,0xFF,0x20,0x00,0x3F,
  0xF2,0x00,0x09,0xFC,0x00,0x0C,0xF7,0x00,0x00,0x1D,0xF6,0x07,0xFC,0x00,0x00,0x00,0x4F,0xE4,0xFF,0x20,
  0x00,0x00,0x00,0x9F,0xFF,0x70,0x00,0x00,0x00,0x01,0xEF,0xC0,0x00,0x00,0x00,0x00,0x2F,0xFE,0x20,0x00,
  0x00,0x00,0x0C,0xFD,0xFB,0x00,0x00,0x00,0x07,0xFC,0x1D,0xF6,0x00,0x00,0x03,0xFF,0x20,0x4F,0xE2,0x00,
  0x00,0xCF,0x70,0x00,0x9F,0xB0,0x00,0x8F,0xC0,0x00,0x01,0xEF,0x60,0x00,0x00,0x00,0x00,0x00,0x00,0x00,
  0x00,0x00,0x00,0x00,0x00,0x00,0x00,0x00,0x00,0x00,0x00,0x00,0x00,0x00,0x00,0x00,0x00,0x00,0x00,0x00,
  0x00,0x00,0x00,0x00,0x00,0x00,0x00,0x00,0x00,0x00,0x00,0x00,0x00,0x00,0x00,0x00,0x00,0x00,0x00,0x00,
  0x00,0x00,0x00,0x00,0x00,0x00,0x00,0x00,0x00,0x00,0x00,0x00,0x00,0x00,0x00,0xFF,0x00,0x00,0x0D,0xF3,
  0x00,0x00,0xFF,0x00,0x00,0x0D,0xF3,0x00,0x00,0xFF,0x00,0x00,0x0D,0xF3,0x00,0x00,0xFF,0x00,0x00,0x0D,
  0xF3,0x00,0x00,0xFF,0x00,0x00,0x0D,0xF3,0x00,0x00,0xFF,0x00,0x00,0x0D,0xF3,0x00,0x00,0xFF,0x00,0x00,
  0x0D,0xF3,0x00,0x00,0xFF,0x00,0x00,0x0D,0xF3,0x00,0x00,0xFF,0x00,0x00,0x0D,0xF3,0x00,0x00,0xFF,0x00,
  0x00,0x0D,0xF3,0x00,0x00,0xFF,0xCC,0xCC,0xCF,0xFC,0x40,0x00,0xFF,0xFF,0xFF,0xFF,0xFF,0x50,0x00,0x00,
  0x00,0x00,0x00,0x9F,0x50,0x00,0x00,0x00,0x00,0x00,0x9F,0x50,0x00,0x00,0x00,0x00,0x00,0x57,0x20,0x00,
  0x00,0x00,0x00,0x00,0x00,0x00,0x00,0x00,0x00,0x00,0x00,0x00,0x00,0x00,0x00,0x00,0x00,0x00,0x00,0x00,
  0x00,0x00,0x00,0x00,0x00,0x00,0x00,0x00,0x00,0x00,0x00,0x00,0x00,0x00,0x00,0x00,0x00,0x00,0x00,0x02,
  0xFE,0x00,0x00,0x3F,0xD0,0x00,0x2F,0xE0,0x00,0x03,0xFD,0x00,0x02,0xFE,0x00,0x00,0x3F,0xD0,0x00,0x2F,
  0xE0,0x00,0x03,0xFD,0x00,0x00,0xFF,0x10,0x00,0x3F,0xD0,0x00,0x0C,0xFA,0x21,0x39,0xFD,0x00,0x00,0x4F,
  0xFF,0xFF,0xFF,0xD0,0x00,0x00,0x28,0xAA,0x86,0xFD,0x00,0x00,0x00,0x00,0x00,0x3F,0xD0,0x00,0x00,0x00,
  0x00,0x03,0xFD,0x00,0x00,0x00,0x00,0x00,0x3F,0xD0,0x00,0x00,0x00,0x00,0x03,0xFD,0x00,0x00,0x00,0x00,
  0x00,0x00,0x00,0x00,0x00,0x00,0x00,0x00,0x00,0x00,0x00,0x00,0x00,0x00,0x00,0x00,0x00,0x00,0x00,0x00,
  0x00,0x00,0x00,0x00,0x00,0x00,0x00,0x00,0x00,0x00,0x00,0x00,0x00,0x00,0x00,0x00,0x00,0x00,0x00,0x00,
  0x00,0x00,0x00,0x00,0x00,0x00,0x00,0x00,0x00,0x00,0x00,0x00,0x00,0x00,0x00,0x00,0x00,0x00,0x00,0x00,
  0x00,0x00,0x00,0x00,0x00,0xFF,0x00,0x07,0xF9,0x00,0x0D,0xF3,0x00,0x0F,0xF0,0x00,0x7F,0x90,0x00,0xDF,
  0x30,0x00,0xFF,0x00,0x07,0xF9,0x00,0x0D,0xF3,0x00,0x0F,0xF0,0x00,0x7F,0x90,0x00,0xDF,0x30,0x00,0xFF,
  0x00,0x07,0xF9,0x00,0x0D,0xF3,0x00,0x0F,0xF0,0x00,0x7F,0x90,0x00,0xDF,0x30,0x00,0xFF,0x00,0x07,0xF9,
  0x00,0x0D,0xF3,0x00,0x0F,0xF0,0x00,0x7F,0x90,0x00,0xDF,0x30,0x00,0xFF,0x00,0x07,0xF9,0x00,0x0D,0xF3,
  0x00,0x0F,0xF0,0x00,0x7F,0x90,0x00,0xDF,0x30,0x00,0xFF,0xCC,0xCD,0xFE,0xCC,0xCF,0xF3,0x00,0x0F,0xFF,
  0xFF,0xFF,0xFF,0xFF,0xFF,0x30,0x00,0x00,0x00,0x00,0x00,0x00,0x00,0x00,0x00,0x00,0x00,0x00,0x00,0x00,
  0x00,0x00,0x00,0x00,0x00,0x00,0x00,0x00,0x00,0x00,0x00,0x00,0x00,0x00,0x00,0x00,0x00,0x00,0x00,0x00,
  0x00,0x00,0x00,0x00,0x00,0x00,0x00,0x00,0x00,0x00,0x00,0x00,0x00,0x00,0x00,0x00,0x00,0x00,0x00,0x00,
  0x00,0x00,0x00,0x00,0x00,0x00,0x00,0x00,0x00,0x00,0x00,0x00,0x00,0x00,0x00,0x00,0x00,0x00,0x00,0x00,
  0x00,0x00,0x00,0x00,0x00,0x00,0xFF,0x00,0x07,0xF9,0x00,0x0D,0xF3,0x00,0x00,0xFF,0x00,0x07,0xF9,0x00,
  0x0D,0xF3,0x00,0x00,0xFF,0x00,0x07,0xF9,0x00,0x0D,0xF3,0x00,0x00,0xFF,0x00,0x07,0xF9,0x00,0x0D,0xF3,
  0x00,0x00,0xFF,0x00,0x07,0xF9,0x00,0x0D,0xF3,0x00,0x00,0xFF,0x00,0x07,0xF9,0x00,0x0D,0xF3,0x00,0x00,
  0xFF,0x00,0x07,0xF9,0x00,0x0D,0xF3,0x00,0x00,0xFF,0x00,0x07,0xF9,0x00,0x0D,0xF3,0x00,0x00,0xFF,0x00,
  0x07,0xF9,0x00,0x0D,0xF3,0x00,0x00,0xFF,0x00,0x07,0xF9,0x00,0x0D,0xF3,0x00,0x00,0xFF,0xCC,0xCD,0xFE,
  0xCC,0xCF,0xFC,0x40,0x00,0xFF,0xFF,0xFF,0xFF,0xFF,0xFF,0xFF,0x50,0x00,0x00,0x00,0x00,0x00,0x00,0x00,
  0xAF,0x50,0x00,0x00,0x00,0x00,0x00,0x00,0x00,0xAF,0x50,0x00,0x00,0x00,0x00,0x00,0x00,0x00,0x57,0x20,
  0x00,0x00,0x00,0x00,0x00,0x00,0x00,0x00,0x00,0x00,0x00,0x00,0x00,0x00,0x00,0x00,0x00,0x00,0x00,0x00,
  0x00,0x00,0x00,0x00,0x00,0x00,0x00,0x00,0x00,0x00,0x00,0x00,0x00,0x00,0x00,0x00,0x00,0x00,0x00,0x00,
  0x00,0x00,0x00,0x00,0x00,0x00,0x00,0x00,0x0A,0xFF,0xFF,0xA0,0x00,0x00,0x00,0x00,0x8C,0xCD,0xFA,0x00,
  0x00,0x00,0x00,0x00,0x00,0x6F,0xA0,0x00,0x00,0x00,0x00,0x00,0x06,0xFA,0x00,0x00,0x00,0x00,0x00,0x00,
  0x6F,0xEB,0xBA,0x82,0x00,0x00,0x00,0x06,0xFF,0xFF,0xFF,0xE4,0x00,0x00,0x00,0x6F,0xA0,0x01,0x8F,0xD0,
  0x00,0x00,0x06,0xFA,0x00,0x00,0xDF,0x20,0x00,0x00,0x6F,0xA0,0x00,0x0D,0xF2,0x00,0x00,0x06,0xFA,0x00,
  0x05,0xFE,0x00,0x00,0x00,0x6F,0xEB,0xBD,0xFF,0x70,0x00,0x00,0x06,0xFF,0xFF,0xEC,0x60,0x00,0x00,0x00,
  0x00,0x00,0x00,0x00,0x00,0x00,0x00,0x00,0x00,0x00,0x00,0x00,0x00,0x00,0x00,0x00,0x00,0x00,0x00,0x00,
  0x00,0x00,0x00,0x00,0x00,0x00,0x00,0x00,0x00,0x00,0x00,0x00,0x00,0x00,0x00,0x00,0x00,0x00,0x00,0x00,
  0x00,0x00,0x00,0x00,0x00,0x00,0x00,0x00,0x00,0x00,0x00,0x00,0x00,0x00,0x00,0x00,0x00,0x00,0x00,0x00,
  0x00,0x00,0x00,0x00,0x00,0x00,0x00,0x00,0x00,0xFF,0x00,0x00,0x00,0x05,0xFB,0x00,0x00,0xFF,0x00,0x00,
  0x00,0x05,0xFB,0x00,0x00,0xFF,0x00,0x00,0x00,0x05,0xFB,0x00,0x00,0xFF,0x00,0x00,0x00,0x05,0xFB,0x00,
  0x00,0xFF,0xBB,0xA8,0x40,0x05,0xFB,0x00,0x00,0xFF,0xFF,0xFF,0xF9,0x05,0xFB,0x00,0x00,0xFF,0x00,0x04,
  0xEF,0x45,0xFB,0x00,0x00,0xFF,0x00,0x00,0x8F,0x75,0xFB,0x00,0x00,0xFF,0x00,0x00,0x7F,0x85,0xFB,0x00,
  0x00,0xFF,0x00,0x01,0xDF,0x55,0xFB,0x00,0x00,0xFF,0xBB,0xCE,0xFC,0x05,0xFB,0x00,0x00,0xFF,0xFF,0xFD,
  0x91,0x05,0xFB,0x00,0x00,0x00,0x00,0x00,0x00,0x00,0x00,0x00,0x00,0x00,0x00,0x00,0x00,0x00,0x00,0x00,
  0x00,0x00,0x00,0x00,0x00,0x00,0x00,0x00,0x00,0x00,0x00,0x00,0x00,0x00,0x00,0x00,0x00,0x00,0x00,0x00,
  0x00,0x00,0x00,0x00,0x00,0x00,0x00,0x00,0x00,0x00,0x00,0x00,0x00,0x00,0x00,0x00,0x00,0x00,0x00,0x00,
  0x00,0x00,0x00,0x00,0x00,0x00,0x00,0x00,0x00,0xFF,0x00,0x00,0x00,0x00,0x00,0xFF,0x00,0x00,0x00,0x00,
  0x00,0xFF,0x00,0x00,0x00,0x00,0x00,0xFF,0x00,0x00,0x00,0x00,0x00,0xFF,0xBB,0xA8,0x40,0x00,0x00,0xFF,
  0xFF,0xFF,0xF9,0x00,0x00,0xFF,0x00,0x04,0xEF,0x40,0x00,0xFF,0x00,0x00,0x8F,0x70,0x00,0xFF,0x00,0x00,
  0x7F,0x80,0x00,0xFF,0x00,0x01,0xDF,0x50,0x00,0xFF,0xBB,0xCE,0xFC,0x00,0x00,0xFF,0xFF,0xFD,0x91,0x00,
  0x00,0x00,0x00,0x00,0x00,0x00,0x00,0x00,0x00,0x00,0x00,0x00,0x00,0x00,0x00,0x00,0x00,0x00,0x00,0x00,
  0x00,0x00,0x00,0x00,0x00,0x00,0x00,0x00,0x00,0x00,0x00,0x00,0x00,0x00,0x00,0x00,0x00,0x00,0x00,0x00,
  0x00,0x00,0x00,0x00,0x00,0x00,0x00,0x00,0x00,0x00,0x00,0x00,0x00,0x00,0x00,0x00,0x00,0x00,0x00,0x01,
  0x9C,0xEC,0x92,0x00,0x00,0x00,0x2E,0xFF,0xEF,0xFE,0x50,0x00,0x00,0xDF,0xA1,0x01,0x8F,0xE1,0x00,0x04,
  0xFD,0x00,0x00,0x0A,0xF8,0x00,0x01,0x22,0x00,0x00,0x04,0xFC,0x00,0x00,0x00,0x08,0xFF,0xFF,0xFE,0x00,
  0x00,0x00,0x06,0xBB,0xBB,0xFE,0x00,0x01,0x32,0x00,0x00,0x04,0xFC,0x00,0x04,0xFD,0x00,0x00,0x0A,0xF8,
  0x00,0x00,0xDF,0x91,0x01,0x8F,0xE1,0x00,0x00,0x2E,0xFF,0xDF,0xFE,0x40,0x00,0x00,0x01,0x9D,0xEC,0x92,
  0x00,0x00,0x00,0x00,0x00,0x00,0x00,0x00,0x00,0x00,0x00,0x00,0x00,0x00,0x00,0x00,0x00,0x00,0x00,0x00,
  0x00,0x00,0x00,0x00,0x00,0x00,0x00,0x00,0x00,0x00,0x00,0x00,0x00,0x00,0x00,0x00,0x00,0x00,0x00,0x00,
  0x00,0x00,0x00,0x00,0x00,0x00,0x00,0x00,0x00,0x00,0x00,0x00,0x00,0x00,0x00,0x00,0x00,0x00,0x00,0x00,
  0x00,0x00,0x00,0x00,0x00,0x00,0x00,0x00,0x00,0x00,0x00,0x00,0x00,0x00,0xFF,0x00,0x00,0x3A,0xDE,0xB7,
  0x00,0x00,0x00,0xFF,0x00,0x07,0xFF,0xFE,0xFF,0xC1,0x00,0x00,0xFF,0x00,0x4F,0xF6,0x00,0x3C,0xF9,0x00,
  0x00,0xFF,0x00,0xBF,0x70,0x00,0x02,0xEF,0x30,0x00,0xFF,0x01,0xFF,0x10,0x00,0x00,0xAF,0x60,0x00,0xFF,
  0xFF,0xFE,0x00,0x00,0x00,0x7F,0x90,0x00,0xFF,0xAB,0xFE,0x00,0x00,0x00,0x8F,0x80,0x00,0xFF,0x00,0xEF,
  0x20,0x00,0x00,0xAF,0x60,0x00,0xFF,0x00,0xBF,0x80,0x00,0x02,0xFF,0x20,0x00,0xFF,0x00,0x3F,0xF7,0x00,
  0x3C,0xF9,0x00,0x00,0xFF,0x00,0x06,0xFF,0xFE,0xFF,0xB1,0x00,0x00,0xFF,0x00,0x00,0x3A,0xDE,0xB7,0x00,
  0x00,0x00,0x00,0x00,0x00,0x00,0x00,0x00,0x00,0x00,0x00,0x00,0x00,0x00,0x00,0x00,0x00,0x00,0x00,0x00,
  0x00,0x00,0x00,0x00,0x00,0x00,0x00,0x00,0x00,0x00,0x00,0x00,0x00,0x00,0x00,0x00,0x00,0x00,0x00,0x00,
  0x00,0x00,0x00,0x00,0x00,0x00,0x00,0x00,0x00,0x00,0x00,0x00,0x00,0x00,0x00,0x00,0x00,0x00,0x00,0x00,
  0x00,0x00,0x00,0x00,0x00,0x00,0x00,0x00,0x00,0x00,0x00,0x06,0xCE,0xFF,0xFF,0x50,0x00,0x8F,0xFC,0xBB,
  0xEF,0x50,0x02,0xFF,0x30,0x00,0xBF,0x50,0x04,0xFB,0x00,0x00,0xBF,0x50,0x04,0xFC,0x00,0x00,0xBF,0x50,
  0x01,0xEF,0x71,0x00,0xBF,0x50,0x00,0x4E,0xFF,0xFF,0xFF,0x50,0x00,0x05,0xFE,0xBB,0xEF,0x50,0x00,0x0B,
  0xF7,0x00,0xBF,0x50,0x00,0x4F,0xE1,0x00,0xBF,0x50,0x00,0xCF,0x70,0x00,0xBF,0x50,0x05,0xFE,0x10,0x00,
  0xBF,0x50,0x00,0x00,0x00,0x00,0x00,0x00,0x00,0x00,0x00,0x00,0x00,0x00,0x00,0x00,0x00,0x00,0x00,0x00,
  0x00,0x00,0x00,0x00,0x00,0x00,0x00,0x00,0x00,0x00,0x00,0x00,0x00,0x00,0x00,0x00,0x00,0x00,0x00,0x00,
  0x00,0x00,0x00,0x00,0x00,0x00,0x00,0x00,0x00,0x00,0x00,0x00,0x00,0x00,0x00,0x00,0x00,0x00,0x00,0x00,
  0x00,0x00,0x00,0x00,0x00,0x00,0x00,0x00,0x00,0x00,0x00,0x01,0x9D,0xED,0x60,0x00,0x00,0xCF,0xC9,0xEF,
  0x60,0x00,0x2C,0xB0,0x05,0xFB,0x00,0x00,0x01,0x36,0xAF,0xC0,0x00,0x08,0xEF,0xFD,0xFC,0x00,0x04,0xFE,
  0x51,0x2F,0xC0,0x00,0x6F,0x90,0x06,0xFC,0x00,0x03,0xFE,0x89,0xEF,0xC0,0x00,0x06,0xDE,0xB5,0xFC,0x00,
  0x00,0x00,0x00,0x00,0x00,0x00,0x00,0x00,0x00,0x00,0x00,0x00,0x00,0x00,0x00,0x00,0x00,0x00,0x00,0x00,
  0x00,0x00,0x00,0x00,0x00,0x00,0x00,0x00,0x00,0x00,0x00,0x00,0x00,0x00,0x00,0x00,0x00,0x00,0x00,0x00,
  0x00,0x00,0x00,0x00,0x00,0x00,0x00,0x00,0x00,0x00,0x00,0x00,0x00,0x3A,0xF3,0x00,0x00,0x4B,0xFF,0xFB,
  0x00,0x00,0x5F,0xD8,0x53,0x00,0x00,0x0D,0xD2,0x45,0x20,0x00,0x04,0xF9,0xEF,0xFF,0x60,0x00,0x6F,0xF6,
  0x15,0xEF,0x20,0x07,0xFA,0x00,0x09,0xF7,0x00,0x7F,0x70,0x00,0x6F,0x90,0x05,0xF9,0x00,0x07,0xF7,0x00,
  0x2F,0xE1,0x01,0xDF,0x30,0x00,0x8F,0xDA,0xDF,0xA0,0x00,0x00,0x6C,0xEC,0x70,0x00,0x00,0x00,0x00,0x00,
  0x00,0x00,0x00,0x00,0x00,0x00,0x00,0x00,0x00,0x00,0x00,0x00,0x00,0x00,0x00,0x00,0x00,0x00,0x00,0x00,
  0x00,0x00,0x00,0x00,0x00,0x00,0x00,0x00,0x00,0x00,0x00,0x00,0x00,0x00,0x00,0x00,0x00,0x00,0x00,0x00,
  0x00,0x00,0x00,0x00,0x00,0x00,0x00,0x00,0x00,0x00,0x00,0x00,0x00,0x00,0x00,0x00,0x00,0x00,0x00,0x00,
  0x00,0x00,0x00,0x2F,0xFF,0xFD,0x91,0x00,0x02,0xFD,0x89,0xDF,0x80,0x00,0x2F,0xB0,0x04,0xFA,0x00,0x02,
  0xFC,0x44,0xAF,0x50,0x00,0x2F,0xFF,0xFF,0xA2,0x00,0x02,0xFB,0x00,0x3F,0xD0,0x00,0x2F,0xB0,0x00,0xEF,
  0x10,0x02,0xFD,0x99,0xCF,0xD0,0x00,0x2F,0xFF,0xFE,0xB3,0x00,0x00,0x00,0x00,0x00,0x00,0x00,0x00,0x00,
  0x00,0x00,0x00,0x00,0x00,0x00,0x00,0x00,0x00,0x00,0x00,0x00,0x00,0x00,0x00,0x00,0x00,0x00,0x00,0x00,
  0x00,0x00,0x00,0x00,0x00,0x00,0x00,0x00,0x00,0x00,0x00,0x00,0x00,0x00,0x00,0x00,0x00,0x00,0x00,0x00,
  0x00,0x00,0x00,0x00,0x00,0x00,0x00,0x00,0x00,0x00,0x00,0x00,0x2F,0xFF,0xFF,0x90,0x02,0xFE,0xBB,0xB7,
  0x00,0x2F,0xD0,0x00,0x00,0x02,0xFD,0x00,0x00,0x00,0x2F,0xD0,0x00,0x00,0x02,0xFD,0x00,0x00,0x00,0x2F,
  0xD0,0x00,0x00,0x02,0xFD,0x00,0x00,0x00,0x2F,0xD0,0x00,0x00,0x00,0x00,0x00,0x00,0x00,0x00,0x00,0x00,
  0x00,0x00,0x00,0x00,0x00,0x00,0x00,0x00,0x00,0x00,0x00,0x00,0x00,0x00,0x00,0x00,0x00,0x00,0x00,0x00,
  0x00,0x00,0x00,0x00,0x00,0x00,0x00,0x00,0x00,0x00,0x00,0x00,0x00,0x00,0x00,0x00,0x00,0x00,0x00,0x00,
  0x00,0x00,0x00,0x00,0x00,0x00,0x00,0x00,0x00,0x00,0x00,0x00,0x00,0x00,0x00,0x00,0x00,0x00,0x0C,0xFF,
  0xFF,0xF7,0x00,0x00,0x0D,0xFA,0xAC,0xF7,0x00,0x00,0x0E,0xD0,0x06,0xF7,0x00,0x00,0x1F,0xC0,0x06,0xF7,
  0x00,0x00,0x2F,0xA0,0x06,0xF7,0x00,0x00,0x5F,0x80,0x06,0xF7,0x00,0x00,0xAF,0x30,0x06,0xF7,0x00,0x09,
  0xFF,0xBB,0xBC,0xFD,0x90,0x0C,0xFF,0xFF,0xFF,0xFF,0xC0,0x0C,0xF2,0x00,0x00,0x1F,0xC0,0x0C,0xF2,0x00,
  0x00,0x1F,0xC0,0x07,0x81,0x00,0x00,0x18,0x70,0x00,0x00,0x00,0x00,0x00,0x00,0x00,0x00,0x00,0x00,0x00,
  0x00,0x00,0x00,0x00,0x00,0x00,0x00,0x00,0x00,0x00,0x00,0x00,0x00,0x00,0x00,0x00,0x00,0x00,0x00,0x00,
  0x00,0x00,0x00,0x00,0x00,0x00,0x00,0x00,0x00,0x00,0x00,0x00,0x00,0x00,0x00,0x00,0x00,0x00,0x00,0x00,
  0x00,0x6C,0xEC,0x50,0x00,0x00,0x8F,0xD9,0xDF,0x70,0x00,0x2F,0xD0,0x01,0xEE,0x10,0x05,0xFB,0x55,0x5C,
  0xF4,0x00,0x7F,0xFF,0xFF,0xFF,0x60,0x05,0xF7,0x00,0x00,0x00,0x00,0x2F,0xD1,0x00,0xAC,0x20,0x00,0x8F,
  0xD9,0xCF,0xA0,0x00,0x00,0x6C,0xED,0x70,0x00,0x00,0x00,0x00,0x00,0x00,0x00,0x00,0x00,0x00,0x00,0x00,
  0x00,0x00,0x00,0x00,0x00,0x00,0x00,0x00,0x00,0x00,0x00,0x00,0x00,0x00,0x00,0x00,0x00,0x00,0x00,0x00,
  0x00,0x00,0x00,0x00,0x00,0x00,0x00,0x00,0x00,0x00,0x00,0x00,0x00,0x00,0x00,0x00,0x00,0x00,0x00,0x00,
  0x00,0x00,0x00,0x00,0x00,0x00,0x00,0x00,0x00,0x00,0x00,0x00,0x00,0x00,0x00,0x00,0x00,0x00,0x00,0x00,
  0x00,0x00,0x00,0x00,0x00,0x00,0x00,0x00,0x00,0x00,0x7F,0xB0,0x07,0xF7,0x00,0xCF,0x70,0x00,0xCF,0x60,
  0x7F,0x70,0x7F,0xB0,0x00,0x02,0xFE,0x27,0xF7,0x2F,0xE2,0x00,0x00,0x07,0xFB,0x8F,0x7B,0xF6,0x00,0x00,
  0x00,0x0C,0xFF,0xFF,0xFC,0x00,0x00,0x00,0x03,0xFF,0xCF,0xCF,0xF3,0x00,0x00,0x01,0xDF,0x67,0xF7,0x6F,
  0xD1,0x00,0x00,0xBF,0x90,0x7F,0x70,0xAF,0xA0,0x00,0x7F,0xC1,0x07,0xF7,0x01,0xDF,0x70,0x00,0x00,0x00,
  0x00,0x00,0x00,0x00,0x00,0x00,0x00,0x00,0x00,0x00,0x00,0x00,0x00,0x00,0x00,0x00,0x00,0x00,0x00,0x00,
  0x00,0x00,0x00,0x00,0x00,0x00,0x00,0x00,0x00,0x00,0x00,0x00,0x00,0x00,0x00,0x00,0x00,0x00,0x00,0x00,
  0x00,0x00,0x00,0x00,0x00,0x00,0x00,0x00,0x00,0x00,0x00,0x00,0x00,0x00,0x00,0x00,0x00,0x00,0x00,0x00,
  0x00,0x00,0x00,0x00,0x00,0x00,0x00,0x00,0x00,0x00,0x00,0x3B,0xEE,0xA1,0x00,0x01,0xEF,0xAB,0xFB,0x00,
  0x03,0xA6,0x00,0xEE,0x00,0x00,0x00,0x48,0xF8,0x00,0x00,0x00,0xEF,0xC2,0x00,0x00,0x00,0x04,0xEF,0x20,
  0x06,0xD7,0x00,0xCF,0x40,0x02,0xFF,0xAB,0xFE,0x10,0x00,0x4B,0xEE,0xA3,0x00,0x00,0x00,0x00,0x00,0x00,
  0x00,0x00,0x00,0x00,0x00,0x00,0x00,0x00,0x00,0x00,0x00,0x00,0x00,0x00,0x00,0x00,0x00,0x00,0x00,0x00,
  0x00,0x00,0x00,0x00,0x00,0x00,0x00,0x00,0x00,0x00,0x00,0x00,0x00,0x00,0x00,0x00,0x00,0x00,0x00,0x00,
  0x00,0x00,0x00,0x00,0x00,0x00,0x00,0x00,0x00,0x00,0x00,0x00,0x00,0x00,0x00,0x00,0x00,0x00,0x00,0x2F,
  0xC0,0x00,0xAF,0x70,0x02,0xFC,0x00,0x5F,0xF7,0x00,0x2F,0xC0,0x1E,0xFF,0x70,0x02,0xFC,0x09,0xFB,0xF7,
  0x00,0x2F,0xC4,0xF9,0x7F,0x70,0x02,0xFD,0xDD,0x17,0xF7,0x00,0x2F,0xFF,0x40,0x7F,0x70,0x02,0xFF,0x90,
  0x07,0xF7,0x00,0x2F,0xD1,0x00,0x7F,0x70,0x00,0x00,0x00,0x00,0x00,0x00,0x00,0x00,0x00,0x00,0x00,0x00,
  0x00,0x00,0x00,0x00,0x00,0x00,0x00,0x00,0x00,0x00,0x00,0x00,0x00,0x00,0x00,0x00,0x00,0x00,0x00,0x00,
  0x00,0x00,0x00,0x00,0x00,0x00,0x00,0x00,0x00,0x00,0x00,0x00,0x00,0x00,0x00,0x00,0x00,0x00,0x00,0x0B,
  0xA1,0x6F,0x10,0x00,0x00,0x3D,0xFE,0x60,0x00,0x00,0x00,0x02,0x00,0x00,0x00,0x2F,0xC0,0x00,0xAF,0x70,
  0x02,0xFC,0x00,0x5F,0xF7,0x00,0x2F,0xC0,0x1E,0xFF,0x70,0x02,0xFC,0x09,0xFB,0xF7,0x00,0x2F,0xC4,0xF9,
  0x7F,0x70,0x02,0xFD,0xDD,0x17,0xF7,0x00,0x2F,0xFF,0x40,0x7F,0x70,0x02,0xFF,0x90,0x07,0xF7,0x00,0x2F,
  0xD1,0x00,0x7F,0x70,0x00,0x00,0x00,0x00,0x00,0x00,0x00,0x00,0x00,0x00,0x00,0x00,0x00,0x00,0x00,0x00,
  0x00,0x00,0x00,0x00,0x00,0x00,0x00,0x00,0x00,0x00,0x00,0x00,0x00,0x00,0x00,0x00,0x00,0x00,0x00,0x00,
  0x00,0x00,0x00,0x00,0x00,0x00,0x00,0x00,0x00,0x00,0x00,0x00,0x00,0x00,0x00,0x00,0x00,0x00,0x00,0x00,
  0x00,0x00,0x00,0x00,0x00,0x00,0x00,0x00,0x00,0x00,0x00,0x2F,0xD0,0x01,0xEF,0x50,0x02,0xFD,0x00,0xBF,
  0xA0,0x00,0x2F,0xD0,0x6F,0xD1,0x00,0x02,0xFD,0x2E,0xF4,0x00,0x00,0x2F,0xFF,0xFA,0x00,0x00,0x02,0xFE,
  0xBF,0xE2,0x00,0x00,0x2F,0xD0,0x8F,0xC0,0x00,0x02,0xFD,0x00,0xCF,0x90,0x00,0x2F,0xD0,0x02,0xEF,0x50,
  0x00,0x00,0x00,0x00,0x00,0x00,0x00,0x00,0x00,0x00,0x00,0x00,0x00,0x00,0x00,0x00,0x00,0x00,0x00,0x00,
  0x00,0x00,0x00,0x00,0x00,0x00,0x00,0x00,0x00,0x00,0x00,0x00,0x00,0x00,0x00,0x00,0x00,0x00,0x00,0x00,
  0x00,0x00,0x00,0x00,0x00,0x00,0x00,0x00,0x00,0x00,0x00,0x00,0x00,0x00,0x00,0x00,0x00,0x00,0x00,0x00,
  0x00,0x00,0x00,0x00,0x00,0x00,0x00,0x02,0xFF,0xFF,0xFF,0x50,0x00,0x2F,0xEA,0xAD,0xF5,0x00,0x03,0xFB,
  0x00,0x9F,0x50,0x00,0x3F,0xB0,0x09,0xF5,0x00,0x04,0xFA,0x00,0x9F,0x50,0x00,0x5F,0x80,0x09,0xF5,0x00,
  0x08,0xF6,0x00,0x9F,0x50,0x09,0xFF,0x20,0x09,0xF5,0x00,0xDD,0x60,0x00,0x9F,0x50,0x00,0x00,0x00,0x00,
  0x00,0x00,0x00,0x00,0x00,0x00,0x00,0x00,0x00,0x00,0x00,0x00,0x00,0x00,0x00,0x00,0x00,0x00,0x00,0x00,
  0x00,0x00,0x00,0x00,0x00,0x00,0x00,0x00,0x00,0x00,0x00,0x00,0x00,0x00,0x00,0x00,0x00,0x00,0x00,0x00,
  0x00,0x00,0x00,0x00,0x00,0x00,0x00,0x00,0x00,0x00,0x00,0x00,0x00,0x00,0x00,0x00,0x00,0x00,0x00,0x00,
  0x00,0x00,0x00,0x00,0x00,0x00,0x00,0x00,0x00,0x00,0x00,0x00,0x00,0x02,0xFF,0xE1,0x00,0x0D,0xFF,0x40,
  0x02,0xFF,0xF6,0x00,0x3F,0xFF,0x40,0x02,0xFD,0xFB,0x00,0x9F,0xCF,0x40,0x02,0xFC,0xBF,0x20,0xED,0xAF,
  0x40,0x02,0xFC,0x6F,0x75,0xF8,0xAF,0x40,0x02,0xFC,0x1F,0xC9,0xF3,0xAF,0x40,0x02,0xFC,0x0A,0xFE,0xD0,
  0xAF,0x40,0x02,0xFC,0x05,0xFF,0x70,0xAF,0x40,0x02,0xFC,0x00,0xEF,0x20,0xAF,0x40,0x00,0x00,0x00,0x00,
  0x00,0x00,0x00,0x00,0x00,0x00,0x00,0x00,0x00,0x00,0x00,0x00,0x00,0x00,0x00,0x00,0x00,0x00,0x00,0x00,
  0x00,0x00,0x00,0x00,0x00,0x00,0x00,0x00,0x00,0x00,0x00,0x00,0x00,0x00,0x00,0x00,0x00,0x00,0x00,0x00,
  0x00,0x00,0x00,0x00,0x00,0x00,0x00,0x00,0x00,0x00,0x00,0x00,0x00,0x00,0x00,0x00,0x00,0x00,0x00,0x00,
  0x00,0x00,0x00,0x00,0x00,0x00,0x00,0x00,0x00,0x00,0x2F,0xD0,0x00,0x8F,0x60,0x02,0xFD,0x00,0x08,0xF6,
  0x00,0x2F,0xD0,0x00,0x8F,0x60,0x02,0xFE,0xBB,0xBD,0xF6,0x00,0x2F,0xFF,0xFF,0xFF,0x60,0x02,0xFD,0x00,
  0x08,0xF6,0x00,0x2F,0xD0,0x00,0x8F,0x60,0x02,0xFD,0x00,0x08,0xF6,0x00,0x2F,0xD0,0x00,0x8F,0x60,0x00,
  0x00,0x00,0x00,0x00,0x00,0x00,0x00,0x00,0x00,0x00,0x00,0x00,0x00,0x00,0x00,0x00,0x00,0x00,0x00,0x00,
  0x00,0x00,0x00,0x00,0x00,0x00,0x00,0x00,0x00,0x00,0x00,0x00,0x00,0x00,0x00,0x00,0x00,0x00,0x00,0x00,
  0x00,0x00,0x00,0x00,0x00,0x00,0x00,0x00,0x00,0x00,0x00,0x00,0x00,0x00,0x00,0x00,0x00,0x00,0x00,0x00,
  0x00,0x00,0x00,0x00,0x00,0x00,0x00,0x6C,0xEC,0x70,0x00,0x00,0x8F,0xEB,0xEF,0x90,0x00,0x2F,0xE2,0x01,
  0xDF,0x30,0x05,0xF9,0x00,0x08,0xF7,0x00,0x7F,0x80,0x00,0x6F,0x90,0x05,0xF9,0x00,0x08,0xF7,0x00,0x2F,
  0xE2,0x01,0xDF,0x30,0x00,0x8F,0xEA,0xDF,0xA0,0x00,0x00,0x6C,0xEC,0x70,0x00,0x00,0x00,0x00,0x00,0x00,
  0x00,0x00,0x00,0x00,0x00,0x00,0x00,0x00,0x00,0x00,0x00,0x00,0x00,0x00,0x00,0x00,0x00,0x00,0x00,0x00,
  0x00,0x00,0x00,0x00,0x00,0x00,0x00,0x00,0x00,0x00,0x00,0x00,0x00,0x00,0x00,0x00,0x00,0x00,0x00,0x00,
  0x00,0x00,0x00,0x00,0x00,0x00,0x00,0x00,0x00,0x00,0x00,0x00,0x00,0x00,0x00,0x00,0x00,0x00,0x00,0x00,
  0x00,0x00,0x2F,0xFF,0xFF,0xFF,0x50,0x02,0xFE,0xBB,0xBD,0xF5,0x00,0x2F,0xD0,0x00,0xAF,0x50,0x02,0xFD,
  0x00,0x0A,0xF5,0x00,0x2F,0xD0,0x00,0xAF,0x50,0x02,0xFD,0x00,0x0A,0xF5,0x00,0x2F,0xD0,0x00,0xAF,0x50,
  0x02,0xFD,0x00,0x0A,0xF5,0x00,0x2F,0xD0,0x00,0xAF,0x50,0x00,0x00,0x00,0x00,0x00,0x00,0x00,0x00,0x00,
  0x00,0x00,0x00,0x00,0x00,0x00,0x00,0x00,0x00,0x00,0x00,0x00,0x00,0x00,0x00,0x00,0x00,0x00,0x00,0x00,
  0x00,0x00,0x00,0x00,0x00,0x00,0x00,0x00,0x00,0x00,0x00,0x00,0x00,0x00,0x00,0x00,0x00,0x00,0x00,0x00,
  0x00,0x00,0x00,0x00,0x00,0x00,0x00,0x00,0x00,0x00,0x00,0x00,0x00,0x00,0x00,0x00,0x00,0x00,0x2F,0xC5,
  0xCE,0xB2,0x00,0x02,0xFE,0xFB,0xCF,0xE1,0x00,0x2F,0xF5,0x00,0xAF,0x80,0x02,0xFD,0x00,0x03,0xFB,0x00,
  0x2F,0xB0,0x00,0x2F,0xD0,0x02,0xFD,0x00,0x03,0xFB,0x00,0x2F,0xF5,0x00,0xAF,0x80,0x02,0xFE,0xEB,0xCF,
  0xE1,0x00,0x2F,0xD4,0xCE,0xB3,0x00,0x02,0xFD,0x00,0x00,0x00,0x00,0x2F,0xD0,0x00,0x00,0x00,0x02,0xFD,
  0x00,0x00,0x00,0x00,0x02,0x10,0x00,0x00,0x00,0x00,0x00,0x00,0x00,0x00,0x00,0x00,0x00,0x00,0x00,0x00,
  0x00,0x00,0x00,0x00,0x00,0x00,0x00,0x00,0x00,0x00,0x00,0x00,0x00,0x00,0x00,0x00,0x00,0x00,0x00,0x00,
  0x00,0x00,0x00,0x00,0x00,0x00,0x00,0x00,0x00,0x00,0x00,0x00,0x00,0x00,0x00,0x6C,0xED,0x70,0x00,0x00,
  0x8F,0xEB,0xEF,0x90,0x00,0x2F,0xE2,0x01,0xEF,0x10,0x05,0xF9,0x00,0x03,0x41,0x00,0x7F,0x80,0x00,0x00,
  0x00,0x05,0xF9,0x00,0x03,0x41,0x00,0x2F,0xE2,0x01,0xEF,0x10,0x00,0x8F,0xEB,0xEF,0x90,0x00,0x00,0x6C,
  0xED,0x70,0x00,0x00,0x00,0x00,0x00,0x00,0x00,0x00,0x00,0x00,0x00,0x00,0x00,0x00,0x00,0x00,0x00,0x00,
  0x00,0x00,0x00,0x00,0x00,0x00,0x00,0x00,0x00,0x00,0x00,0x00,0x00,0x00,0x00,0x00,0x00,0x00,0x00,0x00,
  0x00,0x00,0x00,0x00,0x00,0x00,0x00,0x00,0x00,0x00,0x00,0x00,0x00,0x00,0x00,0x00,0x00,0x00,0x00,0x00,
  0x00,0x00,0x00,0x00,0x00,0x00,0x0D,0xFF,0xFF,0xFF,0xB0,0x09,0xAA,0xFF,0xAA,0x70,0x00,0x01,0xFE,0x00,
  0x00,0x00,0x01,0xFE,0x00,0x00,0x00,0x01,0xFE,0x00,0x00,0x00,0x01,0xFE,0x00,0x00,0x00,0x01,0xFE,0x00,
  0x00,0x00,0x01,0xFE,0x00,0x00,0x00,0x01,0xFE,0x00,0x00,0x00,0x00,0x00,0x00,0x00,0x00,0x00,0x00,0x00,
  0x00,0x00,0x00,0x00,0x00,0x00,0x00,0x00,0x00,0x00,0x00,0x00,0x00,0x00,0x00,0x00,0x00,0x00,0x00,0x00,
  0x00,0x00,0x00,0x00,0x00,0x00,0x00,0x00,0x00,0x00,0x00,0x00,0x00,0x00,0x00,0x00,0x00,0x00,0x00,0x00,
  0x00,0x00,0x00,0x00,0x00,0x00,0x00,0x00,0x00,0x00,0x00,0x00,0x00,0x00,0x00,0xAF,0x60,0x00,0xBF,0x50,
  0x05,0xFB,0x00,0x1F,0xE0,0x00,0x0E,0xF1,0x06,0xF9,0x00,0x00,0x9F,0x60,0xBF,0x30,0x00,0x03,0xFB,0x1F,
  0xD0,0x00,0x00,0x0D,0xF7,0xF7,0x00,0x00,0x00,0x7F,0xEF,0x20,0x00,0x00,0x02,0xFF,0xB0,0x00,0x00,0x00,
  0x0C,0xF6,0x00,0x00,0x00,0x01,0xEF,0x10,0x00,0x00,0x09,0xCF,0x90,0x00,0x00,0x00,0xFE,0x91,0x00,0x00,
  0x00,0x00,0x00,0x00,0x00,0x00,0x00,0x00,0x00,0x00,0x00,0x00,0x00,0x00,0x00,0x00,0x00,0x00,0x00,0x00,
  0x00,0x00,0x00,0x00,0x00,0x00,0x00,0x00,0x00,0x00,0x00,0x00,0x00,0x00,0x00,0x00,0x00,0x00,0x00,0x00,
  0x04,0xFA,0x00,0x00,0x00,0x00,0x00,0x4F,0xA0,0x00,0x00,0x00,0x00,0x04,0xFA,0x00,0x00,0x00,0x00,0x5C,
  0xEF,0xFD,0x81,0x00,0x00,0x7F,0xEC,0xFD,0xDF,0xC0,0x00,0x2E,0xE2,0x4F,0xA0,0xBF,0x70,0x05,0xF9,0x04,
  0xFA,0x04,0xFB,0x00,0x7F,0x70,0x4F,0xA0,0x2F,0xD0,0x05,0xF9,0x04,0xFA,0x04,0xFB,0x00,0x2F,0xE2,0x4F,
  0xA0,0xBF,0x70,0x00,0x7F,0xEC,0xFD,0xDF,0xC0,0x00,0x00,0x5C,0xEF,0xFD,0x81,0x00,0x00,0x00,0x04,0xFA,
  0x00,0x00,0x00,0x00,0x00,0x4F,0xA0,0x00,0x00,0x00,0x00,0x04,0xFA,0x00,0x00,0x00,0x00,0x00,0x01,0x10,
  0x00,0x00,0x00,0x00,0x00,0x00,0x00,0x00,0x00,0x00,0x00,0x00,0x00,0x00,0x00,0x00,0x00,0x00,0x00,0x00,
  0x00,0x00,0x00,0x00,0x00,0x00,0x00,0x00,0x00,0x00,0x00,0x00,0x00,0x00,0x00,0x00,0x00,0x00,0x00,0x00,
  0x00,0x00,0x00,0x00,0x05,0xFC,0x00,0x5F,0xC0,0x00,0xBF,0x61,0xDF,0x30,0x00,0x2E,0xE8,0xF8,0x00,0x00,
  0x07,0xFF,0xD1,0x00,0x00,0x01,0xFF,0x70,0x00,0x00,0x09,0xFF,0xE2,0x00,0x00,0x4F,0xD7,0xFA,0x00,0x00,
  0xDF,0x40,0xCF,0x50,0x08,0xFA,0x00,0x4F,0xE1,0x00,0x00,0x00,0x00,0x00,0x00,0x00,0x00,0x00,0x00,0x00,
  0x00,0x00,0x00,0x00,0x00,0x00,0x00,0x00,0x00,0x00,0x00,0x00,0x00,0x00,0x00,0x00,0x00,0x00,0x00,0x00,
  0x00,0x00,0x00,0x00,0x00,0x00,0x00,0x00,0x00,0x00,0x00,0x00,0x00,0x00,0x00,0x00,0x00,0x00,0x00,0x00,
  0x00,0x00,0x00,0x00,0x00,0x00,0x00,0x00,0x00,0x00,0x00,0x00,0x00,0x00,0x00,0x00,0x02,0xFD,0x00,0x0A,
  0xF5,0x00,0x02,0xFD,0x00,0x0A,0xF5,0x00,0x02,0xFD,0x00,0x0A,0xF5,0x00,0x02,0xFD,0x00,0x0A,0xF5,0x00,
  0x02,0xFD,0x00,0x0A,0xF5,0x00,0x02,0xFD,0x00,0x0A,0xF5,0x00,0x02,0xFD,0x00,0x0A,0xF5,0x00,0x02,0xFE,
  0xBB,0xBD,0xFD,0x60,0x02,0xFF,0xFF,0xFF,0xFF,0x70,0x00,0x00,0x00,0x00,0x8F,0x70,0x00,0x00,0x00,0x00,
  0x8F,0x60,0x00,0x00,0x00,0x00,0x47,0x30,0x00,0x00,0x00,0x00,0x00,0x00,0x00,0x00,0x00,0x00,0x00,0x00,
  0x00,0x00,0x00,0x00,0x00,0x00,0x00,0x00,0x00,0x00,0x00,0x00,0x00,0x00,0x00,0x00,0x00,0x00,0x00,0x00,
  0x00,0x00,0x00,0x00,0x00,0x00,0x00,0x00,0x00,0x00,0x00,0x00,0x00,0x00,0x00,0x00,0x00,0x00,0x00,0x2F,
  0xD0,0x00,0xCF,0x20,0x02,0xFD,0x00,0x0C,0xF2,0x00,0x2F,0xD0,0x00,0xCF,0x20,0x00,0xFF,0x10,0x0C,0xF2,
  0x00,0x0A,0xFF,0xBC,0xFF,0x20,0x00,0x18,0xDF,0xDF,0xF2,0x00,0x00,0x00,0x00,0xCF,0x20,0x00,0x00,0x00,
  0x0C,0xF2,0x00,0x00,0x00,0x00,0xCF,0x20,0x00,0x00,0x00,0x00,0x00,0x00,0x00,0x00,0x00,0x00,0x00,0x00,
  0x00,0x00,0x00,0x00,0x00,0x00,0x00,0x00,0x00,0x00,0x00,0x00,0x00,0x00,0x00,0x00,0x00,0x00,0x00,0x00,
  0x00,0x00,0x00,0x00,0x00,0x00,0x00,0x00,0x00,0x00,0x00,0x00,0x00,0x00,0x00,0x00,0x00,0x00,0x00,0x00,
  0x00,0x00,0x00,0x00,0x00,0x00,0x00,0x00,0x00,0x00,0x00,0x00,0x00,0x00,0x00,0x00,0x00,0x00,0x00,0x00,
  0x00,0x00,0x00,0x00,0x00,0x00,0x00,0x00,0x00,0x2F,0xD0,0x06,0xF7,0x00,0xBF,0x30,0x02,0xFD,0x00,0x6F,
  0x70,0x0B,0xF3,0x00,0x2F,0xD0,0x06,0xF7,0x00,0xBF,0x30,0x02,0xFD,0x00,0x6F,0x70,0x0B,0xF3,0x00,0x2F,
  0xD0,0x06,0xF7,0x00,0xBF,0x30,0x02,0xFD,0x00,0x6F,0x70,0x0B,0xF3,0x00,0x2F,0xD0,0x06,0xF7,0x00,0xBF,
  0x30,0x02,0xFE,0xBB,0xCF,0xDB,0xBE,0xF3,0x00,0x2F,0xFF,0xFF,0xFF,0xFF,0xFF,0x30,0x00,0x00,0x00,0x00,
  0x00,0x00,0x00,0x00,0x00,0x00,0x00,0x00,0x00,0x00,0x00,0x00,0x00,0x00,0x00,0x00,0x00,0x00,0x00,0x00,
  0x00,0x00,0x00,0x00,0x00,0x00,0x00,0x00,0x00,0x00,0x00,0x00,0x00,0x00,0x00,0x00,0x00,0x00,0x00,0x00,
  0x00,0x00,0x00,0x00,0x00,0x00,0x00,0x00,0x00,0x00,0x00,0x00,0x00,0x00,0x00,0x00,0x00,0x00,0x00,0x00,
  0x00,0x00,0x00,0x00,0x00,0x00,0x00,0x00,0x00,0x00,0x00,0x00,0x00,0x00,0x00,0x00,0x00,0x00,0x00,0x00,
  0x00,0x00,0x00,0x00,0x00,0x00,0x00,0x2F,0xD0,0x06,0xF7,0x00,0xBF,0x30,0x02,0xFD,0x00,0x6F,0x70,0x0B,
  0xF3,0x00,0x2F,0xD0,0x06,0xF7,0x00,0xBF,0x30,0x02,0xFD,0x00,0x6F,0x70,0x0B,0xF3,0x00,0x2F,0xD0,0x06,
  0xF7,0x00,0xBF,0x30,0x02,0xFD,0x00,0x6F,0x70,0x0B,0xF3,0x00,0x2F,0xD0,0x06,0xF7,0x00,0xBF,0x30,0x02,
  0xFE,0xBB,0xCF,0xDB,0xBE,0xFC,0x40,0x2F,0xFF,0xFF,0xFF,0xFF,0xFF,0xF5,0x00,0x00,0x00,0x00,0x00,0x00,
  0xAF,0x50,0x00,0x00,0x00,0x00,0x00,0x0A,0xF5,0x00,0x00,0x00,0x00,0x00,0x00,0x57,0x20,0x00,0x00,0x00,
  0x00,0x00,0x00,0x00,0x00,0x00,0x00,0x00,0x00,0x00,0x00,0x00,0x00,0x00,0x00,0x00,0x00,0x00,0x00,0x00,
  0x00,0x00,0x00,0x00,0x00,0x00,0x00,0x00,0x00,0x00,0x00,0x00,0x00,0x00,0x00,0x00,0x00,0x00,0x00,0x00,
  0x00,0x00,0x00,0x00,0x00,0x00,0x00,0x00,0x00,0x00,0x00,0x00,0x00,0x00,0x0D,0xFF,0xF6,0x00,0x00,0x00,
  0x08,0x9C,0xF6,0x00,0x00,0x00,0x00,0x08,0xF6,0x00,0x00,0x00,0x00,0x08,0xFF,0xFF,0xC5,0x00,0x00,0x08,
  0xFC,0x9B,0xFF,0x30,0x00,0x08,0xF6,0x00,0x7F,0x80,0x00,0x08,0xF6,0x00,0x7F,0x80,0x00,0x08,0xFC,0xAB,
  0xFF,0x30,0x00,0x08,0xFF,0xFF,0xC5,0x00,0x00,0x00,0x00,0x00,0x00,0x00,0x00,0x00,0x00,0x00,0x00,0x00,
  0x00,0x00,0x00,0x00,0x00,0x00,0x00,0x00,0x00,0x00,0x00,0x00,0x00,0x00,0x00,0x00,0x00,0x00,0x00,0x00,
  0x00,0x00,0x00,0x00,0x00,0x00,0x00,0x00,0x00,0x00,0x00,0x00,0x00,0x00,0x00,0x00,0x00,0x00,0x00,0x00,
  0x00,0x00,0x00,0x00,0x00,0x00,0x00,0x00,0x00,0x00,0x00,0x00,0x00,0x00,0x00,0x00,0x00,0x00,0x00,0x00,
  0x00,0x00,0x00,0x00,0x00,0x00,0x00,0x02,0xFD,0x00,0x00,0x05,0xFA,0x00,0x02,0xFD,0x00,0x00,0x05,0xFA,
  0x00,0x02,0xFD,0x00,0x00,0x05,0xFA,0x00,0x02,0xFF,0xFF,0xD9,0x15,0xFA,0x00,0x02,0xFE,0x9A,0xDF,0xA5,
  0xFA,0x00,0x02,0xFD,0x00,0x1F,0xE5,0xFA,0x00,0x02,0xFD,0x00,0x1F,0xE5,0xFA,0x00,0x02,0xFE,0xAA,0xEF,
  0xA5,0xFA,0x00,0x02,0xFF,0xFF,0xD9,0x15,0xFA,0x00,0x00,0x00,0x00,0x00,0x00,0x00,0x00,0x00,0x00,0x00,
  0x00,0x00,0x00,0x00,0x00,0x00,0x00,0x00,0x00,0x00,0x00,0x00,0x00,0x00,0x00,0x00,0x00,0x00,0x00,0x00,
  0x00,0x00,0x00,0x00,0x00,0x00,0x00,0x00,0x00,0x00,0x00,0x00,0x00,0x00,0x00,0x00,0x00,0x00,0x00,0x00,
  0x00,0x00,0x00,0x00,0x00,0x00,0x00,0x00,0x00,0x00,0x00,0x00,0x00,0x00,0x00,0x00,0x00,0x00,0x00,0x00,
  0x00,0x00,0x00,0x00,0x2F,0xD0,0x00,0x00,0x00,0x02,0xFD,0x00,0x00,0x00,0x00,0x2F,0xD0,0x00,0x00,0x00,
  0x02,0xFF,0xFF,0xD9,0x10,0x00,0x2F,0xE9,0xAD,0xFA,0x00,0x02,0xFD,0x00,0x1F,0xE0,0x00,0x2F,0xD0,0x01,
  0xFE,0x00,0x02,0xFE,0xAA,0xEF,0xA0,0x00,0x2F,0xFF,0xFD,0x91,0x00,0x00,0x00,0x00,0x00,0x00,0x00,0x00,
  0x00,0x00,0x00,0x00,0x00,0x00,0x00,0x00,0x00,0x00,0x00,0x00,0x00,0x00,0x00,0x00,0x00,0x00,0x00,0x00,
  0x00,0x00,0x00,0x00,0x00,0x00,0x00,0x00,0x00,0x00,0x00,0x00,0x00,0x00,0x00,0x00,0x00,0x00,0x00,0x00,
  0x00,0x00,0x00,0x00,0x00,0x00,0x00,0x00,0x00,0x00,0x00,0x00,0x00,0x00,0x00,0x00,0x00,0x00,0x00,0x00,
  0x01,0x9D,0xEB,0x30,0x00,0x01,0xDF,0xDB,0xFF,0x40,0x00,0x6F,0xB0,0x05,0xFD,0x00,0x01,0x31,0x55,0x5F,
  0xF1,0x00,0x00,0x0E,0xFF,0xFF,0x30,0x03,0x63,0x00,0x0E,0xF1,0x00,0x5F,0xC0,0x06,0xFC,0x00,0x00,0xCF,
  0xDB,0xFF,0x40,0x00,0x01,0x9D,0xEB,0x30,0x00,0x00,0x00,0x00,0x00,0x00,0x00,0x00,0x00,0x00,0x00,0x00,
  0x00,0x00,0x00,0x00,0x00,0x00,0x00,0x00,0x00,0x00,0x00,0x00,0x00,0x00,0x00,0x00,0x00,0x00,0x00,0x00,
  0x00,0x00,0x00,0x00,0x00,0x00,0x00,0x00,0x00,0x00,0x00,0x00,0x00,0x00,0x00,0x00,0x00,0x00,0x00,0x00,
  0x00,0x00,0x00,0x00,0x00,0x00,0x00,0x00,0x00,0x00,0x00,0x00,0x00,0x00,0x00,0x00,0x00,0x00,0x00,0x00,
  0x00,0x00,0x00,0x00,0x00,0x00,0x00,0x00,0x00,0x00,0x2F,0xD0,0x00,0x7D,0xEC,0x70,0x00,0x02,0xFD,0x00,
  0xAF,0xEB,0xEF,0x90,0x00,0x2F,0xD0,0x4F,0xD1,0x01,0xDF,0x30,0x02,0xFE,0xAD,0xF7,0x00,0x08,0xF6,0x00,
  0x2F,0xFF,0xFF,0x70,0x00,0x7F,0x70,0x02,0xFD,0x06,0xF9,0x00,0x0A,0xF5,0x00,0x2F,0xD0,0x2F,0xE2,0x02,
  0xEF,0x20,0x02,0xFD,0x00,0x8F,0xEB,0xEF,0x80,0x00,0x2F,0xD0,0x00,0x7D,0xEC,0x60,0x00,0x00,0x00,0x00,
  0x00,0x00,0x00,0x00,0x00,0x00,0x00,0x00,0x00,0x00,0x00,0x00,0x00,0x00,0x00,0x00,0x00,0x00,0x00,0x00,
  0x00,0x00,0x00,0x00,0x00,0x00,0x00,0x00,0x00,0x00,0x00,0x00,0x00,0x00,0x00,0x00,0x00,0x00,0x00,0x00,
  0x00,0x00,0x00,0x00,0x00,0x00,0x00,0x00,0x00,0x00,0x00,0x00,0x00,0x00,0x00,0x00,0x00,0x00,0x00,0x00,
  0x00,0x00,0x00,0x00,0x00,0x00,0x00,0x00,0x00,0x00,0x00,0x00,0x00,0x00,0x04,0xCE,0xFF,0xFD,0x00,0x02,
  0xEF,0xC9,0x9F,0xD0,0x00,0x6F,0xA0,0x01,0xFD,0x00,0x06,0xF9,0x00,0x1F,0xD0,0x00,0x2F,0xFA,0x78,0xFD,
  0x00,0x00,0x3E,0xFF,0xFF,0xD0,0x00,0x04,0xFD,0x01,0xFD,0x00,0x01,0xDF,0x40,0x1F,0xD0,0x00,0x8F,0x90,
  0x01,0xFD,0x00,0x00,0x00,0x00,0x00,0x00,0x00,0x00,0x00,0x00,0x00,0x00,0x00,0x00,0x00,0x00,0x00,0x00,
  0x00,0x00,0x00,0x00,0x00,0x00,0x00,0x00,0x00,0x00,0x00,0x00,0x00,0x00,0x00,0x00,0x00,0x00,0x00,0x00,
  0x00,0x00,0x00,0x00,0x00,0x00,0x00,0x00,0x00,0x00,0x00,0x00,0x00,0x00,0x2D,0x80,0xAD,0x10,0x00,0x04,
  0xFB,0x0D,0xF2,0x00,0x00,0x02,0x00,0x11,0x00,0x00,0x00,0x6C,0xEC,0x50,0x00,0x00,0x8F,0xD9,0xDF,0x70,
  0x00,0x2F,0xD0,0x01,0xEE,0x10,0x05,0xFB,0x55,0x5C,0xF4,0x00,0x7F,0xFF,0xFF,0xFF,0x60,0x05,0xF7,0x00,
  0x00,0x00,0x00,0x2F,0xD1,0x00,0xAC,0x20,0x00,0x8F,0xD9,0xCF,0xA0,0x00,0x00,0x6C,0xED,0x70,0x00,0x00,
  0x00,0x00,0x00,0x00,0x00,0x00,0x00,0x00,0x00,0x00,0x00,0x00,0x00,0x00,0x00,0x00,0x00,0x00,0x00,0x00,
  0x00,0x00,0x00,0x00,0x00,0x00,0x00,0x00,0x00,0x00,0x00,0x00,0x00,0x00,0x00,0x00,0x00,0x00,0x00,0x00,
  0x00,0x00,0x00,0x00,0x00,0x00,0x00,0x00,0x00,0x00,0x00,0x00,0x00,0x00,0x00,0x00,0x00,0x00,0x00,0x00,
  0x00,0x00,0x00,0x00,0x00,0x00,0x00,0x00,0x00,0x00,0x00,0x00,0x00,0x00,0x00,0x00,0x00,0x00,0x00,0x00,
  0x00,0x00,0x00,0x00,0x00,0x00,0x00,0x00,0x00,0x00,0x00,0x00,0x00,0x00,0x00,0x00,0x00,0x00,0x00,0x00,
  0x00,0x00,0x00,0x00,0x00,0x00,0x00,0x00,0x00,0x00,0x00,0x00,0x00,0x00,0x00,0x00,0x00,0x0A,0xAA,0xAA,
  0xAA,0xAA,0xAA,0xAA,0xAA,0xA0,0x0F,0xFF,0xFF,0xFF,0xFF,0xFF,0xFF,0xFF,0xF0,0x00,0x00,0x00,0x00,0x00,
  0x00,0x00,0x00,0x00,0x00,0x00,0x00,0x00,0x00,0x00,0x00,0x00,0x00,0x00,0x00,0x00,0x00,0x00,0x00,0x00,
  0x00,0x00,0x00,0x00,0x00,0x00,0x00,0x00,0x00,0x00,0x00,0x00,0x00,0x00,0x00,0x00,0x00,0x00,0x00,0x00,
  0x00,0x00,0x00,0x00,0x00,0x00,0x00,0x00,0x00,0x00,0x00,0x00,0x00,0x00,0x00,0x00,0x00,0x00,0x00,0x00,
  0x00,0x00,0x00,0x00,0x00,0x00,0x00,0x00,0x00,0x00,0x00,0x00,0x00,0x00,0x00,0x00,0x00,0x00,0x00,0x00,
  0x00,0x00,0x00,0x00,0x00,0x00,0x00,0x00,0x00,0x00,0x00,0x00,0x00,0x00,0x00,0x00,0x00,0x00,0x00,0x00,
  0x00,0x00,0x00,0x00,0x00,0x00,0x00,0x00,0x00,0x00,0x00,0x00,0x00,0x00,0x00,0x00,0x00,0x01,0xAE,0xC3,
  0x00,0x00,0x9F,0xFF,0xD0,0x00,0x0D,0xFF,0xFF,0x10,0x00,0x9F,0xFF,0xD0,0x00,0x01,0xAE,0xC3,0x00,0x00,
  0x00,0x00,0x00,0x00,0x00,0x00,0x00,0x00,0x00,0x00,0x00,0x00,0x00,0x00,0x00,0x00,0x00,0x00,0x00,0x00,
  0x00,0x00,0x00,0x00,0x00,0x00,0x00,0x00,0x00,0x00,0x00,0x00,0x00,0x00,0x00,0x00,0x00,0x00,0x00,0x00,
  0x00,0x00,0x00,0x00,0x00,0x00,0x00,0x00,0x00,0x00,0x00,0x00,0x00,0x00,0x00,0x00,0x00,0x00,0x00,0x00,
  0x00,0x00,0x00,0x00,0x00,0x00,0x00,0x00,0x00,0x00,0xFE,0x10,0x00,0x4F,0x70,0x3C,0xEC,0x30,0x00,0x0F,
  0xF9,0x00,0x04,0xF7,0x1E,0xC7,0xDD,0x00,0x00,0xFF,0xF2,0x00,0x4F,0x73,0xF5,0x06,0xF2,0x00,0x0F,0xEF,
  0xB0,0x04,0xF7,0x4F,0x40,0x5F,0x30,0x00,0xFB,0x9F,0x50,0x4F,0x71,0xFA,0x2A,0xE1,0x00,0x0F,0xB1,0xED,
  0x04,0xF7,0x07,0xFF,0xF6,0x00,0x00,0xFB,0x07,0xF7,0x4F,0x70,0x02,0x41,0x00,0x00,0x0F,0xB0,0x0D,0xE6,
  0xF7,0x0F,0xFF,0xFF,0x00,0x00,0xFB,0x00,0x4F,0xDF,0x70,0x44,0x44,0x40,0x00,0x0F,0xB0,0x00,0xBF,0xF7,
  0x00,0x00,0x00,0x00,0x00,0xFB,0x00,0x02,0xFF,0x70,0x00,0x00,0x00,0x00,0x0F,0xB0,0x00,0x08,0xF7,0x00,
  0x00,0x00,0x00,0x00,0x00,0x00,0x00,0x00,0x00,0x00,0x00,0x00,0x00,0x00,0x00,0x00,0x00,0x00,0x00,0x00,
  0x00,0x00,0x00,0x00,0x00,0x00,0x00,0x00,0x00,0x00,0x00,0x00,0x00,0x00,0x00,0x00,0x00,0x00,0x00,0x00,
  0x00,0x00,0x00,0x00,0x00,0x00,0x00,0x00,0x00,0x00,0x00,
};

static const UiGlyph header_glyphs[] PROGMEM = {
  {32, 0, 6, 21, 4},
  {33, 63, 6, 21, 4},
  {34, 126, 9, 21, 7},
  {35, 221, 12, 21, 10},
  {36, 347, 12, 21, 10},
  {37, 473, 16, 21, 14},
  {38, 641, 12, 21, 10},
  {39, 767, 6, 21, 4},
  {40, 830, 7, 21, 5},
  {41, 904, 7, 21, 5},
  {42, 978, 10, 21, 8},
  {43, 1083, 12, 21, 10},
  {44, 1209, 6, 21, 4},
  {45, 1272, 9, 21, 7},
  {46, 1367, 6, 21, 4},
  {47, 1430, 8, 21, 6},
  {48, 1514, 12, 21, 10},
  {49, 1640, 8, 21, 6},
  {50, 1724, 11, 21, 9},
  {51, 1840, 12, 21, 10},
  {52, 1966, 12, 21, 10},
  {53, 2092, 11, 21, 9},
  {54, 2208, 12, 21, 10},
  {55, 2334, 11, 21, 9},
  {56, 2450, 12, 21, 10},
  {57, 2576, 12, 21, 10},
  {58, 2702, 6, 21, 4},
  {59, 2765, 6, 21, 4},
  {60, 2828, 12, 21, 10},
  {61, 2954, 12, 21, 10},
  {62, 3080, 12, 21, 10},
  {63, 3206, 11, 21, 9},
  {64, 3322, 18, 21, 16},
  {65, 3511, 13, 21, 11},
  {66, 3648, 12, 21, 10},
  {67, 3774, 14, 21, 12},
  {68, 3921, 13, 21, 11},
  {69, 4058, 12, 21, 10},
  {70, 4184, 11, 21, 9},
  {71, 4300, 14, 21, 12},
  {72, 4447, 13, 21, 11},
  {73, 4584, 6, 21, 4},
  {74, 4647, 11, 21, 9},
  {75, 4763, 13, 21, 11},
  {76, 4900, 11, 21, 9},
  {77, 5016, 16, 21, 14},
  {78, 5184, 14, 21, 12},
  {79, 5331, 14, 21, 12},
  {80, 5478, 12, 21, 10},
  {81, 5604, 14, 21, 12},
  {82, 5751, 12, 21, 10},
  {83, 5877, 12, 21, 10},
  {84, 6003, 12, 21, 10},
  {85, 6129, 13, 21, 11},
  {86, 6266, 13, 21, 11},
  {87, 6403, 18, 21, 16},
  {88, 6592, 13, 21, 11},
  {89, 6729, 13, 21, 11},
  {90, 6866, 12, 21, 10},
  {91, 6992, 7, 21, 5},
  {92, 7066, 8, 21, 6},
  {93, 7150, 7, 21, 5},
  {94, 7224, 9, 21, 7},
  {95, 7319, 10, 21, 8},
  {96, 7424, 6, 21, 4},
  {97, 7487, 11, 21, 9},
  {98, 7603, 11, 21, 9},
  {99, 7719, 11, 21, 9},
  {100, 7835, 11, 21, 9},
  {101, 7951, 11, 21, 9},
  {102, 8067, 8, 21, 6},
  {103, 8151, 11, 21, 9},
  {104, 8267, 11, 21, 9},
  {105, 8383, 6, 21, 4},
  {106, 8446, 6, 21, 4},
  {107, 8509, 11, 21, 9},
  {108, 8625, 6, 21, 4},
  {109, 8688, 16, 21, 14},
  {110, 8856, 11, 21, 9},
  {111, 8972, 11, 21, 9},
  {112, 9088, 11, 21, 9},
  {113, 9204, 11, 21, 9},
  {114, 9320, 8, 21, 6},
  {115, 9404, 10, 21, 8},
  {116, 9509, 8, 21, 6},
  {117, 9593, 11, 21, 9},
  {118, 9709, 11, 21, 9},
  {119, 9825, 15, 21, 13},
  {120, 9983, 10, 21, 8},
  {121, 10088, 11, 21, 9},
  {122, 10204, 10, 21, 8},
  {123, 10309, 9, 21, 7},
  {124, 10404, 7, 21, 5},
  {125, 10478, 9, 21, 7},
  {126, 10573, 12, 21, 10},
  {1025, 10699, 12, 21, 10},
  {1040, 10825, 13, 21, 11},
  {1041, 10962, 12, 21, 10},
  {1042, 11088, 12, 21, 10},
  {1043, 11214, 11, 21, 9},
  {1044, 11330, 15, 21, 13},
  {1045, 11488, 12, 21, 10},
  {1046, 11614, 18, 21, 16},
  {1047, 11803, 12, 21, 10},
  {1048, 11929, 14, 21, 12},
  {1049, 12076, 14, 21, 12},
  {1050, 12223, 13, 21, 11},
  {1051, 12360, 13, 21, 11},
  {1052, 12497, 16, 21, 14},
  {1053, 12665, 13, 21, 11},
  {1054, 12802, 14, 21, 12},
  {1055, 12949, 13, 21, 11},
  {1056, 13086, 12, 21, 10},
  {1057, 13212, 14, 21, 12},
  {1058, 13359, 12, 21, 10},
  {1059, 13485, 12, 21, 10},
  {1060, 13611, 15, 21, 13},
  {1061, 13769, 13, 21, 11},
  {1062, 13906, 14, 21, 12},
  {1063, 14053, 13, 21, 11},
  {1064, 14190, 17, 21, 15},
  {1065, 14369, 18, 21, 16},
  {1066, 14558, 15, 21, 13},
  {1067, 14716, 16, 21, 14},
  {1068, 14884, 12, 21, 10},
  {1069, 15010, 14, 21, 12},
  {1070, 15157, 18, 21, 16},
  {1071, 15346, 12, 21, 10},
  {1072, 15472, 11, 21, 9},
  {1073, 15588, 11, 21, 9},
  {1074, 15704, 11, 21, 9},
  {1075, 15820, 9, 21, 7},
  {1076, 15915, 12, 21, 10},
  {1077, 16041, 11, 21, 9},
  {1078, 16157, 15, 21, 13},
  {1079, 16315, 10, 21, 8},
  {1080, 16420, 11, 21, 9},
  {1081, 16536, 11, 21, 9},
  {1082, 16652, 11, 21, 9},
  {1083, 16768, 11, 21, 9},
  {1084, 16884, 14, 21, 12},
  {1085, 17031, 11, 21, 9},
  {1086, 17147, 11, 21, 9},
  {1087, 17263, 11, 21, 9},
  {1088, 17379, 11, 21, 9},
  {1089, 17495, 11, 21, 9},
  {1090, 17611, 10, 21, 8},
  {1091, 17716, 11, 21, 9},
  {1092, 17832, 13, 21, 11},
  {1093, 17969, 10, 21, 8},
  {1094, 18074, 12, 21, 10},
  {1095, 18200, 11, 21, 9},
  {1096, 18316, 15, 21, 13},
  {1097, 18474, 15, 21, 13},
  {1098, 18632, 12, 21, 10},
  {1099, 18758, 14, 21, 12},
  {1100, 18905, 11, 21, 9},
  {1101, 19021, 11, 21, 9},
  {1102, 19137, 15, 21, 13},
  {1103, 19295, 11, 21, 9},
  {1105, 19411, 11, 21, 9},
  {8212, 19527, 18, 21, 16},
  {8226, 19716, 9, 21, 7},
  {8470, 19811, 19, 21, 17},
};

const UiFont UI_FONT_HEADER = {header_bitmap, header_glyphs, 164, 21};

static const uint8_t big_bitmap[] PROGMEM = {
  0x00,0x00,0x00,0x00,0x00,0x00,0x00,0x00,0x00,0x00,0x00,0x00,0x00,0x00,0x00,0x00,0x00,0x00,0x00,0x00,
  0x00,0x00,0x00,0x00,0x00,0x00,0x00,0x00,0x00,0x00,0x00,0x00,0x00,0x00,0x00,0x00,0x00,0x00,0x00,0x00,
  0x00,0x00,0x00,0x00,0x00,0x00,0x00,0x00,0x00,0x00,0x00,0x00,0x00,0x00,0x00,0x00,0x00,0x00,0x00,0x00,
  0x00,0x00,0x00,0x00,0x00,0x00,0x00,0x00,0x00,0x00,0x00,0x00,0x00,0x00,0x00,0x00,0x00,0x00,0x00,0x00,
  0x00,0x00,0x00,0x00,0x00,0x00,0x00,0x00,0x00,0x00,0x00,0x00,0x00,0x00,0x00,0x00,0x00,0x00,0x00,0x00,
  0x00,0x00,0x00,0x00,0x00,0x00,0x00,0x00,0x00,0x00,0x00,0x00,0x00,0x00,0x00,0x00,0x00,0x00,0x00,0x00,
  0x00,0x00,0x00,0x00,0xDF,0xF1,0x00,0x0C,0xFF,0x00,0x00,0xCF,0xF0,0x00,0x0C,0xFF,0x00,0x00,0xBF,0xF0,
  0x00,0x0B,0xFE,0x00,0x00,0xBF,0xE0,0x00,0x0A,0xFE,0x00,0x00,0xAF,0xD0,0x00,0x0A,0xFD,0x00,0x00,0x9F,
  0xD0,0x00,0x03,0x44,0x00,0x00,0x03,0x00,0x00,0x0A,0xFD,0x00,0x00,0xEF,0xF2,0x00,0x06,0xD9,0x00,0x00,
  0x00,0x00,0x00,0x00,0x00,0x00,0x00,0x00,0x00,0x00,0x00,0x00,0x00,0x00,0x00,0x00,0x00,0x00,0x00,0x00,
  0x00,0x00,0x00,0x00,0x00,0x00,0x00,0x00,0x00,0x00,0x00,0x00,0x00,0x00,0x00,0x00,0x00,0x00,0x00,0x00,
  0x00,0x00,0x00,0x00,0x00,0x00,0x00,0x00,0x00,0x00,0x00,0x00,0x00,0x00,0x00,0x00,0x00,0x00,0x00,0x00,
  0x00,0x5F,0xF2,0x4F,0xF3,0x00,0x00,0x4F,0xF1,0x3F,0xF2,0x00,0x00,0x4F,0xF1,0x3F,0xF2,0x00,0x00,0x3F,
  0xF0,0x2F,0xF1,0x00,0x00,0x2F,0xE0,0x1F,0xF0,0x00,0x00,0x1D,0xC0,0x1D,0xC0,0x00,0x00,0x00,0x00,0x00,
  0x00,0x00,0x00,0x00,0x00,0x00,0x00,0x00,0x00,0x00,0x00,0x00,0x00,0x00,0x00,0x00,0x00,0x00,0x00,0x00,
  0x00,0x00,0x00,0x00,0x00,0x00,0x00,0x00,0x00,0x00,0x00,0x00,0x00,0x00,0x00,0x00,0x00,0x00,0x00,0x00,
  0x00,0x00,0x00,0x00,0x00,0x00,0x00,0x00,0x00,0x00,0x00,0x00,0x00,0x00,0x00,0x00,0x00,0x00,0x00,0x00,
  0x00,0x00,0x00,0x00,0x00,0x00,0x00,0x00,0x00,0x00,0x00,0x00,0x00,0x00,0x00,0x00,0x00,0x00,0x00,0x00,
  0x00,0x00,0x00,0x00,0x00,0x00,0x00,0x00,0x00,0x00,0x00,0x00,0x00,0x00,0x00,0x00,0x00,0x00,0x00,0x00,
  0x00,0x00,0x00,0x00,0x00,0x00,0x00,0x00,0x00,0x00,0x00,0x00,0x00,0x00,0x00,0x00,0x00,0x00,0x00,0x00,
  0x00,0x00,0x00,0x00,0x00,0x00,0x00,0x00,0x00,0x00,0x00,0x00,0x00,0x00,0x00,0x00,0x00,0x00,0x00,0x00,
  0x00,0x00,0x00,0x00,0x00,0x00,0x00,0x00,0x0D,0xF4,0x00,0x4F,0xD0,0x00,0x00,0x00,0x1F,0xF1,0x00,0x6F,
  0xA0,0x00,0x00,0x00,0x3F,0xD0,0x00,0x9F,0x80,0x00,0x00,0x00,0x6F,0xB0,0x00,0xBF,0x50,0x00,0x00,0xCF,
  0xFF,0xFF,0xFF,0xFF,0xFF,0x70,0x00,0xEF,0xFF,0xFF,0xFF,0xFF,0xFF,0x40,0x00,0x22,0xDF,0x52,0x26,0xFD,
  0x22,0x00,0x00,0x00,0xFF,0x10,0x06,0xFB,0x00,0x00,0x00,0x03,0xFE,0x00,0x08,0xF8,0x00,0x00,0x01,0x26,
  0xFC,0x22,0x2B,0xF7,0x21,0x00,0x0B,0xFF,0xFF,0xFF,0xFF,0xFF,0xF8,0x00,0x0E,0xFF,0xFF,0xFF,0xFF,0xFF,
  0xF5,0x00,0x00,0x0C,0xF4,0x00,0x3F,0xE0,0x00,0x00,0x00,0x0F,0xF2,0x00,0x6F,0xB0,0x00,0x00,0x00,0x2F,
  0xE0,0x00,0x8F,0x90,0x00,0x00,0x00,0x5F,0xC0,0x00,0xBF,0x60,0x00,0x00,0x00,0x00,0x00,0x00,0x00,0x00,
  0x00,0x00,0x00,0x00,0x00,0x00,0x00,0x00,0x00,0x00,0x00,0x00,0x00,0x00,0x00,0x00,0x00,0x00,0x00,0x00,
  0x00,0x00,0x00,0x00,0x00,0x00,0x00,0x00,0x00,0x00,0x00,0x00,0x00,0x00,0x00,0x00,0x00,0x00,0x00,0x00,
  0x00,0x00,0x00,0x00,0x00,0x00,0x00,0x00,0x00,0x00,0x00,0x00,0x00,0x00,0x00,0x00,0x00,0x00,0x00,0x00,
  0x00,0x00,0x00,0x00,0x00,0x00,0x00,0x00,0x00,0x00,0x00,0x00,0x00,0x00,0x00,0x00,0x00,0x02,0x30,0x00,
  0x00,0x00,0x00,0x00,0x00,0x0D,0xF0,0x00,0x00,0x00,0x00,0x00,0x00,0x0D,0xF0,0x00,0x00,0x00,0x00,0x00,
  0x39,0xDF,0xFD,0x93,0x00,0x00,0x00,0x07,0xFF,0xFF,0xFF,0xFF,0x60,0x00,0x00,0x4F,0xFF,0xAE,0xFB,0xFF,
  0xF2,0x00,0x00,0xAF,0xF4,0x0D,0xF0,0x7F,0xF9,0x00,0x00,0xDF,0xF0,0x0D,0xF0,0x1E,0xEB,0x00,0x00,0xBF,
  0xF6,0x0D,0xF0,0x00,0x00,0x00,0x00,0x5F,0xFF,0xCE,0xF1,0x00,0x00,0x00,0x00,0x07,0xFF,0xFF,0xFF,0xB6,
  0x00,0x00,0x00,0x00,0x27,0xCF,0xFF,0xFF,0xC2,0x00,0x00,0x00,0x00,0x0D,0xF9,0xEF,0xFC,0x00,0x01,0x44,
  0x20,0x0D,0xF0,0x1D,0xFF,0x20,0x01,0xFF,0xA0,0x0D,0xF0,0x09,0xFF,0x30,0x00,0xEF,0xF3,0x0D,0xF0,0x1D,
  0xFF,0x10,0x00,0x6F,0xFE,0x9E,0xF7,0xDF,0xFA,0x00,0x00,0x09,0xFF,0xFF,0xFF,0xFF,0xB1,0x00,0x00,0x00,
  0x49,0xDF,0xFE,0xA5,0x00,0x00,0x00,0x00,0x00,0x0D,0xF0,0x00,0x00,0x00,0x00,0x00,0x00,0x0D,0xF0,0x00,
  0x00,0x00,0x00,0x00,0x00,0x02,0x30,0x00,0x00,0x00,0x00,0x00,0x00,0x00,0x00,0x00,0x00,0x00,0x00,0x00,
  0x00,0x00,0x00,0x00,0x00,0x00,0x00,0x00,0x00,0x00,0x00,0x00,0x00,0x00,0x00,0x00,0x00,0x00,0x00,0x00,
  0x00,0x00,0x00,0x00,0x00,0x00,0x00,0x00,0x00,0x00,0x00,0x00,0x00,0x00,0x00,0x00,0x00,0x00,0x00,0x00,
  0x00,0x00,0x00,0x00,0x00,0x00,0x00,0x00,0x00,0x00,0x00,0x00,0x00,0x00,0x00,0x00,0x00,0x00,0x00,0x00,
  0x00,0x00,0x00,0x00,0x00,0x00,0x00,0x00,0x00,0x00,0x00,0x00,0x00,0x00,0x00,0x00,0x00,0x00,0x00,0x00,
  0x00,0x00,0x00,0x00,0x00,0x00,0x00,0x00,0x00,0x01,0xAE,0xD9,0x10,0x00,0x00,0x1E,0xF3,0x00,0x00,0x00,
  0x0D,0xFD,0xEF,0xC0,0x00,0x00,0xAF,0x70,0x00,0x00,0x00,0x6F,0xC0,0x0D,0xF5,0x00,0x06,0xFC,0x00,0x00,
  0x00,0x00,0x9F,0x80,0x09,0xF7,0x00,0x2E,0xE2,0x00,0x00,0x00,0x00,0x8F,0x80,0x0A,0xF7,0x00,0xBF,0x60,
  0x00,0x00,0x00,0x00,0x5F,0xD3,0x4E,0xF4,0x07,0xFB,0x00,0x00,0x00,0x00,0x00,0x0B,0xFF,0xFF,0xA0,0x2F,
  0xE2,0x00,0x00,0x00,0x00,0x00,0x00,0x7B,0xA6,0x00,0xCF,0x60,0x00,0x00,0x00,0x00,0x00,0x00,0x00,0x00,
  0x08,0xFA,0x00,0x6A,0xA6,0x00,0x00,0x00,0x00,0x00,0x00,0x3F,0xE1,0x0B,0xFF,0xFF,0xA0,0x00,0x00,0x00,
  0x00,0x01,0xDF,0x50,0x5F,0xD2,0x2E,0xF4,0x00,0x00,0x00,0x00,0x08,0xF9,0x00,0x8F,0x90,0x0A,0xF7,0x00,
  0x00,0x00,0x00,0x4F,0xD1,0x00,0x9F,0x80,0x09,0xF8,0x00,0x00,0x00,0x01,0xDF,0x40,0x00,0x6F,0xC1,0x1D,
  0xF5,0x00,0x00,0x00,0x09,0xF8,0x00,0x00,0x1D,0xFE,0xEF,0xC0,0x00,0x00,0x00,0x5F,0xD0,0x00,0x00,0x02,
  0xAE,0xE9,0x10,0x00,0x00,0x00,0x00,0x00,0x00,0x00,0x00,0x00,0x00,0x00,0x00,0x00,0x00,0x00,0x00,0x00,
  0x00,0x00,0x00,0x00,0x00,0x00,0x00,0x00,0x00,0x00,0x00,0x00,0x00,0x00,0x00,0x00,0x00,0x00,0x00,0x00,
  0x00,0x00,0x00,0x00,0x00,0x00,0x00,0x00,0x00,0x00,0x00,0x00,0x00,0x00,0x00,0x00,0x00,0x00,0x00,0x00,
  0x00,0x00,0x00,0x00,0x00,0x00,0x00,0x00,0x00,0x00,0x00,0x00,0x00,0x00,0x00,0x00,0x00,0x00,0x00,0x00,
  0x00,0x00,0x00,0x00,0x00,0x00,0x00,0x00,0x00,0x00,0x00,0x00,0x00,0x00,0x00,0x00,0x00,0x00,0x00,0x00,
  0x00,0x00,0x00,0x00,0x00,0x00,0x00,0x00,0x00,0x00,0x00,0x00,0x00,0x00,0x00,0x00,0x00,0x00,0x00,0x00,
  0x00,0x00,0x00,0x00,0x00,0x00,0x00,0x00,0x00,0x00,0x00,0x2A,0xDE,0xC5,0x00,0x00,0x00,0x00,0x02,0xEF,
  0xFF,0xFF,0x70,0x00,0x00,0x00,0x0B,0xFF,0x86,0xCF,0xF0,0x00,0x00,0x00,0x0E,0xF9,0x00,0x4F,0xF3,0x00,
  0x00,0x00,0x0D,0xFA,0x00,0x6F,0xF1,0x00,0x00,0x00,0x09,0xFF,0x36,0xFF,0xA0,0x00,0x00,0x00,0x01,0xEF,
  0xFF,0xFC,0x10,0x00,0x00,0x00,0x00,0x8F,0xFF,0x91,0x00,0x00,0x00,0x00,0x08,0xFF,0xFF,0x90,0x02,0x66,
  0x00,0x00,0x8F,0xFA,0x8F,0xF7,0x06,0xFF,0x00,0x02,0xFF,0xB0,0x09,0xFF,0x5A,0xFD,0x00,0x04,0xFF,0x60,
  0x00,0xBF,0xEF,0xF9,0x00,0x02,0xFF,0xA0,0x00,0x1C,0xFF,0xF2,0x00,0x00,0xCF,0xFA,0x55,0x9F,0xFF,0xD1,
  0x00,0x00,0x2E,0xFF,0xFF,0xFF,0xDE,0xFB,0x00,0x00,0x01,0x8C,0xEE,0xB7,0x05,0xFF,0x90,0x00,0x00,0x00,
  0x00,0x00,0x00,0x00,0x00,0x00,0x00,0x00,0x00,0x00,0x00,0x00,0x00,0x00,0x00,0x00,0x00,0x00,0x00,0x00,
  0x00,0x00,0x00,0x00,0x00,0x00,0x00,0x00,0x00,0x00,0x00,0x00,0x00,0x00,0x00,0x00,0x00,0x00,0x00,0x00,
  0x00,0x00,0x00,0x00,0x00,0x00,0x00,0x00,0x00,0x00,0x00,0x00,0x00,0x00,0x00,0x00,0x00,0x00,0x00,0x00,
  0x00,0x00,0x00,0x00,0x00,0x00,0x00,0x00,0x00,0x00,0x00,0x00,0x00,0x00,0x00,0x00,0x00,0x00,0x5F,0xF2,
  0x00,0x00,0x4F,0xF1,0x00,0x00,0x4F,0xF1,0x00,0x00,0x3F,0xF0,0x00,0x00,0x2F,0xE0,0x00,0x00,0x1D,0xC0,
  0x00,0x00,0x00,0x00,0x00,0x00,0x00,0x00,0x00,0x00,0x00,0x00,0x00,0x00,0x00,0x00,0x00,0x00,0x00,0x00,
  0x00,0x00,0x00,0x00,0x00,0x00,0x00,0x00,0x00,0x00,0x00,0x00,0x00,0x00,0x00,0x00,0x00,0x00,0x00,0x00,
  0x00,0x00,0x00,0x00,0x00,0x00,0x00,0x00,0x00,0x00,0x00,0x00,0x00,0x00,0x00,0x00,0x00,0x00,0x00,0x00,
  0x00,0x00,0x00,0x00,0x00,0x00,0x00,0x00,0x00,0x00,0x00,0x00,0x00,0x00,0x00,0x00,0x00,0x00,0x00,0x00,
  0x00,0x00,0x00,0x00,0x00,0x00,0x00,0x00,0x00,0x00,0x00,0x00,0x00,0x05,0xFF,0x50,0x00,0x00,0xCF,0xF1,
  0x00,0x00,0x3F,0xFA,0x00,0x00,0x08,0xFF,0x50,0x00,0x00,0xCF,0xE1,0x00,0x00,0x1F,0xFB,0x00,0x00,0x03,
  0xFF,0x80,0x00,0x00,0x6F,0xF5,0x00,0x00,0x07,0xFF,0x40,0x00,0x00,0x8F,0xF3,0x00,0x00,0x09,0xFF,0x20,
  0x00,0x00,0x8F,0xF3,0x00,0x00,0x07,0xFF,0x40,0x00,0x00,0x5F,0xF6,0x00,0x00,0x02,0xFF,0x90,0x00,0x00,
  0x0E,0xFD,0x00,0x00,0x00,0x9F,0xF3,0x00,0x00,0x04,0xFF,0x80,0x00,0x00,0x0C,0xFD,0x00,0x00,0x00,0x5F,
  0xF5,0x00,0x00,0x00,0x00,0x00,0x00,0x00,0x00,0x00,0x00,0x00,0x00,0x00,0x00,0x00,0x00,0x00,0x00,0x00,
  0x00,0x00,0x00,0x00,0x00,0x00,0x00,0x00,0x00,0x00,0x00,0x00,0x00,0x00,0x00,0x00,0x00,0x00,0x00,0x00,
  0x00,0x00,0x00,0x5F,0xF5,0x00,0x00,0x01,0xEF,0xC0,0x00,0x00,0x0A,0xFF,0x40,0x00,0x00,0x5F,0xF8,0x00,
  0x00,0x00,0xEF,0xD0,0x00,0x00,0x0A,0xFF,0x10,0x00,0x00,0x8F,0xF4,0x00,0x00,0x05,0xFF,0x70,0x00,0x00,
  0x3F,0xF8,0x00,0x00,0x02,0xFF,0x90,0x00,0x00,0x1F,0xFA,0x00,0x00,0x02,0xFF,0x90,0x00,0x00,0x3F,0xF8,
  0x00,0x00,0x06,0xFF,0x60,0x00,0x00,0x9F,0xF3,0x00,0x00,0x0C,0xFE,0x00,0x00,0x02,0xFF,0xA0,0x00,0x00,
  0x7F,0xF5,0x00,0x00,0x0D,0xFD,0x00,0x00,0x04,0xFF,0x60,0x00,0x00,0x00,0x00,0x00,0x00,0x00,0x00,0x00,
  0x00,0x00,0x00,0x00,0x00,0x00,0x00,0x00,0x00,0x00,0x00,0x00,0x00,0x00,0x00,0x00,0x00,0x00,0x00,0x00,
  0x00,0x00,0x00,0x00,0x00,0x00,0x00,0x00,0x00,0x00,0x00,0x00,0x00,0x00,0x00,0x00,0x00,0x00,0x00,0x00,
  0x00,0x00,0x00,0x00,0x00,0x00,0x00,0x00,0x00,0x00,0x00,0x00,0x04,0xF8,0x00,0x00,0x00,0x01,0x71,0x3F,
  0x70,0x63,0x00,0x00,0x7F,0xE8,0xF9,0xCF,0xB0,0x00,0x00,0x4B,0xFF,0xFD,0x61,0x00,0x00,0x03,0xAF,0xFF,
  0xC5,0x00,0x00,0x07,0xFF,0xAF,0xBE,0xFB,0x00,0x00,0x2C,0x33,0xF7,0x2A,0x60,0x00,0x00,0x00,0x4F,0x80,
  0x00,0x00,0x00,0x00,0x02,0x74,0x00,0x00,0x00,0x00,0x00,0x00,0x00,0x00,0x00,0x00,0x00,0x00,0x00,0x00,
  0x00,0x00,0x00,0x00,0x00,0x00,0x00,0x00,0x00,0x00,0x00,0x00,0x00,0x00,0x00,0x00,0x00,0x00,0x00,0x00,
  0x00,0x00,0x00,0x00,0x00,0x00,0x00,0x00,0x00,0x00,0x00,0x00,0x00,0x00,0x00,0x00,0x00,0x00,0x00,0x00,
  0x00,0x00,0x00,0x00,0x00,0x00,0x00,0x00,0x00,0x00,0x00,0x00,0x00,0x00,0x00,0x00,0x00,0x00,0x00,0x00,
  0x00,0x00,0x00,0x00,0x00,0x00,0x00,0x00,0x00,0x00,0x00,0x00,0x00,0x00,0x00,0x00,0x00,0x00,0x00,0x00,
  0x00,0x00,0x00,0x00,0x00,0x00,0x00,0x00,0x00,0x00,0x00,0x00,0x00,0x00,0x00,0x00,0x00,0x00,0x00,0x00,
  0x00,0x00,0x00,0x00,0x00,0x00,0x00,0x00,0x00,0x00,0x00,0x00,0x00,0x00,0x00,0x00,0x00,0x00,0x00,0x00,
  0x00,0x00,0x00,0x00,0x00,0x00,0x00,0x00,0x00,0x00,0x00,0x00,0x00,0x00,0x00,0x00,0x00,0x00,0x00,0x00,
  0x00,0x00,0x00,0x00,0x00,0x00,0x00,0x00,0x00,0x00,0x00,0x00,0x00,0x00,0x00,0x00,0x00,0x00,0x00,0x00,
  0x00,0x00,0x00,0x1F,0xF4,0x00,0x00,0x00,0x00,0x00,0x00,0x1F,0xF4,0x00,0x00,0x00,0x00,0x00,0x00,0x1F,
  0xF4,0x00,0x00,0x00,0x00,0x00,0x00,0x1F,0xF4,0x00,0x00,0x00,0x00,0x14,0x44,0x5F,0xF7,0x44,0x42,0x00,
  0x00,0x4F,0xFF,0xFF,0xFF,0xFF,0xF7,0x00,0x00,0x4F,0xFF,0xFF,0xFF,0xFF,0xF7,0x00,0x00,0x00,0x00,0x1F,
  0xF4,0x00,0x00,0x00,0x00,0x00,0x00,0x1F,0xF4,0x00,0x00,0x00,0x00,0x00,0x00,0x1F,0xF4,0x00,0x00,0x00,
  0x00,0x00,0x00,0x1F,0xF4,0x00,0x00,0x00,0x00,0x00,0x00,0x04,0x41,0x00,0x00,0x00,0x00,0x00,0x00,0x00,
  0x00,0x00,0x00,0x00,0x00,0x00,0x00,0x00,0x00,0x00,0x00,0x00,0x00,0x00,0x00,0x00,0x00,0x00,0x00,0x00,
  0x00,0x00,0x00,0x00,0x00,0x00,0x00,0x00,0x00,0x00,0x00,0x00,0x00,0x00,0x00,0x00,0x00,0x00,0x00,0x00,
  0x00,0x00,0x00,0x00,0x00,0x00,0x00,0x00,0x00,0x00,0x00,0x00,0x00,0x00,0x00,0x00,0x00,0x00,0x00,0x00,
  0x00,0x00,0x00,0x00,0x00,0x00,0x00,0x00,0x00,0x00,0x00,0x00,0x00,0x00,0x00,0x00,0x00,0x00,0x00,0x00,
  0x00,0x00,0x00,0x00,0x00,0x00,0x00,0x00,0x00,0x00,0x00,0x00,0x00,0x00,0x00,0x00,0x00,0x00,0x00,0x00,
  0x00,0x00,0x00,0x00,0x00,0x00,0x00,0x00,0x00,0x00,0x00,0x00,0x00,0x00,0x00,0x00,0x00,0x00,0x00,0x07,
  0xBA,0x00,0x00,0xCF,0xB0,0x00,0x0E,0xF6,0x00,0x01,0xFF,0x20,0x00,0x4F,0xD0,0x00,0x06,0xF9,0x00,0x00,
  0x00,0x00,0x00,0x00,0x00,0x00,0x00,0x00,0x00,0x00,0x00,0x00,0x00,0x00,0x00,0x00,0x00,0x00,0x00,0x00,
  0x00,0x00,0x00,0x00,0x00,0x00,0x00,0x00,0x00,0x00,0x00,0x00,0x00,0x00,0x00,0x00,0x00,0x00,0x00,0x00,
  0x00,0x00,0x00,0x00,0x00,0x00,0x00,0x00,0x00,0x00,0x00,0x00,0x00,0x00,0x00,0x00,0x00,0x00,0x00,0x00,
  0x00,0x00,0x00,0x00,0x00,0x00,0x00,0x00,0x00,0x00,0x00,0x00,0x00,0x00,0x00,0x00,0x00,0x00,0x00,0x00,
  0x00,0x00,0x00,0x00,0x00,0x00,0x00,0x00,0x00,0x00,0x00,0x00,0x00,0x00,0x00,0x00,0x00,0x00,0x00,0x34,
  0x44,0x44,0x42,0x00,0x00,0xBF,0xFF,0xFF,0xF6,0x00,0x00,0xBF,0xFF,0xFF,0xF6,0x00,0x00,0x00,0x00,0x00,
  0x00,0x00,0x00,0x00,0x00,0x00,0x00,0x00,0x00,0x00,0x00,0x00,0x00,0x00,0x00,0x00,0x00,0x00,0x00,0x00,
  0x00,0x00,0x00,0x00,0x00,0x00,0x00,0x00,0x00,0x00,0x00,0x00,0x00,0x00,0x00,0x00,0x00,0x00,0x00,0x00,
  0x00,0x00,0x00,0x00,0x00,0x00,0x00,0x00,0x00,0x00,0x00,0x00,0x00,0x00,0x00,0x00,0x00,0x00,0x00,0x00,
  0x00,0x00,0x00,0x00,0x00,0x00,0x00,0x00,0x00,0x00,0x00,0x00,0x00,0x00,0x00,0x00,0x00,0x00,0x00,0x00,
  0x00,0x00,0x00,0x00,0x00,0x00,0x00,0x00,0x00,0x00,0x00,0x00,0x00,0x00,0x00,0x00,0x00,0x00,0x00,0x00,
  0x00,0x00,0x00,0x00,0x00,0x00,0x00,0x00,0x00,0x00,0x00,0x00,0x00,0x00,0x00,0x00,0x00,0x00,0x00,0x00,
  0x00,0x00,0x00,0x00,0x00,0x00,0x00,0x00,0x00,0x00,0x00,0x00,0x03,0x00,0x00,0x0B,0xFD,0x00,0x00,0xEF,
  0xF2,0x00,0x07,0xD9,0x00,0x00,0x00,0x00,0x00,0x00,0x00,0x00,0x00,0x00,0x00,0x00,0x00,0x00,0x00,0x00,
  0x00,0x00,0x00,0x00,0x00,0x00,0x00,0x00,0x00,0x00,0x00,0x00,0x00,0x00,0x00,0x00,0x00,0x00,0x00,0x00,
  0x00,0x00,0x00,0x00,0x00,0x00,0x00,0x00,0x00,0x00,0x00,0x00,0x00,0x00,0x00,0x00,0x00,0x00,0xEF,0x70,
  0x00,0x00,0x03,0xFF,0x30,0x00,0x00,0x07,0xFE,0x00,0x00,0x00,0x0B,0xFA,0x00,0x00,0x00,0x0E,0xF6,0x00,
  0x00,0x00,0x4F,0xF2,0x00,0x00,0x00,0x8F,0xD0,0x00,0x00,0x00,0xCF,0x90,0x00,0x00,0x01,0xFF,0x50,0x00,
  0x00,0x05,0xFF,0x10,0x00,0x00,0x09,0xFC,0x00,0x00,0x00,0x0D,0xF8,0x00,0x00,0x00,0x2F,0xF4,0x00,0x00,
  0x00,0x6F,0xE0,0x00,0x00,0x00,0xAF,0xB0,0x00,0x00,0x00,0xEF,0x70,0x00,0x00,0x03,0xFF,0x30,0x00,0x00,
  0x07,0xFE,0x00,0x00,0x00,0x0B,0xFA,0x00,0x00,0x00,0x02,0x31,0x00,0x00,0x00,0x00,0x00,0x00,0x00,0x00,
  0x00,0x00,0x00,0x00,0x00,0x00,0x00,0x00,0x00,0x00,0x00,0x00,0x00,0x00,0x00,0x00,0x00,0x00,0x00,0x00,
  0x00,0x00,0x00,0x00,0x00,0x00,0x00,0x00,0x00,0x00,0x00,0x00,0x00,0x00,0x00,0x00,0x00,0x00,0x00,0x00,
  0x00,0x00,0x00,0x00,0x00,0x00,0x00,0x00,0x00,0x00,0x00,0x00,0x00,0x00,0x00,0x00,0x00,0x00,0x00,0x00,
  0x00,0x00,0x00,0x00,0x00,0x07,0xCE,0xEC,0x70,0x00,0x00,0x00,0x01,0xCF,0xFF,0xFF,0xFC,0x10,0x00,0x00,
  0x0B,0xFF,0xC7,0x7C,0xFF,0xB0,0x00,0x00,0x3F,0xFB,0x00,0x00,0xBF,0xF3,0x00,0x00,0xAF,0xF2,0x00,0x00,
  0x2F,0xFA,0x00,0x00,0xEF,0xC0,0x00,0x00,0x0B,0xFE,0x00,0x01,0xFF,0x90,0x00,0x00,0x09,0xFF,0x10,0x03,
  0xFF,0x80,0x00,0x00,0x07,0xFF,0x30,0x03,0xFF,0x80,0x00,0x00,0x07,0xFF,0x30,0x01,0xFF,0x90,0x00,0x00,
  0x09,0xFF,0x10,0x00,0xEF,0xC0,0x00,0x00,0x0B,0xFE,0x00,0x00,0xAF,0xF2,0x00,0x00,0x2F,0xFB,0x00,0x00,
  0x3F,0xFB,0x00,0x00,0xBF,0xF3,0x00,0x00,0x0B,0xFF,0xC7,0x7C,0xFF,0xB0,0x00,0x00,0x01,0xCF,0xFF,0xFF,
  0xFC,0x10,0x00,0x00,0x00,0x07,0xCE,0xEC,0x70,0x00,0x00,0x00,0x00,0x00,0x00,0x00,0x00,0x00,0x00,0x00,
  0x00,0x00,0x00,0x00,0x00,0x00,0x00,0x00,0x00,0x00,0x00,0x00,0x00,0x00,0x00,0x00,0x00,0x00,0x00,0x00,
  0x00,0x00,0x00,0x00,0x00,0x00,0x00,0x00,0x00,0x00,0x00,0x00,0x00,0x00,0x00,0x00,0x00,0x00,0x00,0x00,
  0x00,0x00,0x00,0x00,0x00,0x00,0x00,0x00,0x00,0x00,0x00,0x00,0x00,0x00,0x00,0x00,0x00,0x00,0x00,0x00,
  0x00,0x00,0x00,0x00,0x00,0x00,0x00,0x00,0x00,0x00,0x00,0x00,0x00,0x00,0x00,0x00,0x00,0x00,0x00,0x6E,
  0xFF,0x10,0x00,0x2B,0xFF,0xFF,0x10,0x05,0xFF,0xFE,0xFF,0x10,0x08,0xFC,0x3B,0xFF,0x10,0x08,0x70,0x0B,
  0xFF,0x10,0x00,0x00,0x0B,0xFF,0x10,0x00,0x00,0x0B,0xFF,0x10,0x00,0x00,0x0B,0xFF,0x10,0x00,0x00,0x0B,
  0xFF,0x10,0x00,0x00,0x0B,0xFF,0x10,0x00,0x00,0x0B,0xFF,0x10,0x00,0x00,0x0B,0xFF,0x10,0x00,0x00,0x0B,
  0xFF,0x10,0x00,0x00,0x0B,0xFF,0x10,0x00,0x00,0x0B,0xFF,0x10,0x00,0x00,0x0B,0xFF,0x10,0x00,0x00,0x00,
  0x00,0x00,0x00,0x00,0x00,0x00,0x00,0x00,0x00,0x00,0x00,0x00,0x00,0x00,0x00,0x00,0x00,0x00,0x00,0x00,
  0x00,0x00,0x00,0x00,0x00,0x00,0x00,0x00,0x00,0x00,0x00,0x00,0x00,0x00,0x00,0x00,0x00,0x00,0x00,0x00,
  0x00,0x00,0x00,0x00,0x00,0x00,0x00,0x00,0x00,0x00,0x00,0x00,0x00,0x00,0x00,0x00,0x00,0x00,0x00,0x00,
  0x00,0x00,0x00,0x00,0x00,0x00,0x00,0x00,0x00,0x00,0x00,0x00,0x00,0x00,0x00,0x00,0x00,0x00,0x00,0x3A,
  0xCE,0xCA,0x30,0x00,0x00,0x00,0x7F,0xFF,0xFF,0xFF,0x70,0x00,0x00,0x3F,0xFE,0x86,0x8E,0xFF,0x40,0x00,
  0x0B,0xFF,0x20,0x00,0x3F,0xFA,0x00,0x00,0xEF,0xA0,0x00,0x00,0xCF,0xD0,0x00,0x19,0x95,0x00,0x00,0x0C,
  0xFD,0x00,0x00,0x00,0x00,0x00,0x02,0xFF,0xA0,0x00,0x00,0x00,0x00,0x01,0xCF,0xF2,0x00,0x00,0x00,0x00,
  0x01,0xCF,0xF6,0x00,0x00,0x00,0x00,0x03,0xDF,0xF7,0x00,0x00,0x00,0x00,0x04,0xEF,0xF5,0x00,0x00,0x00,
  0x00,0x06,0xFF,0xE4,0x00,0x00,0x00,0x00,0x08,0xFF,0xD3,0x00,0x00,0x00,0x00,0x0A,0xFF,0xE6,0x55,0x55,
  0x55,0x00,0x02,0xFF,0xFF,0xFF,0xFF,0xFF,0xF0,0x00,0x2F,0xFF,0xFF,0xFF,0xFF,0xFF,0x00,0x00,0x00,0x00,
  0x00,0x00,0x00,0x00,0x00,0x00,0x00,0x00,0x00,0x00,0x00,0x00,0x00,0x00,0x00,0x00,0x00,0x00,0x00,0x00,
  0x00,0x00,0x00,0x00,0x00,0x00,0x00,0x00,0x00,0x00,0x00,0x00,0x00,0x00,0x00,0x00,0x00,0x00,0x00,0x00,
  0x00,0x00,0x00,0x00,0x00,0x00,0x00,0x00,0x00,0x00,0x00,0x00,0x00,0x00,0x00,0x00,0x00,0x00,0x00,0x00,
  0x00,0x00,0x00,0x00,0x00,0x00,0x00,0x00,0x00,0x00,0x00,0x00,0x00,0x00,0x00,0x00,0x00,0x00,0x00,0x00,
  0x00,0x00,0x00,0x00,0x00,0x00,0x00,0x00,0x00,0x00,0x00,0x00,0x00,0x00,0x00,0x00,0x00,0x29,0xCE,0xDB,
  0x50,0x00,0x00,0x00,0x5E,0xFF,0xFF,0xFF,0xC1,0x00,0x00,0x2E,0xFE,0x84,0x6C,0xFF,0x90,0x00,0x08,0xFF,
  0x40,0x00,0x0C,0xFE,0x00,0x00,0xAE,0xD0,0x00,0x00,0x8F,0xF2,0x00,0x00,0x00,0x00,0x00,0x0B,0xFE,0x00,
  0x00,0x00,0x00,0x23,0x5B,0xFF,0x50,0x00,0x00,0x00,0x0D,0xFF,0xFB,0x30,0x00,0x00,0x00,0x00,0xDF,0xFF,
  0xFC,0x30,0x00,0x00,0x00,0x00,0x02,0x7E,0xFE,0x20,0x00,0x33,0x20,0x00,0x00,0x6F,0xF8,0x00,0x0F,0xFB,
  0x00,0x00,0x03,0xFF,0xA0,0x00,0xCF,0xF3,0x00,0x00,0x8F,0xF7,0x00,0x04,0xFF,0xE8,0x56,0xAF,0xFE,0x20,
  0x00,0x07,0xFF,0xFF,0xFF,0xFE,0x30,0x00,0x00,0x02,0x9C,0xED,0xB7,0x10,0x00,0x00,0x00,0x00,0x00,0x00,
  0x00,0x00,0x00,0x00,0x00,0x00,0x00,0x00,0x00,0x00,0x00,0x00,0x00,0x00,0x00,0x00,0x00,0x00,0x00,0x00,
  0x00,0x00,0x00,0x00,0x00,0x00,0x00,0x00,0x00,0x00,0x00,0x00,0x00,0x00,0x00,0x00,0x00,0x00,0x00,0x00,
  0x00,0x00,0x00,0x00,0x00,0x00,0x00,0x00,0x00,0x00,0x00,0x00,0x00,0x00,0x00,0x00,0x00,0x00,0x00,0x00,
  0x00,0x00,0x00,0x00,0x00,0x00,0x00,0x00,0x00,0x00,0x00,0x00,0x00,0x00,0x00,0x00,0x00,0x00,0x00,0x00,
  0x00,0x00,0x00,0x00,0x00,0x00,0x00,0x00,0x00,0x00,0x00,0x00,0x00,0x00,0x00,0x00,0x00,0x00,0x00,0x00,
  0x8F,0xFF,0x50,0x00,0x00,0x00,0x00,0x04,0xFF,0xFF,0x50,0x00,0x00,0x00,0x00,0x1D,0xFF,0xFF,0x50,0x00,
  0x00,0x00,0x00,0xAF,0xE8,0xFF,0x50,0x00,0x00,0x00,0x06,0xFF,0x65,0xFF,0x50,0x00,0x00,0x00,0x2E,0xFA,
  0x05,0xFF,0x50,0x00,0x00,0x00,0xCF,0xD1,0x05,0xFF,0x50,0x00,0x00,0x08,0xFF,0x40,0x05,0xFF,0x50,0x00,
  0x00,0x4F,0xF8,0x00,0x05,0xFF,0x50,0x00,0x01,0xEF,0xC0,0x00,0x05,0xFF,0x50,0x00,0x06,0xFF,0xFF,0xFF,
  0xFF,0xFF,0xFF,0x80,0x06,0xFF,0xFF,0xFF,0xFF,0xFF,0xFF,0x80,0x02,0x44,0x44,0x44,0x48,0xFF,0x84,0x20,
  0x00,0x00,0x00,0x00,0x05,0xFF,0x50,0x00,0x00,0x00,0x00,0x00,0x05,0xFF,0x50,0x00,0x00,0x00,0x00,0x00,
  0x05,0xFF,0x50,0x00,0x00,0x00,0x00,0x00,0x00,0x00,0x00,0x00,0x00,0x00,0x00,0x00,0x00,0x00,0x00,0x00,
  0x00,0x00,0x00,0x00,0x00,0x00,0x00,0x00,0x00,0x00,0x00,0x00,0x00,0x00,0x00,0x00,0x00,0x00,0x00,0x00,
  0x00,0x00,0x00,0x00,0x00,0x00,0x00,0x00,0x00,0x00,0x00,0x00,0x00,0x00,0x00,0x00,0x00,0x00,0x00,0x00,
  0x00,0x00,0x00,0x00,0x00,0x00,0x00,0x00,0x00,0x00,0x00,0x00,0x00,0x00,0x00,0x00,0x00,0x00,0x00,0x00,
  0x00,0x00,0x00,0x00,0x00,0x00,0x00,0x00,0x00,0x00,0x00,0x00,0x00,0x00,0x00,0x00,0x00,0x00,0x00,0x00,
  0x00,0x00,0x00,0x00,0x00,0x00,0x9F,0xFF,0xFF,0xFF,0xFF,0x50,0x00,0x0A,0xFF,0xFF,0xFF,0xFF,0xF5,0x00,
  0x00,0xBF,0xE5,0x55,0x55,0x55,0x20,0x00,0x0C,0xFD,0x00,0x00,0x00,0x00,0x00,0x00,0xCF,0xC0,0x00,0x00,
  0x00,0x00,0x00,0x0D,0xFA,0x3B,0xDE,0xB5,0x00,0x00,0x00,0xEF,0xEF,0xFF,0xFF,0xF9,0x00,0x00,0x0F,0xFF,
  0xD8,0x57,0xEF,0xF5,0x00,0x01,0xFF,0xD2,0x00,0x02,0xEF,0xD0,0x00,0x01,0x10,0x00,0x00,0x09,0xFF,0x10,
  0x00,0x00,0x00,0x00,0x00,0x7F,0xF3,0x00,0x2F,0xF8,0x00,0x00,0x09,0xFF,0x10,0x00,0xEF,0xE2,0x00,0x02,
  0xEF,0xD0,0x00,0x06,0xFF,0xE7,0x57,0xEF,0xF5,0x00,0x00,0x09,0xFF,0xFF,0xFF,0xF8,0x00,0x00,0x00,0x03,
  0xAD,0xEC,0xA3,0x00,0x00,0x00,0x00,0x00,0x00,0x00,0x00,0x00,0x00,0x00,0x00,0x00,0x00,0x00,0x00,0x00,
  0x00,0x00,0x00,0x00,0x00,0x00,0x00,0x00,0x00,0x00,0x00,0x00,0x00,0x00,0x00,0x00,0x00,0x00,0x00,0x00,
  0x00,0x00,0x00,0x00,0x00,0x00,0x00,0x00,0x00,0x00,0x00,0x00,0x00,0x00,0x00,0x00,0x00,0x00,0x00,0x00,
  0x00,0x00,0x00,0x00,0x00,0x00,0x00,0x00,0x00,0x00,0x00,0x00,0x00,0x00,0x00,0x00,0x00,0x00,0x00,0x00,
  0x00,0x00,0x00,0x00,0x00,0x00,0x00,0x00,0x00,0x00,0x00,0x00,0x00,0x00,0x00,0x00,0x00,0x00,0x00,0x00,
  0x00,0x00,0x00,0x00,0x00,0x07,0xCE,0xEB,0x60,0x00,0x00,0x00,0x1C,0xFF,0xFF,0xFF,0xC1,0x00,0x00,0x0A,
  0xFF,0xB6,0x5B,0xFF,0xA0,0x00,0x02,0xFF,0x90,0x00,0x0B,0xFF,0x10,0x00,0x9F,0xE1,0x00,0x00,0x38,0x82,
  0x00,0x0D,0xFA,0x00,0x23,0x00,0x00,0x00,0x00,0xFF,0x84,0xDF,0xFF,0xB2,0x00,0x00,0x1F,0xFB,0xFF,0xFF,
  0xFF,0xF4,0x00,0x03,0xFF,0xFE,0x51,0x28,0xFF,0xD1,0x00,0x2F,0xFF,0x30,0x00,0x08,0xFF,0x40,0x00,0xFF,
  0xD0,0x00,0x00,0x3F,0xF7,0x00,0x0D,0xFE,0x00,0x00,0x04,0xFF,0x60,0x00,0x7F,0xF6,0x00,0x00,0xBF,0xF3,
  0x00,0x00,0xDF,0xF9,0x56,0xCF,0xFA,0x00,0x00,0x03,0xDF,0xFF,0xFF,0xFC,0x10,0x00,0x00,0x01,0x8D,0xFD,
  0xB6,0x00,0x00,0x00,0x00,0x00,0x00,0x00,0x00,0x00,0x00,0x00,0x00,0x00,0x00,0x00,0x00,0x00,0x00,0x00,
  0x00,0x00,0x00,0x00,0x00,0x00,0x00,0x00,0x00,0x00,0x00,0x00,0x00,0x00,0x00,0x00,0x00,0x00,0x00,0x00,
  0x00,0x00,0x00,0x00,0x00,0x00,0x00,0x00,0x00,0x00,0x00,0x00,0x00,0x00,0x00,0x00,0x00,0x00,0x00,0x00,
  0x00,0x00,0x00,0x00,0x00,0x00,0x00,0x00,0x00,0x00,0x00,0x00,0x00,0x00,0x00,0x00,0x00,0x00,0x00,0x00,
  0x00,0x00,0x00,0x00,0x00,0x00,0x00,0x00,0x00,0x00,0x00,0x00,0x00,0x00,0x00,0x00,0x00,0x00,0x08,0xFF,
  0xFF,0xFF,0xFF,0xFF,0x50,0x08,0xFF,0xFF,0xFF,0xFF,0xFF,0x50,0x03,0x66,0x66,0x66,0x6C,0xFF,0x40,0x00,
  0x00,0x00,0x00,0x2F,0xFC,0x00,0x00,0x00,0x00,0x00,0x9F,0xF4,0x00,0x00,0x00,0x00,0x02,0xFF,0xC0,0x00,
  0x00,0x00,0x00,0x09,0xFF,0x40,0x00,0x00,0x00,0x00,0x2F,0xFC,0x00,0x00,0x00,0x00,0x00,0x9F,0xF4,0x00,
  0x00,0x00,0x00,0x02,0xFF,0xC0,0x00,0x00,0x00,0x00,0x09,0xFF,0x40,0x00,0x00,0x00,0x00,0x2F,0xFC,0x00,
  0x00,0x00,0x00,0x00,0xAF,0xF4,0x00,0x00,0x00,0x00,0x02,0xFF,0xB0,0x00,0x00,0x00,0x00,0x0A,0xFF,0x40,
  0x00,0x00,0x00,0x00,0x2F,0xFB,0x00,0x00,0x00,0x00,0x00,0x00,0x00,0x00,0x00,0x00,0x00,0x00,0x00,0x00,
  0x00,0x00,0x00,0x00,0x00,0x00,0x00,0x00,0x00,0x00,0x00,0x00,0x00,0x00,0x00,0x00,0x00,0x00,0x00,0x00,
  0x00,0x00,0x00,0x00,0x00,0x00,0x00,0x00,0x00,0x00,0x00,0x00,0x00,0x00,0x00,0x00,0x00,0x00,0x00,0x00,
  0x00,0x00,0x00,0x00,0x00,0x00,0x00,0x00,0x00,0x00,0x00,0x00,0x00,0x00,0x00,0x00,0x00,0x00,0x00,0x00,
  0x00,0x00,0x00,0x00,0x00,0x00,0x00,0x00,0x00,0x00,0x00,0x00,0x00,0x00,0x00,0x00,0x00,0x00,0x00,0x00,
  0x00,0x00,0x00,0x00,0x00,0x00,0x2A,0xCE,0xDB,0x40,0x00,0x00,0x00,0x6F,0xFF,0xFF,0xFF,0xA0,0x00,0x00,
  0x3F,0xFE,0x74,0x5D,0xFF,0x70,0x00,0x08,0xFF,0x50,0x00,0x2F,0xFB,0x00,0x00,0xAF,0xF1,0x00,0x00,0xDF,
  0xD0,0x00,0x07,0xFF,0x50,0x00,0x1F,0xFA,0x00,0x00,0x1C,0xFE,0x63,0x5C,0xFE,0x20,0x00,0x00,0x18,0xEF,
  0xFF,0xF9,0x20,0x00,0x00,0x06,0xEF,0xFF,0xFF,0xE9,0x10,0x00,0x07,0xFF,0xB3,0x12,0x8F,0xFB,0x00,0x00,
  0xFF,0xD0,0x00,0x00,0xAF,0xF4,0x00,0x3F,0xFA,0x00,0x00,0x06,0xFF,0x70,0x01,0xFF,0xD1,0x00,0x00,0xAF,
  0xF4,0x00,0x0A,0xFF,0xC5,0x34,0xAF,0xFD,0x10,0x00,0x1B,0xFF,0xFF,0xFF,0xFE,0x20,0x00,0x00,0x05,0xBD,
  0xED,0xB7,0x10,0x00,0x00,0x00,0x00,0x00,0x00,0x00,0x00,0x00,0x00,0x00,0x00,0x00,0x00,0x00,0x00,0x00,
  0x00,0x00,0x00,0x00,0x00,0x00,0x00,0x00,0x00,0x00,0x00,0x00,0x00,0x00,0x00,0x00,0x00,0x00,0x00,0x00,
  0x00,0x00,0x00,0x00,0x00,0x00,0x00,0x00,0x00,0x00,0x00,0x00,0x00,0x00,0x00,0x00,0x00,0x00,0x00,0x00,
  0x00,0x00,0x00,0x00,0x00,0x00,0x00,0x00,0x00,0x00,0x00,0x00,0x00,0x00,0x00,0x00,0x00,0x00,0x00,0x00,
  0x00,0x00,0x00,0x00,0x00,0x00,0x00,0x00,0x00,0x00,0x00,0x00,0x00,0x00,0x00,0x00,0x00,0x00,0x00,0x00,
  0x00,0x00,0x00,0x00,0x3A,0xCF,0xEA,0x30,0x00,0x00,0x00,0x8F,0xFF,0xFF,0xFF,0x60,0x00,0x00,0x6F,0xFE,
  0x85,0x8E,0xFF,0x30,0x00,0x0D,0xFE,0x20,0x00,0x2E,0xFB,0x00,0x01,0xFF,0x90,0x00,0x00,0x9F,0xF2,0x00,
  0x2F,0xF8,0x00,0x00,0x08,0xFF,0x40,0x00,0xEF,0xC0,0x00,0x01,0xDF,0xF6,0x00,0x09,0xFF,0xB3,0x13,0xBF,
  0xFF,0x80,0x00,0x1D,0xFF,0xFF,0xFF,0xCF,0xF6,0x00,0x00,0x19,0xEF,0xFE,0x84,0xFF,0x50,0x00,0x00,0x00,
  0x22,0x00,0x5F,0xF3,0x00,0x07,0x75,0x00,0x00,0x0B,0xFD,0x00,0x00,0xDF,0xE1,0x00,0x04,0xFF,0x70,0x00,
  0x06,0xFF,0xD6,0x59,0xFF,0xE1,0x00,0x00,0x09,0xFF,0xFF,0xFF,0xE4,0x00,0x00,0x00,0x04,0xBD,0xFD,0x92,
  0x00,0x00,0x00,0x00,0x00,0x00,0x00,0x00,0x00,0x00,0x00,0x00,0x00,0x00,0x00,0x00,0x00,0x00,0x00,0x00,
  0x00,0x00,0x00,0x00,0x00,0x00,0x00,0x00,0x00,0x00,0x00,0x00,0x00,0x00,0x00,0x00,0x00,0x00,0x00,0x00,
  0x00,0x00,0x00,0x00,0x00,0x00,0x00,0x00,0x00,0x00,0x00,0x00,0x00,0x00,0x00,0x00,0x00,0x00,0x00,0x00,
  0x00,0x00,0x00,0x00,0x00,0x00,0x00,0x00,0x00,0x00,0x00,0x00,0x00,0x00,0x00,0x00,0x00,0x00,0x00,0x00,
  0x00,0x00,0x00,0x00,0x00,0x00,0x00,0x00,0x00,0x00,0x00,0x00,0x00,0x00,0x06,0xD8,0x00,0x00,0xEF,0xF2,
  0x00,0x0B,0xFD,0x00,0x00,0x04,0x10,0x00,0x00,0x00,0x00,0x00,0x00,0x00,0x00,0x00,0x00,0x00,0x00,0x03,
  0x00,0x00,0x0B,0xFD,0x00,0x00,0xEF,0xF2,0x00,0x07,0xD9,0x00,0x00,0x00,0x00,0x00,0x00,0x00,0x00,0x00,
  0x00,0x00,0x00,0x00,0x00,0x00,0x00,0x00,0x00,0x00,0x00,0x00,0x00,0x00,0x00,0x00,0x00,0x00,0x00,0x00,
  0x00,0x00,0x00,0x00,0x00,0x00,0x00,0x00,0x00,0x00,0x00,0x00,0x00,0x00,0x00,0x00,0x00,0x00,0x00,0x00,
  0x00,0x00,0x00,0x00,0x00,0x00,0x00,0x00,0x00,0x00,0x00,0x00,0x00,0x00,0x00,0x00,0x06,0xD9,0x00,0x00,
  0xEF,0xF3,0x00,0x0A,0xFE,0x10,0x00,0x03,0x10,0x00,0x00,0x00,0x00,0x00,0x00,0x00,0x00,0x00,0x00,0x00,
  0x00,0x00,0x00,0x00,0x05,0x87,0x00,0x00,0xCF,0xB0,0x00,0x0E,0xF7,0x00,0x01,0xFF,0x30,0x00,0x3F,0xE0,
  0x00,0x05,0xFA,0x00,0x00,0x13,0x10,0x00,0x00,0x00,0x00,0x00,0x00,0x00,0x00,0x00,0x00,0x00,0x00,0x00,
  0x00,0x00,0x00,0x00,0x00,0x00,0x00,0x00,0x00,0x00,0x00,0x00,0x00,0x00,0x00,0x00,0x00,0x00,0x00,0x00,
  0x00,0x00,0x00,0x00,0x00,0x00,0x00,0x00,0x00,0x00,0x00,0x00,0x00,0x00,0x00,0x00,0x00,0x00,0x00,0x00,
  0x00,0x00,0x00,0x00,0x00,0x00,0x00,0x00,0x00,0x00,0x00,0x00,0x00,0x00,0x00,0x00,0x00,0x00,0x00,0x00,
  0x00,0x00,0x00,0x00,0x00,0x00,0x00,0x00,0x00,0x00,0x00,0x00,0x00,0x00,0x00,0x00,0x00,0x00,0x00,0x00,
  0x00,0x00,0x00,0x00,0x04,0xB3,0x00,0x00,0x00,0x00,0x00,0x05,0xCF,0xF3,0x00,0x00,0x00,0x00,0x06,0xDF,
  0xFF,0xE2,0x00,0x00,0x00,0x17,0xDF,0xFF,0xD6,0x10,0x00,0x00,0x18,0xEF,0xFF,0xB4,0x00,0x00,0x00,0x00,
  0x6F,0xFE,0x92,0x00,0x00,0x00,0x00,0x00,0x6F,0xFE,0x92,0x00,0x00,0x00,0x00,0x00,0x17,0xEF,0xFF,0xB4,
  0x00,0x00,0x00,0x00,0x00,0x16,0xDF,0xFF,0xD6,0x10,0x00,0x00,0x00,0x00,0x05,0xCF,0xFF,0xE2,0x00,0x00,
  0x00,0x00,0x00,0x04,0xBF,0xF3,0x00,0x00,0x00,0x00,0x00,0x00,0x03,0xA3,0x00,0x00,0x00,0x00,0x00,0x00,
  0x00,0x00,0x00,0x00,0x00,0x00,0x00,0x00,0x00,0x00,0x00,0x00,0x00,0x00,0x00,0x00,0x00,0x00,0x00,0x00,
  0x00,0x00,0x00,0x00,0x00,0x00,0x00,0x00,0x00,0x00,0x00,0x00,0x00,0x00,0x00,0x00,0x00,0x00,0x00,0x00,
  0x00,0x00,0x00,0x00,0x00,0x00,0x00,0x00,0x00,0x00,0x00,0x00,0x00,0x00,0x00,0x00,0x00,0x00,0x00,0x00,
  0x00,0x00,0x00,0x00,0x00,0x00,0x00,0x00,0x00,0x00,0x00,0x00,0x00,0x00,0x00,0x00,0x00,0x00,0x00,0x00,
  0x00,0x00,0x00,0x00,0x00,0x00,0x00,0x00,0x00,0x00,0x00,0x00,0x00,0x00,0x00,0x00,0x00,0x00,0x00,0x00,
  0x00,0x00,0x00,0x00,0x00,0x00,0x00,0x00,0x00,0x00,0x00,0x00,0x00,0x00,0x00,0x00,0x00,0x00,0x00,0x00,
  0x00,0x00,0x00,0x00,0x00,0x00,0x00,0x00,0x00,0x00,0x00,0x00,0x00,0x00,0x00,0x00,0x00,0x00,0x00,0x00,
  0x00,0x00,0x00,0x00,0x00,0x00,0x00,0x00,0x1F,0xFF,0xFF,0xFF,0xFF,0xF4,0x00,0x00,0x1F,0xFF,0xFF,0xFF,
  0xFF,0xF4,0x00,0x00,0x05,0x55,0x55,0x55,0x55,0x51,0x00,0x00,0x00,0x00,0x00,0x00,0x00,0x00,0x00,0x00,
  0x00,0x00,0x00,0x00,0x00,0x00,0x00,0x00,0x1F,0xFF,0xFF,0xFF,0xFF,0xF4,0x00,0x00,0x1F,0xFF,0xFF,0xFF,
  0xFF,0xF4,0x00,0x00,0x05,0x55,0x55,0x55,0x55,0x51,0x00,0x00,0x00,0x00,0x00,0x00,0x00,0x00,0x00,0x00,
  0x00,0x00,0x00,0x00,0x00,0x00,0x00,0x00,0x00,0x00,0x00,0x00,0x00,0x00,0x00,0x00,0x00,0x00,0x00,0x00,
  0x00,0x00,0x00,0x00,0x00,0x00,0x00,0x00,0x00,0x00,0x00,0x00,0x00,0x00,0x00,0x00,0x00,0x00,0x00,0x00,
  0x00,0x00,0x00,0x00,0x00,0x00,0x00,0x00,0x00,0x00,0x00,0x00,0x00,0x00,0x00,0x00,0x00,0x00,0x00,0x00,
  0x00,0x00,0x00,0x00,0x00,0x00,0x00,0x00,0x00,0x00,0x00,0x00,0x00,0x00,0x00,0x00,0x00,0x00,0x00,0x00,
  0x00,0x00,0x00,0x00,0x00,0x00,0x00,0x00,0x00,0x00,0x00,0x00,0x00,0x00,0x00,0x00,0x00,0x00,0x00,0x00,
  0x00,0x00,0x00,0x00,0x00,0x00,0x00,0x00,0x00,0x00,0x00,0x00,0x00,0x00,0x00,0x00,0x00,0x00,0x00,0x00,
  0x00,0x00,0x00,0x00,0x00,0x00,0x00,0x00,0x00,0x00,0x00,0x00,0x00,0x00,0x00,0x00,0x00,0x00,0x00,0x00,
  0x00,0x00,0x00,0x00,0x0C,0x50,0x00,0x00,0x00,0x00,0x00,0x00,0x0F,0xFD,0x61,0x00,0x00,0x00,0x00,0x00,
  0x0D,0xFF,0xFE,0x71,0x00,0x00,0x00,0x00,0x00,0x5B,0xFF,0xFE,0x82,0x00,0x00,0x00,0x00,0x00,0x39,0xFF,
  0xFF,0x92,0x00,0x00,0x00,0x00,0x00,0x17,0xEF,0xF9,0x00,0x00,0x00,0x00,0x00,0x17,0xEF,0xF9,0x00,0x00,
  0x00,0x00,0x3A,0xFF,0xFE,0x92,0x00,0x00,0x00,0x5C,0xFF,0xFE,0x81,0x00,0x00,0x00,0x0D,0xFF,0xFD,0x71,
  0x00,0x00,0x00,0x00,0x0F,0xFC,0x60,0x00,0x00,0x00,0x00,0x00,0x0B,0x40,0x00,0x00,0x00,0x00,0x00,0x00,
  0x00,0x00,0x00,0x00,0x00,0x00,0x00,0x00,0x00,0x00,0x00,0x00,0x00,0x00,0x00,0x00,0x00,0x00,0x00,0x00,
  0x00,0x00,0x00,0x00,0x00,0x00,0x00,0x00,0x00,0x00,0x00,0x00,0x00,0x00,0x00,0x00,0x00,0x00,0x00,0x00,
  0x00,0x00,0x00,0x00,0x00,0x00,0x00,0x00,0x00,0x00,0x00,0x00,0x00,0x00,0x00,0x00,0x00,0x00,0x00,0x00,
  0x00,0x00,0x00,0x00,0x00,0x00,0x00,0x00,0x00,0x00,0x00,0x00,0x00,0x00,0x00,0x00,0x00,0x00,0x00,0x00,
  0x00,0x00,0x00,0x00,0x00,0x00,0x00,0x00,0x00,0x00,0x00,0x00,0x00,0x00,0x00,0x00,0x00,0x00,0x00,0x6B,
  0xEE,0xC7,0x10,0x00,0x00,0x1C,0xFF,0xFF,0xFF,0xE2,0x00,0x00,0x9F,0xFB,0x66,0xAF,0xFC,0x00,0x01,0xFF,
  0xC0,0x00,0x0B,0xFF,0x10,0x03,0xFF,0x60,0x00,0x08,0xFF,0x30,0x00,0x00,0x00,0x00,0x0C,0xFE,0x10,0x00,
  0x00,0x00,0x01,0xAF,0xF8,0x00,0x00,0x00,0x00,0x3D,0xFF,0x90,0x00,0x00,0x00,0x01,0xEF,0xE5,0x00,0x00,
  0x00,0x00,0x06,0xFF,0x50,0x00,0x00,0x00,0x00,0x07,0xFF,0x10,0x00,0x00,0x00,0x00,0x03,0x66,0x00,0x00,
  0x00,0x00,0x00,0x00,0x31,0x00,0x00,0x00,0x00,0x00,0x08,0xFE,0x10,0x00,0x00,0x00,0x00,0x0B,0xFF,0x50,
  0x00,0x00,0x00,0x00,0x04,0xDB,0x10,0x00,0x00,0x00,0x00,0x00,0x00,0x00,0x00,0x00,0x00,0x00,0x00,0x00,
  0x00,0x00,0x00,0x00,0x00,0x00,0x00,0x00,0x00,0x00,0x00,0x00,0x00,0x00,0x00,0x00,0x00,0x00,0x00,0x00,
  0x00,0x00,0x00,0x00,0x00,0x00,0x00,0x00,0x00,0x00,0x00,0x00,0x00,0x00,0x00,0x00,0x00,0x00,0x00,0x00,
  0x00,0x00,0x00,0x00,0x00,0x00,0x00,0x00,0x00,0x00,0x00,0x00,0x00,0x00,0x00,0x00,0x00,0x00,0x00,0x00,
  0x00,0x00,0x00,0x00,0x00,0x00,0x00,0x00,0x00,0x00,0x00,0x00,0x00,0x00,0x00,0x00,0x00,0x00,0x00,0x00,
  0x00,0x00,0x00,0x00,0x00,0x00,0x00,0x00,0x00,0x00,0x00,0x00,0x00,0x00,0x00,0x00,0x00,0x00,0x00,0x00,
  0x00,0x00,0x00,0x00,0x00,0x00,0x00,0x00,0x00,0x00,0x00,0x00,0x00,0x01,0x6A,0xDE,0xFD,0xB7,0x20,0x00,
  0x00,0x00,0x00,0x00,0x00,0x8E,0xFF,0xFF,0xFF,0xFF,0xFA,0x10,0x00,0x00,0x00,0x00,0x1C,0xFF,0xEA,0x64,
  0x45,0x8D,0xFF,0xD3,0x00,0x00,0x00,0x01,0xCF,0xF8,0x10,0x00,0x00,0x01,0x8F,0xFD,0x10,0x00,0x00,0x09,
  0xFF,0x60,0x00,0x00,0x00,0x00,0x04,0xFF,0xA0,0x00,0x00,0x2F,0xFB,0x00,0x07,0xCE,0xC7,0x7D,0x70,0x9F,
  0xF3,0x00,0x00,0x9F,0xE2,0x00,0xBF,0xFF,0xFF,0xFF,0x80,0x1E,0xF9,0x00,0x00,0xDF,0xA0,0x07,0xFF,0x83,
  0x4C,0xFF,0x80,0x09,0xFD,0x00,0x01,0xFF,0x60,0x0D,0xF8,0x00,0x01,0xEF,0x80,0x06,0xFF,0x00,0x02,0xFF,
  0x40,0x1F,0xF3,0x00,0x00,0xAF,0x80,0x04,0xFF,0x10,0x03,0xFF,0x30,0x3F,0xF2,0x00,0x00,0x9F,0x80,0x04,
  0xFF,0x10,0x02,0xFF,0x40,0x1F,0xF3,0x00,0x00,0xBF,0x80,0x06,0xFE,0x00,0x01,0xFF,0x60,0x0D,0xF9,0x00,
  0x01,0xEF,0x90,0x0A,0xFC,0x00,0x00,0xCF,0xA0,0x07,0xFF,0x84,0x5C,0xFF,0xD3,0x7F,0xF6,0x00,0x00,0x7F,
  0xF4,0x00,0xBF,0xFF,0xFF,0xAF,0xFF,0xFF,0xB0,0x00,0x00,0x1E,0xFD,0x10,0x07,0xCE,0xD7,0x05,0xDE,0xC8,
  0x00,0x00,0x00,0x05,0xFF,0xC3,0x00,0x00,0x00,0x00,0x00,0x00,0x00,0x00,0x00,0x00,0x7F,0xFF,0xA6,0x31,
  0x02,0x36,0x70,0x00,0x00,0x00,0x00,0x00,0x04,0xDF,0xFF,0xFF,0xFF,0xFF,0xF3,0x00,0x00,0x00,0x00,0x00,
  0x00,0x06,0xBE,0xFF,0xFF,0xFD,0x82,0x00,0x00,0x00,0x00,0x00,0x00,0x00,0x00,0x23,0x32,0x10,0x00,0x00,
  0x00,0x00,0x00,0x00,0x00,0x00,0x00,0x00,0x00,0x00,0x00,0x00,0x00,0x00,0x00,0x00,0x00,0x00,0x00,0x00,
  0x00,0x00,0x00,0x00,0x00,0x00,0x00,0x00,0x00,0x00,0x00,0x00,0x00,0x00,0x00,0x00,0x00,0x00,0x00,0x00,
  0x00,0x00,0x00,0x00,0x00,0x00,0x00,0x00,0x00,0x00,0x00,0x00,0x00,0x00,0x00,0x00,0x00,0x00,0x00,0x00,
  0x00,0x00,0x00,0x00,0x00,0x00,0x00,0x00,0x00,0x00,0x00,0x00,0x00,0x00,0x00,0x00,0x00,0x00,0x00,0x00,
  0x5F,0xFF,0x90,0x00,0x00,0x00,0x00,0x00,0x0A,0xFF,0xFE,0x00,0x00,0x00,0x00,0x00,0x01,0xFF,0xEF,0xF4,
  0x00,0x00,0x00,0x00,0x00,0x6F,0xF7,0xFF,0xA0,0x00,0x00,0x00,0x00,0x0C,0xFF,0x1C,0xFE,0x10,0x00,0x00,
  0x00,0x02,0xFF,0xB0,0x8F,0xF5,0x00,0x00,0x00,0x00,0x7F,0xF7,0x03,0xFF,0xB0,0x00,0x00,0x00,0x0D,0xFF,
  0x20,0x0D,0xFF,0x10,0x00,0x00,0x03,0xFF,0xC0,0x00,0x9F,0xF6,0x00,0x00,0x00,0x8F,0xF7,0x00,0x04,0xFF,
  0xC0,0x00,0x00,0x0E,0xFF,0xFF,0xFF,0xFF,0xFF,0x20,0x00,0x04,0xFF,0xFF,0xFF,0xFF,0xFF,0xF8,0x00,0x00,
  0x9F,0xF9,0x55,0x55,0x57,0xFF,0xD0,0x00,0x1E,0xFF,0x10,0x00,0x00,0x0D,0xFF,0x30,0x05,0xFF,0xB0,0x00,
  0x00,0x00,0x8F,0xF9,0x00,0xAF,0xF5,0x00,0x00,0x00,0x03,0xFF,0xE0,0x00,0x00,0x00,0x00,0x00,0x00,0x00,
  0x00,0x00,0x00,0x00,0x00,0x00,0x00,0x00,0x00,0x00,0x00,0x00,0x00,0x00,0x00,0x00,0x00,0x00,0x00,0x00,
  0x00,0x00,0x00,0x00,0x00,0x00,0x00,0x00,0x00,0x00,0x00,0x00,0x00,0x00,0x00,0x00,0x00,0x00,0x00,0x00,
  0x00,0x00,0x00,0x00,0x00,0x00,0x00,0x00,0x00,0x00,0x00,0x00,0x00,0x00,0x00,0x00,0x00,0x00,0x00,0x00,
  0x00,0x00,0x00,0x00,0x00,0x00,0x00,0x00,0x00,0x00,0x00,0x00,0x00,0x00,0x00,0x00,0x00,0x00,0x00,0x00,
  0x00,0x00,0x00,0x00,0x00,0x00,0x00,0x00,0x00,0x00,0x00,0x00,0x00,0x00,0x00,0x00,0x00,0x00,0x00,0x00,
  0x00,0x00,0xAF,0xFF,0xFF,0xFD,0xB5,0x00,0x00,0x00,0xAF,0xFF,0xFF,0xFF,0xFF,0xB0,0x00,0x00,0xAF,0xF6,
  0x55,0x58,0xEF,0xF6,0x00,0x00,0xAF,0xF2,0x00,0x00,0x5F,0xFA,0x00,0x00,0xAF,0xF2,0x00,0x00,0x1F,0xFC,
  0x00,0x00,0xAF,0xF2,0x00,0x00,0x4F,0xF8,0x00,0x00,0xAF,0xF5,0x33,0x46,0xEF,0xD1,0x00,0x00,0xAF,0xFF,
  0xFF,0xFF,0xFA,0x10,0x00,0x00,0xAF,0xFF,0xFF,0xFF,0xFF,0xC2,0x00,0x00,0xAF,0xF2,0x00,0x02,0x8F,0xFD,
  0x00,0x00,0xAF,0xF2,0x00,0x00,0x0A,0xFF,0x40,0x00,0xAF,0xF2,0x00,0x00,0x08,0xFF,0x60,0x00,0xAF,0xF2,
  0x00,0x00,0x0C,0xFF,0x40,0x00,0xAF,0xF6,0x44,0x56,0xCF,0xFD,0x10,0x00,0xAF,0xFF,0xFF,0xFF,0xFF,0xE3,
  0x00,0x00,0xAF,0xFF,0xFF,0xFE,0xC8,0x10,0x00,0x00,0x00,0x00,0x00,0x00,0x00,0x00,0x00,0x00,0x00,0x00,
  0x00,0x00,0x00,0x00,0x00,0x00,0x00,0x00,0x00,0x00,0x00,0x00,0x00,0x00,0x00,0x00,0x00,0x00,0x00,0x00,
  0x00,0x00,0x00,0x00,0x00,0x00,0x00,0x00,0x00,0x00,0x00,0x00,0x00,0x00,0x00,0x00,0x00,0x00,0x00,0x00,
  0x00,0x00,0x00,0x00,0x00,0x00,0x00,0x00,0x00,0x00,0x00,0x00,0x00,0x00,0x00,0x00,0x00,0x00,0x00,0x00,
  0x00,0x00,0x00,0x00,0x00,0x00,0x00,0x00,0x00,0x00,0x00,0x00,0x00,0x00,0x00,0x00,0x00,0x00,0x00,0x00,
  0x00,0x00,0x00,0x00,0x00,0x00,0x00,0x00,0x00,0x00,0x00,0x00,0x00,0x00,0x00,0x00,0x00,0x00,0x00,0x00,
  0x00,0x01,0x7C,0xEE,0xCA,0x30,0x00,0x00,0x00,0x00,0x3D,0xFF,0xFF,0xFF,0xFA,0x10,0x00,0x00,0x04,0xFF,
  0xFE,0xB9,0xBF,0xFF,0xB0,0x00,0x00,0x1D,0xFF,0x90,0x00,0x02,0xDF,0xF7,0x00,0x00,0x8F,0xF9,0x00,0x00,
  0x00,0x2F,0xFC,0x00,0x00,0xDF,0xF2,0x00,0x00,0x00,0x07,0x99,0x10,0x02,0xFF,0xD0,0x00,0x00,0x00,0x00,
  0x00,0x00,0x03,0xFF,0xA0,0x00,0x00,0x00,0x00,0x00,0x00,0x03,0xFF,0xA0,0x00,0x00,0x00,0x00,0x00,0x00,
  0x02,0xFF,0xD0,0x00,0x00,0x00,0x00,0x00,0x00,0x00,0xDF,0xF2,0x00,0x00,0x00,0x07,0x99,0x10,0x00,0x8F,
  0xF9,0x00,0x00,0x00,0x2F,0xFC,0x00,0x00,0x1D,0xFF,0x80,0x00,0x02,0xDF,0xF7,0x00,0x00,0x04,0xFF,0xFE,
  0xA9,0xBF,0xFF,0xB0,0x00,0x00,0x00,0x3D,0xFF,0xFF,0xFF,0xFA,0x10,0x00,0x00,0x00,0x01,0x7C,0xEE,0xCA,
  0x40,0x00,0x00,0x00,0x00,0x00,0x00,0x00,0x00,0x00,0x00,0x00,0x00,0x00,0x00,0x00,0x00,0x00,0x00,0x00,
  0x00,0x00,0x00,0x00,0x00,0x00,0x00,0x00,0x00,0x00,0x00,0x00,0x00,0x00,0x00,0x00,0x00,0x00,0x00,0x00,
  0x00,0x00,0x00,0x00,0x00,0x00,0x00,0x00,0x00,0x00,0x00,0x00,0x00,0x00,0x00,0x00,0x00,0x00,0x00,0x00,
  0x00,0x00,0x00,0x00,0x00,0x00,0x00,0x00,0x00,0x00,0x00,0x00,0x00,0x00,0x00,0x00,0x00,0x00,0x00,0x00,
  0x00,0x00,0x00,0x00,0x00,0x00,0x00,0x00,0x00,0x00,0x00,0x00,0x00,0x00,0x00,0x00,0x00,0x00,0x00,0x00,
  0x00,0x00,0x00,0x00,0x00,0x00,0x00,0x00,0x00,0x00,0x00,0x00,0x00,0x00,0x00,0x00,0x00,0x00,0xAF,0xFF,
  0xFF,0xED,0x93,0x00,0x00,0x00,0x0A,0xFF,0xFF,0xFF,0xFF,0xF7,0x00,0x00,0x00,0xAF,0xF8,0x77,0x9B,0xFF,
  0xFA,0x00,0x00,0x0A,0xFF,0x20,0x00,0x04,0xDF,0xF5,0x00,0x00,0xAF,0xF2,0x00,0x00,0x04,0xFF,0xD0,0x00,
  0x0A,0xFF,0x20,0x00,0x00,0x0B,0xFF,0x30,0x00,0xAF,0xF2,0x00,0x00,0x00,0x8F,0xF7,0x00,0x0A,0xFF,0x20,
  0x00,0x00,0x06,0xFF,0x80,0x00,0xAF,0xF2,0x00,0x00,0x00,0x6F,0xF8,0x00,0x0A,0xFF,0x20,0x00,0x00,0x08,
  0xFF,0x70,0x00,0xAF,0xF2,0x00,0x00,0x00,0xBF,0xF3,0x00,0x0A,0xFF,0x20,0x00,0x00,0x4F,0xFD,0x00,0x00,
  0xAF,0xF2,0x00,0x00,0x4D,0xFF,0x50,0x00,0x0A,0xFF,0x86,0x79,0xBF,0xFF,0xA0,0x00,0x00,0xAF,0xFF,0xFF,
  0xFF,0xFF,0xA1,0x00,0x00,0x0A,0xFF,0xFF,0xFE,0xC9,0x30,0x00,0x00,0x00,0x00,0x00,0x00,0x00,0x00,0x00,
  0x00,0x00,0x00,0x00,0x00,0x00,0x00,0x00,0x00,0x00,0x00,0x00,0x00,0x00,0x00,0x00,0x00,0x00,0x00,0x00,
  0x00,0x00,0x00,0x00,0x00,0x00,0x00,0x00,0x00,0x00,0x00,0x00,0x00,0x00,0x00,0x00,0x00,0x00,0x00,0x00,
  0x00,0x00,0x00,0x00,0x00,0x00,0x00,0x00,0x00,0x00,0x00,0x00,0x00,0x00,0x00,0x00,0x00,0x00,0x00,0x00,
  0x00,0x00,0x00,0x00,0x00,0x00,0x00,0x00,0x00,0x00,0x00,0x00,0x00,0x00,0x00,0x00,0x00,0x00,0x00,0x00,
  0x00,0x00,0x00,0x00,0x00,0x00,0x00,0x00,0x00,0x00,0x00,0x00,0x00,0x00,0x00,0x00,0x00,0x00,0x00,0xAF,
  0xFF,0xFF,0xFF,0xFF,0xF7,0x00,0x0A,0xFF,0xFF,0xFF,0xFF,0xFF,0x70,0x00,0xAF,0xF8,0x77,0x77,0x77,0x73,
  0x00,0x0A,0xFF,0x20,0x00,0x00,0x00,0x00,0x00,0xAF,0xF2,0x00,0x00,0x00,0x00,0x00,0x0A,0xFF,0x20,0x00,
  0x00,0x00,0x00,0x00,0xAF,0xF7,0x66,0x66,0x66,0x50,0x00,0x0A,0xFF,0xFF,0xFF,0xFF,0xFC,0x00,0x00,0xAF,
  0xFF,0xFF,0xFF,0xFF,0xC0,0x00,0x0A,0xFF,0x20,0x00,0x00,0x00,0x00,0x00,0xAF,0xF2,0x00,0x00,0x00,0x00,
  0x00,0x0A,0xFF,0x20,0x00,0x00,0x00,0x00,0x00,0xAF,0xF2,0x00,0x00,0x00,0x00,0x00,0x0A,0xFF,0x87,0x77,
  0x77,0x77,0x30,0x00,0xAF,0xFF,0xFF,0xFF,0xFF,0xF7,0x00,0x0A,0xFF,0xFF,0xFF,0xFF,0xFF,0x70,0x00,0x00,
  0x00,0x00,0x00,0x00,0x00,0x00,0x00,0x00,0x00,0x00,0x00,0x00,0x00,0x00,0x00,0x00,0x00,0x00,0x00,0x00,
  0x00,0x00,0x00,0x00,0x00,0x00,0x00,0x00,0x00,0x00,0x00,0x00,0x00,0x00,0x00,0x00,0x00,0x00,0x00,0x00,
  0x00,0x00,0x00,0x00,0x00,0x00,0x00,0x00,0x00,0x00,0x00,0x00,0x00,0x00,0x00,0x00,0x00,0x00,0x00,0x00,
  0x00,0x00,0x00,0x00,0x00,0x00,0x00,0x00,0x00,0x00,0x00,0x00,0x00,0x00,0x00,0x00,0x00,0x00,0x00,0x00,
  0x00,0x00,0x00,0x00,0x00,0x00,0x00,0x00,0x00,0x00,0x00,0x00,0x00,0x00,0x00,0x00,0x00,0xAF,0xFF,0xFF,
  0xFF,0xFF,0xF1,0x00,0x0A,0xFF,0xFF,0xFF,0xFF,0xFF,0x10,0x00,0xAF,0xF8,0x77,0x77,0x77,0x71,0x00,0x0A,
  0xFF,0x20,0x00,0x00,0x00,0x00,0x00,0xAF,0xF2,0x00,0x00,0x00,0x00,0x00,0x0A,0xFF,0x20,0x00,0x00,0x00,
  0x00,0x00,0xAF,0xF2,0x00,0x00,0x00,0x00,0x00,0x0A,0xFF,0xFF,0xFF,0xFF,0xF8,0x00,0x00,0xAF,0xFF,0xFF,
  0xFF,0xFF,0x80,0x00,0x0A,0xFF,0x76,0x66,0x66,0x63,0x00,0x00,0xAF,0xF2,0x00,0x00,0x00,0x00,0x00,0x0A,
  0xFF,0x20,0x00,0x00,0x00,0x00,0x00,0xAF,0xF2,0x00,0x00,0x00,0x00,0x00,0x0A,0xFF,0x20,0x00,0x00,0x00,
  0x00,0x00,0xAF,0xF2,0x00,0x00,0x00,0x00,0x00,0x0A,0xFF,0x20,0x00,0x00,0x00,0x00,0x00,0x00,0x00,0x00,
  0x00,0x00,0x00,0x00,0x00,0x00,0x00,0x00,0x00,0x00,0x00,0x00,0x00,0x00,0x00,0x00,0x00,0x00,0x00,0x00,
  0x00,0x00,0x00,0x00,0x00,0x00,0x00,0x00,0x00,0x00,0x00,0x00,0x00,0x00,0x00,0x00,0x00,0x00,0x00,0x00,
  0x00,0x00,0x00,0x00,0x00,0x00,0x00,0x00,0x00,0x00,0x00,0x00,0x00,0x00,0x00,0x00,0x00,0x00,0x00,0x00,
  0x00,0x00,0x00,0x00,0x00,0x00,0x00,0x00,0x00,0x00,0x00,0x00,0x00,0x00,0x00,0x00,0x00,0x00,0x00,0x00,
  0x00,0x00,0x00,0x00,0x00,0x00,0x00,0x00,0x00,0x00,0x00,0x00,0x00,0x00,0x00,0x00,0x00,0x00,0x00,0x00,
  0x00,0x00,0x00,0x00,0x00,0x01,0x7C,0xEE,0xC9,0x30,0x00,0x00,0x00,0x00,0x5E,0xFF,0xFF,0xFF,0xFA,0x10,
  0x00,0x00,0x04,0xFF,0xFE,0xB9,0xBF,0xFF,0xA0,0x00,0x00,0x0D,0xFF,0x90,0x00,0x02,0xDF,0xF7,0x00,0x00,
  0x7F,0xFA,0x00,0x00,0x00,0x3F,0xFC,0x00,0x00,0xDF,0xF2,0x00,0x00,0x00,0x06,0x77,0x00,0x01,0xFF,0xD0,
  0x00,0x00,0x00,0x00,0x00,0x00,0x03,0xFF,0xB0,0x00,0x01,0x33,0x33,0x33,0x10,0x03,0xFF,0xA0,0x00,0x04,
  0xFF,0xFF,0xFF,0x40,0x02,0xFF,0xC0,0x00,0x04,0xFF,0xFF,0xFF,0x40,0x00,0xEF,0xF1,0x00,0x00,0x00,0x0A,
  0xFF,0x30,0x00,0x8F,0xF9,0x00,0x00,0x00,0x1E,0xFE,0x00,0x00,0x1D,0xFF,0x80,0x00,0x02,0xBF,0xF8,0x00,
  0x00,0x05,0xFF,0xFD,0xA9,0xBE,0xFF,0xC0,0x00,0x00,0x00,0x4D,0xFF,0xFF,0xFF,0xFA,0x10,0x00,0x00,0x00,
  0x01,0x7C,0xEE,0xC9,0x40,0x00,0x00,0x00,0x00,0x00,0x00,0x00,0x00,0x00,0x00,0x00,0x00,0x00,0x00,0x00,
  0x00,0x00,0x00,0x00,0x00,0x00,0x00,0x00,0x00,0x00,0x00,0x00,0x00,0x00,0x00,0x00,0x00,0x00,0x00,0x00,
  0x00,0x00,0x00,0x00,0x00,0x00,0x00,0x00,0x00,0x00,0x00,0x00,0x00,0x00,0x00,0x00,0x00,0x00,0x00,0x00,
  0x00,0x00,0x00,0x00,0x00,0x00,0x00,0x00,0x00,0x00,0x00,0x00,0x00,0x00,0x00,0x00,0x00,0x00,0x00,0x00,
  0x00,0x00,0x00,0x00,0x00,0x00,0x00,0x00,0x00,0x00,0x00,0x00,0x00,0x00,0x00,0x00,0x00,0x00,0x00,0x00,
  0x00,0x00,0x00,0x00,0x00,0x00,0x00,0x00,0x00,0x00,0x00,0x00,0x00,0x00,0x00,0x00,0x00,0x00,0x00,0x00,
  0x00,0x00,0x00,0x00,0x00,0xAF,0xF2,0x00,0x00,0x00,0x7F,0xF6,0x00,0x00,0xAF,0xF2,0x00,0x00,0x00,0x7F,
  0xF6,0x00,0x00,0xAF,0xF2,0x00,0x00,0x00,0x7F,0xF6,0x00,0x00,0xAF,0xF2,0x00,0x00,0x00,0x7F,0xF6,0x00,
  0x00,0xAF,0xF2,0x00,0x00,0x00,0x7F,0xF6,0x00,0x00,0xAF,0xF2,0x00,0x00,0x00,0x7F,0xF6,0x00,0x00,0xAF,
  0xF8,0x77,0x77,0x77,0xBF,0xF6,0x00,0x00,0xAF,0xFF,0xFF,0xFF,0xFF,0xFF,0xF6,0x00,0x00,0xAF,0xFF,0xFF,
  0xFF,0xFF,0xFF,0xF6,0x00,0x00,0xAF,0xF2,0x00,0x00,0x00,0x7F,0xF6,0x00,0x00,0xAF,0xF2,0x00,0x00,0x00,
  0x7F,0xF6,0x00,0x00,0xAF,0xF2,0x00,0x00,0x00,0x7F,0xF6,0x00,0x00,0xAF,0xF2,0x00,0x00,0x00,0x7F,0xF6,
  0x00,0x00,0xAF,0xF2,0x00,0x00,0x00,0x7F,0xF6,0x00,0x00,0xAF,0xF2,0x00,0x00,0x00,0x7F,0xF6,0x00,0x00,
  0xAF,0xF2,0x00,0x00,0x00,0x7F,0xF6,0x00,0x00,0x00,0x00,0x00,0x00,0x00,0x00,0x00,0x00,0x00,0x00,0x00,
  0x00,0x00,0x00,0x00,0x00,0x00,0x00,0x00,0x00,0x00,0x00,0x00,0x00,0x00,0x00,0x00,0x00,0x00,0x00,0x00,
  0x00,0x00,0x00,0x00,0x00,0x00,0x00,0x00,0x00,0x00,0x00,0x00,0x00,0x00,0x00,0x00,0x00,0x00,0x00,0x00,
  0x00,0x00,0x00,0x00,0x00,0x00,0x00,0x00,0x00,0x00,0x00,0x00,0x00,0x00,0x00,0x00,0x00,0x00,0x00,0x00,
  0x00,0x00,0x00,0x00,0x00,0x00,0x00,0x00,0x00,0x00,0x00,0x00,0x00,0x00,0x00,0x00,0xAF,0xF2,0x00,0x00,
  0xAF,0xF2,0x00,0x00,0xAF,0xF2,0x00,0x00,0xAF,0xF2,0x00,0x00,0xAF,0xF2,0x00,0x00,0xAF,0xF2,0x00,0x00,
  0xAF,0xF2,0x00,0x00,0xAF,0xF2,0x00,0x00,0xAF,0xF2,0x00,0x00,0xAF,0xF2,0x00,0x00,0xAF,0xF2,0x00,0x00,
  0xAF,0xF2,0x00,0x00,0xAF,0xF2,0x00,0x00,0xAF,0xF2,0x00,0x00,0xAF,0xF2,0x00,0x00,0xAF,0xF2,0x00,0x00,
  0x00,0x00,0x00,0x00,0x00,0x00,0x00,0x00,0x00,0x00,0x00,0x00,0x00,0x00,0x00,0x00,0x00,0x00,0x00,0x00,
  0x00,0x00,0x00,0x00,0x00,0x00,0x00,0x00,0x00,0x00,0x00,0x00,0x00,0x00,0x00,0x00,0x00,0x00,0x00,0x00,
  0x00,0x00,0x00,0x00,0x00,0x00,0x00,0x00,0x00,0x00,0x00,0x00,0x00,0x00,0x00,0x00,0x00,0x00,0x00,0x00,
  0x00,0x00,0x00,0x00,0x00,0x00,0x00,0x00,0x00,0x00,0x00,0x00,0x00,0x0F,0xFD,0x00,0x00,0x00,0x00,0x00,
  0x0F,0xFD,0x00,0x00,0x00,0x00,0x00,0x0F,0xFD,0x00,0x00,0x00,0x00,0x00,0x0F,0xFD,0x00,0x00,0x00,0x00,
  0x00,0x0F,0xFD,0x00,0x00,0x00,0x00,0x00,0x0F,0xFD,0x00,0x00,0x00,0x00,0x00,0x0F,0xFD,0x00,0x00,0x00,
  0x00,0x00,0x0F,0xFD,0x00,0x00,0x00,0x00,0x00,0x0F,0xFD,0x00,0x00,0x00,0x00,0x00,0x0F,0xFD,0x00,0x04,
  0xEE,0x60,0x00,0x0F,0xFD,0x00,0x04,0xFF,0x70,0x00,0x1F,0xFC,0x00,0x01,0xFF,0xC0,0x00,0x5F,0xFA,0x00,
  0x00,0xBF,0xFB,0x79,0xFF,0xF5,0x00,0x00,0x2E,0xFF,0xFF,0xFF,0x90,0x00,0x00,0x01,0x8C,0xED,0xB5,0x00,
  0x00,0x00,0x00,0x00,0x00,0x00,0x00,0x00,0x00,0x00,0x00,0x00,0x00,0x00,0x00,0x00,0x00,0x00,0x00,0x00,
  0x00,0x00,0x00,0x00,0x00,0x00,0x00,0x00,0x00,0x00,0x00,0x00,0x00,0x00,0x00,0x00,0x00,0x00,0x00,0x00,
  0x00,0x00,0x00,0x00,0x00,0x00,0x00,0x00,0x00,0x00,0x00,0x00,0x00,0x00,0x00,0x00,0x00,0x00,0x00,0x00,
  0x00,0x00,0x00,0x00,0x00,0x00,0x00,0x00,0x00,0x00,0x00,0x00,0x00,0x00,0x00,0x00,0x00,0x00,0x00,0x00,
  0x00,0x00,0x00,0x00,0x00,0x00,0x00,0x00,0x00,0x00,0x00,0x00,0x00,0x00,0x00,0x00,0x00,0x00,0x00,0x00,
  0x00,0x00,0xAF,0xF2,0x00,0x00,0x08,0xFF,0xD1,0x00,0x0A,0xFF,0x20,0x00,0x06,0xFF,0xE2,0x00,0x00,0xAF,
  0xF2,0x00,0x05,0xFF,0xF4,0x00,0x00,0x0A,0xFF,0x20,0x03,0xEF,0xF5,0x00,0x00,0x00,0xAF,0xF2,0x02,0xEF,
  0xF6,0x00,0x00,0x00,0x0A,0xFF,0x21,0xDF,0xF8,0x00,0x00,0x00,0x00,0xAF,0xF3,0xBF,0xFA,0x00,0x00,0x00,
  0x00,0x0A,0xFF,0xCF,0xFF,0xA0,0x00,0x00,0x00,0x00,0xAF,0xFF,0xFF,0xFF,0x50,0x00,0x00,0x00,0x0A,0xFF,
  0xFB,0x4F,0xFE,0x20,0x00,0x00,0x00,0xAF,0xFC,0x10,0x8F,0xFB,0x00,0x00,0x00,0x0A,0xFF,0x30,0x00,0xCF,
  0xF6,0x00,0x00,0x00,0xAF,0xF2,0x00,0x03,0xFF,0xE2,0x00,0x00,0x0A,0xFF,0x20,0x00,0x07,0xFF,0xC0,0x00,
  0x00,0xAF,0xF2,0x00,0x00,0x0C,0xFF,0x70,0x00,0x0A,0xFF,0x20,0x00,0x00,0x2F,0xFF,0x30,0x00,0x00,0x00,
  0x00,0x00,0x00,0x00,0x00,0x00,0x00,0x00,0x00,0x00,0x00,0x00,0x00,0x00,0x00,0x00,0x00,0x00,0x00,0x00,
  0x00,0x00,0x00,0x00,0x00,0x00,0x00,0x00,0x00,0x00,0x00,0x00,0x00,0x00,0x00,0x00,0x00,0x00,0x00,0x00,
  0x00,0x00,0x00,0x00,0x00,0x00,0x00,0x00,0x00,0x00,0x00,0x00,0x00,0x00,0x00,0x00,0x00,0x00,0x00,0x00,
  0x00,0x00,0x00,0x00,0x00,0x00,0x00,0x00,0x00,0x00,0x00,0x00,0x00,0x00,0x00,0x00,0x00,0x00,0x00,0x00,
  0x00,0x00,0x00,0x00,0x00,0x00,0x00,0x00,0x00,0x00,0x00,0x00,0x00,0x00,0x00,0x00,0x00,0x00,0x00,0x00,
  0xAF,0xF2,0x00,0x00,0x00,0x00,0x00,0xAF,0xF2,0x00,0x00,0x00,0x00,0x00,0xAF,0xF2,0x00,0x00,0x00,0x00,
  0x00,0xAF,0xF2,0x00,0x00,0x00,0x00,0x00,0xAF,0xF2,0x00,0x00,0x00,0x00,0x00,0xAF,0xF2,0x00,0x00,0x00,
  0x00,0x00,0xAF,0xF2,0x00,0x00,0x00,0x00,0x00,0xAF,0xF2,0x00,0x00,0x00,0x00,0x00,0xAF,0xF2,0x00,0x00,
  0x00,0x00,0x00,0xAF,0xF2,0x00,0x00,0x00,0x00,0x00,0xAF,0xF2,0x00,0x00,0x00,0x00,0x00,0xAF,0xF2,0x00,
  0x00,0x00,0x00,0x00,0xAF,0xF2,0x00,0x00,0x00,0x00,0x00,0xAF,0xF8,0x77,0x77,0x77,0x40,0x00,0xAF,0xFF,
  0xFF,0xFF,0xFF,0x90,0x00,0xAF,0xFF,0xFF,0xFF,0xFF,0x90,0x00,0x00,0x00,0x00,0x00,0x00,0x00,0x00,0x00,
  0x00,0x00,0x00,0x00,0x00,0x00,0x00,0x00,0x00,0x00,0x00,0x00,0x00,0x00,0x00,0x00,0x00,0x00,0x00,0x00,
  0x00,0x00,0x00,0x00,0x00,0x00,0x00,0x00,0x00,0x00,0x00,0x00,0x00,0x00,0x00,0x00,0x00,0x00,0x00,0x00,
  0x00,0x00,0x00,0x00,0x00,0x00,0x00,0x00,0x00,0x00,0x00,0x00,0x00,0x00,0x00,0x00,0x00,0x00,0x00,0x00,
  0x00,0x00,0x00,0x00,0x00,0x00,0x00,0x00,0x00,0x00,0x00,0x00,0x00,0x00,0x00,0x00,0x00,0x00,0x00,0x00,
  0x00,0x00,0x00,0x00,0x00,0x00,0x00,0x00,0x00,0x00,0x00,0x00,0x00,0x00,0x00,0x00,0x00,0x00,0x00,0x00,
  0x00,0x00,0x00,0x00,0xAF,0xFF,0x90,0x00,0x00,0x00,0x3F,0xFF,0xF1,0x00,0x0A,0xFF,0xFE,0x00,0x00,0x00,
  0x09,0xFF,0xFF,0x10,0x00,0xAF,0xFF,0xF5,0x00,0x00,0x00,0xEF,0xFF,0xF1,0x00,0x0A,0xFF,0xFF,0xA0,0x00,
  0x00,0x5F,0xFE,0xFF,0x10,0x00,0xAF,0xFB,0xFF,0x10,0x00,0x0A,0xFE,0xBF,0xF1,0x00,0x0A,0xFF,0x6F,0xF7,
  0x00,0x01,0xFF,0xAA,0xFF,0x10,0x00,0xAF,0xF2,0xEF,0xC0,0x00,0x6F,0xF5,0xBF,0xF1,0x00,0x0A,0xFF,0x2A,
  0xFF,0x30,0x0C,0xFF,0x1B,0xFF,0x10,0x00,0xAF,0xF2,0x4F,0xF8,0x02,0xFF,0xA0,0xBF,0xF1,0x00,0x0A,0xFF,
  0x20,0xEF,0xD0,0x7F,0xF4,0x0B,0xFF,0x10,0x00,0xAF,0xF2,0x08,0xFF,0x3C,0xFE,0x00,0xBF,0xF1,0x00,0x0A,
  0xFF,0x20,0x3F,0xF9,0xFF,0x80,0x0B,0xFF,0x10,0x00,0xAF,0xF2,0x00,0xCF,0xFF,0xF2,0x00,0xBF,0xF1,0x00,
  0x0A,0xFF,0x20,0x06,0xFF,0xFC,0x00,0x0B,0xFF,0x10,0x00,0xAF,0xF2,0x00,0x1F,0xFF,0x60,0x00,0xBF,0xF1,
  0x00,0x0A,0xFF,0x20,0x00,0xAF,0xF1,0x00,0x0B,0xFF,0x10,0x00,0x00,0x00,0x00,0x00,0x00,0x00,0x00,0x00,
  0x00,0x00,0x00,0x00,0x00,0x00,0x00,0x00,0x00,0x00,0x00,0x00,0x00,0x00,0x00,0x00,0x00,0x00,0x00,0x00,
  0x00,0x00,0x00,0x00,0x00,0x00,0x00,0x00,0x00,0x00,0x00,0x00,0x00,0x00,0x00,0x00,0x00,0x00,0x00,0x00,
  0x00,0x00,0x00,0x00,0x00,0x00,0x00,0x00,0x00,0x00,0x00,0x00,0x00,0x00,0x00,0x00,0x00,0x00,0x00,0x00,
  0x00,0x00,0x00,0x00,0x00,0x00,0x00,0x00,0x00,0x00,0x00,0x00,0x00,0x00,0x00,0x00,0x00,0x00,0x00,0x00,
  0x00,0x00,0x00,0x00,0x00,0x00,0x00,0x00,0x00,0x00,0x00,0x00,0x00,0x00,0x00,0x00,0x00,0x00,0x00,0x00,
  0x00,0x00,0x00,0x00,0x00,0x00,0x00,0x00,0x00,0x00,0x00,0x00,0x00,0x00,0x00,0x00,0x00,0x00,0x00,0x00,
  0xAF,0xFB,0x00,0x00,0x00,0x5F,0xF7,0x00,0x00,0xAF,0xFF,0x50,0x00,0x00,0x5F,0xF7,0x00,0x00,0xAF,0xFF,
  0xE1,0x00,0x00,0x5F,0xF7,0x00,0x00,0xAF,0xFF,0xF9,0x00,0x00,0x5F,0xF7,0x00,0x00,0xAF,0xFC,0xFF,0x30,
  0x00,0x5F,0xF7,0x00,0x00,0xAF,0xF4,0xFF,0xC0,0x00,0x5F,0xF7,0x00,0x00,0xAF,0xF2,0x8F,0xF7,0x00,0x5F,
  0xF7,0x00,0x00,0xAF,0xF2,0x1D,0xFF,0x20,0x5F,0xF7,0x00,0x00,0xAF,0xF2,0x05,0xFF,0xB0,0x5F,0xF7,0x00,
  0x00,0xAF,0xF2,0x00,0xAF,0xF5,0x5F,0xF7,0x00,0x00,0xAF,0xF2,0x00,0x2E,0xFD,0x5F,0xF7,0x00,0x00,0xAF,
  0xF2,0x00,0x06,0xFF,0xCF,0xF7,0x00,0x00,0xAF,0xF2,0x00,0x00,0xCF,0xFF,0xF7,0x00,0x00,0xAF,0xF2,0x00,
  0x00,0x2F,0xFF,0xF7,0x00,0x00,0xAF,0xF2,0x00,0x00,0x08,0xFF,0xF7,0x00,0x00,0xAF,0xF2,0x00,0x00,0x00,
  0xDF,0xF7,0x00,0x00,0x00,0x00,0x00,0x00,0x00,0x00,0x00,0x00,0x00,0x00,0x00,0x00,0x00,0x00,0x00,0x00,
  0x00,0x00,0x00,0x00,0x00,0x00,0x00,0x00,0x00,0x00,0x00,0x00,0x00,0x00,0x00,0x00,0x00,0x00,0x00,0x00,
  0x00,0x00,0x00,0x00,0x00,0x00,0x00,0x00,0x00,0x00,0x00,0x00,0x00,0x00,0x00,0x00,0x00,0x00,0x00,0x00,
  0x00,0x00,0x00,0x00,0x00,0x00,0x00,0x00,0x00,0x00,0x00,0x00,0x00,0x00,0x00,0x00,0x00,0x00,0x00,0x00,
  0x00,0x00,0x00,0x00,0x00,0x00,0x00,0x00,0x00,0x00,0x00,0x00,0x00,0x00,0x00,0x00,0x00,0x00,0x00,0x00,
  0x00,0x00,0x00,0x00,0x00,0x00,0x00,0x00,0x00,0x00,0x00,0x00,0x00,0x00,0x00,0x00,0x00,0x00,0x00,0x00,
  0x00,0x00,0x01,0x7C,0xEF,0xD9,0x30,0x00,0x00,0x00,0x00,0x3D,0xFF,0xFF,0xFF,0xF8,0x00,0x00,0x00,0x04,
  0xFF,0xFE,0xA9,0xCF,0xFF,0xB0,0x00,0x00,0x1D,0xFF,0x80,0x00,0x04,0xDF,0xF5,0x00,0x00,0x8F,0xFA,0x00,
  0x00,0x00,0x3F,0xFE,0x10,0x00,0xDF,0xF2,0x00,0x00,0x00,0x0A,0xFF,0x50,0x02,0xFF,0xD0,0x00,0x00,0x00,
  0x06,0xFF,0x80,0x03,0xFF,0xA0,0x00,0x00,0x00,0x04,0xFF,0x90,0x03,0xFF,0xA0,0x00,0x00,0x00,0x04,0xFF,
  0x90,0x02,0xFF,0xD0,0x00,0x00,0x00,0x06,0xFF,0x80,0x00,0xDF,0xF2,0x00,0x00,0x00,0x0A,0xFF,0x50,0x00,
  0x8F,0xF9,0x00,0x00,0x00,0x3F,0xFE,0x10,0x00,0x1D,0xFF,0x80,0x00,0x04,0xDF,0xF5,0x00,0x00,0x04,0xFF,
  0xFD,0xA9,0xCF,0xFF,0xB0,0x00,0x00,0x00,0x3D,0xFF,0xFF,0xFF,0xF8,0x00,0x00,0x00,0x00,0x01,0x7C,0xEF,
  0xDA,0x30,0x00,0x00,0x00,0x00,0x00,0x00,0x00,0x00,0x00,0x00,0x00,0x00,0x00,0x00,0x00,0x00,0x00,0x00,
  0x00,0x00,0x00,0x00,0x00,0x00,0x00,0x00,0x00,0x00,0x00,0x00,0x00,0x00,0x00,0x00,0x00,0x00,0x00,0x00,
  0x00,0x00,0x00,0x00,0x00,0x00,0x00,0x00,0x00,0x00,0x00,0x00,0x00,0x00,0x00,0x00,0x00,0x00,0x00,0x00,
  0x00,0x00,0x00,0x00,0x00,0x00,0x00,0x00,0x00,0x00,0x00,0x00,0x00,0x00,0x00,0x00,0x00,0x00,0x00,0x00,
  0x00,0x00,0x00,0x00,0x00,0x00,0x00,0x00,0x00,0x00,0x00,0x00,0x00,0x00,0x00,0x00,0x00,0x00,0x00,0x00,
  0x00,0x00,0x00,0x00,0x00,0x00,0x00,0x00,0x00,0x00,0x00,0x00,0x00,0x00,0x00,0x00,0xAF,0xFF,0xFF,0xFD,
  0xA4,0x00,0x00,0x00,0xAF,0xFF,0xFF,0xFF,0xFF,0x90,0x00,0x00,0xAF,0xF8,0x77,0x7A,0xFF,0xF6,0x00,0x00,
  0xAF,0xF2,0x00,0x00,0x4F,0xFD,0x00,0x00,0xAF,0xF2,0x00,0x00,0x0C,0xFF,0x10,0x00,0xAF,0xF2,0x00,0x00,
  0x0B,0xFF,0x10,0x00,0xAF,0xF2,0x00,0x00,0x1E,0xFE,0x00,0x00,0xAF,0xF2,0x00,0x13,0xBF,0xFA,0x00,0x00,
  0xAF,0xFF,0xFF,0xFF,0xFF,0xD1,0x00,0x00,0xAF,0xFF,0xFF,0xFF,0xFA,0x20,0x00,0x00,0xAF,0xF8,0x77,0x64,
  0x20,0x00,0x00,0x00,0xAF,0xF2,0x00,0x00,0x00,0x00,0x00,0x00,0xAF,0xF2,0x00,0x00,0x00,0x00,0x00,0x00,
  0xAF,0xF2,0x00,0x00,0x00,0x00,0x00,0x00,0xAF,0xF2,0x00,0x00,0x00,0x00,0x00,0x00,0xAF,0xF2,0x00,0x00,
  0x00,0x00,0x00,0x00,0x00,0x00,0x00,0x00,0x00,0x00,0x00,0x00,0x00,0x00,0x00,0x00,0x00,0x00,0x00,0x00,
  0x00,0x00,0x00,0x00,0x00,0x00,0x00,0x00,0x00,0x00,0x00,0x00,0x00,0x00,0x00,0x00,0x00,0x00,0x00,0x00,
  0x00,0x00,0x00,0x00,0x00,0x00,0x00,0x00,0x00,0x00,0x00,0x00,0x00,0x00,0x00,0x00,0x00,0x00,0x00,0x00,
  0x00,0x00,0x00,0x00,0x00,0x00,0x00,0x00,0x00,0x00,0x00,0x00,0x00,0x00,0x00,0x00,0x00,0x00,0x00,0x00,
  0x00,0x00,0x00,0x00,0x00,0x00,0x00,0x00,0x00,0x00,0x00,0x00,0x00,0x00,0x00,0x00,0x00,0x00,0x00,0x00,
  0x00,0x00,0x00,0x00,0x00,0x00,0x00,0x00,0x00,0x00,0x00,0x00,0x00,0x00,0x00,0x01,0x7C,0xEF,0xD9,0x30,
  0x00,0x00,0x00,0x00,0x3D,0xFF,0xFF,0xFF,0xF8,0x00,0x00,0x00,0x04,0xFF,0xFE,0xA9,0xCF,0xFF,0xB0,0x00,
  0x00,0x1D,0xFF,0x80,0x00,0x04,0xDF,0xF5,0x00,0x00,0x8F,0xFA,0x00,0x00,0x00,0x3F,0xFE,0x10,0x00,0xDF,
  0xF2,0x00,0x00,0x00,0x0A,0xFF,0x50,0x02,0xFF,0xD0,0x00,0x00,0x00,0x06,0xFF,0x80,0x03,0xFF,0xA0,0x00,
  0x00,0x00,0x04,0xFF,0x90,0x03,0xFF,0xA0,0x00,0x00,0x00,0x04,0xFF,0x90,0x02,0xFF,0xD0,0x00,0x00,0x00,
  0x07,0xFF,0x80,0x00,0xDF,0xF2,0x00,0x57,0x60,0x0A,0xFF,0x50,0x00,0x8F,0xF9,0x00,0x3E,0xF6,0x4F,0xFE,
  0x00,0x00,0x1D,0xFF,0x80,0x05,0xFF,0xEF,0xF7,0x00,0x00,0x04,0xFF,0xFD,0xA9,0xEF,0xFF,0xB0,0x00,0x00,
  0x00,0x3D,0xFF,0xFF,0xFF,0xFF,0x10,0x00,0x00,0x00,0x01,0x7C,0xEE,0xC9,0xEF,0xA0,0x00,0x00,0x00,0x00,
  0x00,0x00,0x00,0x4F,0xF7,0x00,0x00,0x00,0x00,0x00,0x00,0x00,0x02,0x22,0x00,0x00,0x00,0x00,0x00,0x00,
  0x00,0x00,0x00,0x00,0x00,0x00,0x00,0x00,0x00,0x00,0x00,0x00,0x00,0x00,0x00,0x00,0x00,0x00,0x00,0x00,
  0x00,0x00,0x00,0x00,0x00,0x00,0x00,0x00,0x00,0x00,0x00,0x00,0x00,0x00,0x00,0x00,0x00,0x00,0x00,0x00,
  0x00,0x00,0x00,0x00,0x00,0x00,0x00,0x00,0x00,0x00,0x00,0x00,0x00,0x00,0x00,0x00,0x00,0x00,0x00,0x00,
  0x00,0x00,0x00,0x00,0x00,0x00,0x00,0x00,0x00,0x00,0x00,0x00,0x00,0x00,0x00,0x00,0x00,0x00,0x00,0x00,
  0x00,0x00,0x00,0x00,0x00,0x00,0x00,0x00,0x00,0xAF,0xFF,0xFF,0xFD,0xB5,0x00,0x00,0x00,0xAF,0xFF,0xFF,
  0xFF,0xFF,0xB0,0x00,0x00,0xAF,0xF7,0x66,0x79,0xEF,0xF8,0x00,0x00,0xAF,0xF2,0x00,0x00,0x2E,0xFF,0x00,
  0x00,0xAF,0xF2,0x00,0x00,0x0A,0xFF,0x20,0x00,0xAF,0xF2,0x00,0x00,0x08,0xFF,0x40,0x00,0xAF,0xF2,0x00,
  0x00,0x0C,0xFF,0x20,0x00,0xAF,0xF2,0x00,0x03,0xAF,0xFB,0x00,0x00,0xAF,0xFF,0xFF,0xFF,0xFF,0xE2,0x00,
  0x00,0xAF,0xFF,0xFF,0xFF,0xFB,0x20,0x00,0x00,0xAF,0xF7,0x55,0x9F,0xF9,0x00,0x00,0x00,0xAF,0xF2,0x00,
  0x1D,0xFF,0x20,0x00,0x00,0xAF,0xF2,0x00,0x06,0xFF,0xA0,0x00,0x00,0xAF,0xF2,0x00,0x00,0xDF,0xF4,0x00,
  0x00,0xAF,0xF2,0x00,0x00,0x5F,0xFC,0x00,0x00,0xAF,0xF2,0x00,0x00,0x0C,0xFF,0x50,0x00,0x00,0x00,0x00,
  0x00,0x00,0x00,0x00,0x00,0x00,0x00,0x00,0x00,0x00,0x00,0x00,0x00,0x00,0x00,0x00,0x00,0x00,0x00,0x00,
  0x00,0x00,0x00,0x00,0x00,0x00,0x00,0x00,0x00,0x00,0x00,0x00,0x00,0x00,0x00,0x00,0x00,0x00,0x00,0x00,
  0x00,0x00,0x00,0x00,0x00,0x00,0x00,0x00,0x00,0x00,0x00,0x00,0x00,0x00,0x00,0x00,0x00,0x00,0x00,0x00,
  0x00,0x00,0x00,0x00,0x00,0x00,0x00,0x00,0x00,0x00,0x00,0x00,0x00,0x00,0x00,0x00,0x00,0x00,0x00,0x00,
  0x00,0x00,0x00,0x00,0x00,0x00,0x00,0x00,0x00,0x00,0x00,0x00,0x00,0x00,0x00,0x00,0x00,0x00,0x00,0x00,
  0x00,0x00,0x29,0xCE,0xEC,0x81,0x00,0x00,0x00,0x06,0xFF,0xFF,0xFF,0xFE,0x50,0x00,0x00,0x4F,0xFF,0xA7,
  0x7B,0xFF,0xE2,0x00,0x00,0xAF,0xF5,0x00,0x00,0x7F,0xF8,0x00,0x00,0xDF,0xF0,0x00,0x00,0x0E,0xFB,0x00,
  0x00,0xBF,0xF6,0x00,0x00,0x00,0x00,0x00,0x00,0x5F,0xFF,0xC8,0x41,0x00,0x00,0x00,0x00,0x07,0xEF,0xFF,
  0xFF,0xB6,0x00,0x00,0x00,0x00,0x27,0xCF,0xFF,0xFF,0xD2,0x00,0x00,0x00,0x00,0x01,0x48,0xEF,0xFC,0x00,
  0x01,0x55,0x30,0x00,0x00,0x1D,0xFF,0x20,0x01,0xFF,0xB0,0x00,0x00,0x09,0xFF,0x30,0x00,0xDF,0xF4,0x00,
  0x00,0x2D,0xFF,0x00,0x00,0x5F,0xFF,0xA7,0x69,0xEF,0xF9,0x00,0x00,0x08,0xFF,0xFF,0xFF,0xFF,0xB0,0x00,
  0x00,0x00,0x29,0xCE,0xEC,0xA4,0x00,0x00,0x00,0x00,0x00,0x00,0x00,0x00,0x00,0x00,0x00,0x00,0x00,0x00,
  0x00,0x00,0x00,0x00,0x00,0x00,0x00,0x00,0x00,0x00,0x00,0x00,0x00,0x00,0x00,0x00,0x00,0x00,0x00,0x00,
  0x00,0x00,0x00,0x00,0x00,0x00,0x00,0x00,0x00,0x00,0x00,0x00,0x00,0x00,0x00,0x00,0x00,0x00,0x00,0x00,
  0x00,0x00,0x00,0x00,0x00,0x00,0x00,0x00,0x00,0x00,0x00,0x00,0x00,0x00,0x00,0x00,0x00,0x00,0x00,0x00,
  0x00,0x00,0x00,0x00,0x00,0x00,0x00,0x00,0x00,0x00,0x00,0x00,0x00,0x00,0x00,0x00,0x00,0x00,0x00,0x00,
  0x00,0x00,0x00,0x00,0x00,0x00,0x00,0x00,0x00,0x00,0x00,0x00,0x08,0xFF,0xFF,0xFF,0xFF,0xFF,0xFF,0x40,
  0x08,0xFF,0xFF,0xFF,0xFF,0xFF,0xFF,0x40,0x04,0x77,0x77,0xBF,0xFA,0x77,0x77,0x20,0x00,0x00,0x00,0x8F,
  0xF5,0x00,0x00,0x00,0x00,0x00,0x00,0x8F,0xF5,0x00,0x00,0x00,0x00,0x00,0x00,0x8F,0xF5,0x00,0x00,0x00,
  0x00,0x00,0x00,0x8F,0xF5,0x00,0x00,0x00,0x00,0x00,0x00,0x8F,0xF5,0x00,0x00,0x00,0x00,0x00,0x00,0x8F,
  0xF5,0x00,0x00,0x00,0x00,0x00,0x00,0x8F,0xF5,0x00,0x00,0x00,0x00,0x00,0x00,0x8F,0xF5,0x00,0x00,0x00,
  0x00,0x00,0x00,0x8F,0xF5,0x00,0x00,0x00,0x00,0x00,0x00,0x8F,0xF5,0x00,0x00,0x00,0x00,0x00,0x00,0x8F,
  0xF5,0x00,0x00,0x00,0x00,0x00,0x00,0x8F,0xF5,0x00,0x00,0x00,0x00,0x00,0x00,0x8F,0xF5,0x00,0x00,0x00,
  0x00,0x00,0x00,0x00,0x00,0x00,0x00,0x00,0x00,0x00,0x00,0x00,0x00,0x00,0x00,0x00,0x00,0x00,0x00,0x00,
  0x00,0x00,0x00,0x00,0x00,0x00,0x00,0x00,0x00,0x00,0x00,0x00,0x00,0x00,0x00,0x00,0x00,0x00,0x00,0x00,
  0x00,0x00,0x00,0x00,0x00,0x00,0x00,0x00,0x00,0x00,0x00,0x00,0x00,0x00,0x00,0x00,0x00,0x00,0x00,0x00,
  0x00,0x00,0x00,0x00,0x00,0x00,0x00,0x00,0x00,0x00,0x00,0x00,0x00,0x00,0x00,0x00,0x00,0x00,0x00,0x00,
  0x00,0x00,0x00,0x00,0x00,0x00,0x00,0x00,0x00,0x00,0x00,0x00,0x00,0x00,0x00,0x00,0x00,0x00,0x00,0x00,
  0x00,0x00,0x00,0x00,0x00,0x00,0x00,0x00,0xBF,0xF1,0x00,0x00,0x00,0x9F,0xF3,0x00,0x0B,0xFF,0x10,0x00,
  0x00,0x09,0xFF,0x30,0x00,0xBF,0xF1,0x00,0x00,0x00,0x9F,0xF3,0x00,0x0B,0xFF,0x10,0x00,0x00,0x09,0xFF,
  0x30,0x00,0xBF,0xF1,0x00,0x00,0x00,0x9F,0xF3,0x00,0x0B,0xFF,0x10,0x00,0x00,0x09,0xFF,0x30,0x00,0xBF,
  0xF1,0x00,0x00,0x00,0x9F,0xF3,0x00,0x0B,0xFF,0x10,0x00,0x00,0x09,0xFF,0x30,0x00,0xBF,0xF1,0x00,0x00,
  0x00,0x9F,0xF3,0x00,0x0B,0xFF,0x10,0x00,0x00,0x09,0xFF,0x30,0x00,0xAF,0xF2,0x00,0x00,0x00,0xAF,0xF2,
  0x00,0x07,0xFF,0x60,0x00,0x00,0x1E,0xFE,0x00,0x00,0x4F,0xFE,0x30,0x00,0x19,0xFF,0xB0,0x00,0x00,0x9F,
  0xFF,0xB8,0x9D,0xFF,0xE2,0x00,0x00,0x01,0xAF,0xFF,0xFF,0xFF,0xD4,0x00,0x00,0x00,0x00,0x4A,0xCE,0xDB,
  0x71,0x00,0x00,0x00,0x00,0x00,0x00,0x00,0x00,0x00,0x00,0x00,0x00,0x00,0x00,0x00,0x00,0x00,0x00,0x00,
  0x00,0x00,0x00,0x00,0x00,0x00,0x00,0x00,0x00,0x00,0x00,0x00,0x00,0x00,0x00,0x00,0x00,0x00,0x00,0x00,
  0x00,0x00,0x00,0x00,0x00,0x00,0x00,0x00,0x00,0x00,0x00,0x00,0x00,0x00,0x00,0x00,0x00,0x00,0x00,0x00,
  0x00,0x00,0x00,0x00,0x00,0x00,0x00,0x00,0x00,0x00,0x00,0x00,0x00,0x00,0x00,0x00,0x00,0x00,0x00,0x00,
  0x00,0x00,0x00,0x00,0x00,0x00,0x00,0x00,0x00,0x00,0x00,0x00,0x00,0x00,0x00,0x00,0x00,0x00,0x00,0x00,
  0x00,0x00,0x00,0x00,0x00,0x00,0x00,0x00,0x00,0x00,0x00,0x00,0x00,0x00,0x0A,0xFF,0x60,0x00,0x00,0x00,
  0x3F,0xFC,0x00,0x5F,0xFB,0x00,0x00,0x00,0x08,0xFF,0x70,0x01,0xEF,0xF1,0x00,0x00,0x00,0xDF,0xF2,0x00,
  0x09,0xFF,0x60,0x00,0x00,0x3F,0xFB,0x00,0x00,0x4F,0xFB,0x00,0x00,0x08,0xFF,0x60,0x00,0x00,0xEF,0xF2,
  0x00,0x00,0xDF,0xF1,0x00,0x00,0x08,0xFF,0x70,0x00,0x3F,0xFB,0x00,0x00,0x00,0x3F,0xFC,0x00,0x08,0xFF,
  0x50,0x00,0x00,0x00,0xDF,0xF2,0x00,0xDF,0xE1,0x00,0x00,0x00,0x07,0xFF,0x60,0x3F,0xFA,0x00,0x00,0x00,
  0x00,0x2F,0xFB,0x07,0xFF,0x40,0x00,0x00,0x00,0x00,0xCF,0xF1,0xCF,0xE0,0x00,0x00,0x00,0x00,0x06,0xFF,
  0x7F,0xF9,0x00,0x00,0x00,0x00,0x00,0x1F,0xFE,0xFF,0x40,0x00,0x00,0x00,0x00,0x00,0xAF,0xFF,0xD0,0x00,
  0x00,0x00,0x00,0x00,0x05,0xFF,0xF8,0x00,0x00,0x00,0x00,0x00,0x00,0x00,0x00,0x00,0x00,0x00,0x00,0x00,
  0x00,0x00,0x00,0x00,0x00,0x00,0x00,0x00,0x00,0x00,0x00,0x00,0x00,0x00,0x00,0x00,0x00,0x00,0x00,0x00,
  0x00,0x00,0x00,0x00,0x00,0x00,0x00,0x00,0x00,0x00,0x00,0x00,0x00,0x00,0x00,0x00,0x00,0x00,0x00,0x00,
  0x00,0x00,0x00,0x00,0x00,0x00,0x00,0x00,0x00,0x00,0x00,0x00,0x00,0x00,0x00,0x00,0x00,0x00,0x00,0x00,
  0x00,0x00,0x00,0x00,0x00,0x00,0x00,0x00,0x00,0x00,0x00,0x00,0x00,0x00,0x00,0x00,0x00,0x00,0x00,0x00,
  0x00,0x00,0x00,0x00,0x00,0x00,0x00,0x00,0x00,0x00,0x00,0x00,0x00,0x00,0x00,0x00,0x00,0x00,0x00,0x00,
  0x00,0x00,0x00,0x00,0x00,0x00,0x00,0x00,0x00,0x00,0x00,0x00,0x00,0x00,0x00,0x00,0x00,0x00,0x00,0x00,
  0x00,0x00,0x0B,0xFF,0x40,0x00,0x00,0xDF,0xF6,0x00,0x00,0x0B,0xFF,0x40,0x07,0xFF,0x70,0x00,0x02,0xFF,
  0xFA,0x00,0x00,0x0E,0xFF,0x10,0x03,0xFF,0xB0,0x00,0x05,0xFF,0xFE,0x00,0x00,0x3F,0xFB,0x00,0x00,0xEF,
  0xE0,0x00,0x09,0xFF,0xFF,0x20,0x00,0x7F,0xF7,0x00,0x00,0xAF,0xF3,0x00,0x0D,0xFB,0xFF,0x60,0x00,0xAF,
  0xF3,0x00,0x00,0x6F,0xF7,0x00,0x2F,0xF6,0xDF,0xA0,0x00,0xEF,0xE0,0x00,0x00,0x2F,0xFB,0x00,0x6F,0xF2,
  0x9F,0xE0,0x03,0xFF,0xA0,0x00,0x00,0x0D,0xFE,0x00,0xAF,0xE0,0x5F,0xF3,0x06,0xFF,0x60,0x00,0x00,0x09,
  0xFF,0x30,0xDF,0xA0,0x2F,0xF7,0x0A,0xFF,0x20,0x00,0x00,0x05,0xFF,0x62,0xFF,0x60,0x0D,0xFA,0x0D,0xFD,
  0x00,0x00,0x00,0x01,0xFF,0xA5,0xFF,0x20,0x09,0xFD,0x1F,0xF9,0x00,0x00,0x00,0x00,0xCF,0xD8,0xFD,0x00,
  0x05,0xFF,0x6F,0xF5,0x00,0x00,0x00,0x00,0x7F,0xFD,0xF9,0x00,0x01,0xFF,0xDF,0xF1,0x00,0x00,0x00,0x00,
  0x3F,0xFF,0xF5,0x00,0x00,0xCF,0xFF,0xC0,0x00,0x00,0x00,0x00,0x0E,0xFF,0xF1,0x00,0x00,0x8F,0xFF,0x80,
  0x00,0x00,0x00,0x00,0x0A,0xFF,0xC0,0x00,0x00,0x4F,0xFF,0x40,0x00,0x00,0x00,0x00,0x00,0x00,0x00,0x00,
  0x00,0x00,0x00,0x00,0x00,0x00,0x00,0x00,0x00,0x00,0x00,0x00,0x00,0x00,0x00,0x00,0x00,0x00,0x00,0x00,
  0x00,0x00,0x00,0x00,0x00,0x00,0x00,0x00,0x00,0x00,0x00,0x00,0x00,0x00,0x00,0x00,0x00,0x00,0x00,0x00,
  0x00,0x00,0x00,0x00,0x00,0x00,0x00,0x00,0x00,0x00,0x00,0x00,0x00,0x00,0x00,0x00,0x00,0x00,0x00,0x00,
  0x00,0x00,0x00,0x00,0x00,0x00,0x00,0x00,0x00,0x00,0x00,0x00,0x00,0x00,0x00,0x00,0x00,0x00,0x00,0x00,
  0x00,0x00,0x00,0x00,0x00,0x00,0x00,0x00,0x00,0x00,0x00,0x00,0x00,0x00,0x00,0x00,0x00,0x00,0x00,0x00,
  0x00,0x00,0x00,0x00,0x00,0x00,0x00,0x00,0x00,0x00,0x00,0x00,0x00,0x00,0x00,0x00,0x00,0x00,0x00,0x00,
  0x00,0x00,0x00,0x00,0x00,0x00,0x00,0x00,0x00,0x02,0xEF,0xF3,0x00,0x00,0x02,0xFF,0xE1,0x00,0x06,0xFF,
  0xD0,0x00,0x00,0xCF,0xF5,0x00,0x00,0x0B,0xFF,0x80,0x00,0x7F,0xFA,0x00,0x00,0x00,0x1E,0xFF,0x30,0x3F,
  0xFE,0x10,0x00,0x00,0x00,0x5F,0xFC,0x0C,0xFF,0x50,0x00,0x00,0x00,0x00,0xAF,0xFC,0xFF,0x90,0x00,0x00,
  0x00,0x00,0x01,0xEF,0xFF,0xD1,0x00,0x00,0x00,0x00,0x00,0x05,0xFF,0xF5,0x00,0x00,0x00,0x00,0x00,0x00,
  0x8F,0xFF,0x90,0x00,0x00,0x00,0x00,0x00,0x4F,0xFF,0xFF,0x50,0x00,0x00,0x00,0x00,0x1D,0xFF,0x6F,0xFE,
  0x10,0x00,0x00,0x00,0x0A,0xFF,0x70,0x8F,0xFA,0x00,0x00,0x00,0x06,0xFF,0xC0,0x01,0xDF,0xF6,0x00,0x00,
  0x02,0xEF,0xE2,0x00,0x03,0xFF,0xE2,0x00,0x00,0xBF,0xF6,0x00,0x00,0x08,0xFF,0xB0,0x00,0x7F,0xFB,0x00,
  0x00,0x00,0x0C,0xFF,0x70,0x00,0x00,0x00,0x00,0x00,0x00,0x00,0x00,0x00,0x00,0x00,0x00,0x00,0x00,0x00,
  0x00,0x00,0x00,0x00,0x00,0x00,0x00,0x00,0x00,0x00,0x00,0x00,0x00,0x00,0x00,0x00,0x00,0x00,0x00,0x00,
  0x00,0x00,0x00,0x00,0x00,0x00,0x00,0x00,0x00,0x00,0x00,0x00,0x00,0x00,0x00,0x00,0x00,0x00,0x00,0x00,
  0x00,0x00,0x00,0x00,0x00,0x00,0x00,0x00,0x00,0x00,0x00,0x00,0x00,0x00,0x00,0x00,0x00,0x00,0x00,0x00,
  0x00,0x00,0x00,0x00,0x00,0x00,0x00,0x00,0x00,0x00,0x00,0x00,0x00,0x00,0x00,0x00,0x00,0x00,0x00,0x00,
  0x00,0x00,0x00,0x00,0x00,0x00,0x00,0x00,0x00,0x00,0x00,0x00,0x00,0x00,0x00,0x00,0x09,0xFF,0xA0,0x00,
  0x00,0x00,0xDF,0xF6,0x00,0x1E,0xFF,0x40,0x00,0x00,0x6F,0xFC,0x00,0x00,0x6F,0xFD,0x00,0x00,0x1E,0xFF,
  0x30,0x00,0x00,0xBF,0xF7,0x00,0x09,0xFF,0x90,0x00,0x00,0x03,0xFF,0xE1,0x02,0xFF,0xE1,0x00,0x00,0x00,
  0x08,0xFF,0x90,0xBF,0xF6,0x00,0x00,0x00,0x00,0x1E,0xFF,0x6F,0xFC,0x00,0x00,0x00,0x00,0x00,0x5F,0xFF,
  0xFF,0x30,0x00,0x00,0x00,0x00,0x00,0xBF,0xFF,0x90,0x00,0x00,0x00,0x00,0x00,0x02,0xFF,0xE1,0x00,0x00,
  0x00,0x00,0x00,0x00,0x0E,0xFC,0x00,0x00,0x00,0x00,0x00,0x00,0x00,0xEF,0xC0,0x00,0x00,0x00,0x00,0x00,
  0x00,0x0E,0xFC,0x00,0x00,0x00,0x00,0x00,0x00,0x00,0xEF,0xC0,0x00,0x00,0x00,0x00,0x00,0x00,0x0E,0xFC,
  0x00,0x00,0x00,0x00,0x00,0x00,0x00,0xEF,0xC0,0x00,0x00,0x00,0x00,0x00,0x00,0x00,0x00,0x00,0x00,0x00,
  0x00,0x00,0x00,0x00,0x00,0x00,0x00,0x00,0x00,0x00,0x00,0x00,0x00,0x00,0x00,0x00,0x00,0x00,0x00,0x00,
  0x00,0x00,0x00,0x00,0x00,0x00,0x00,0x00,0x00,0x00,0x00,0x00,0x00,0x00,0x00,0x00,0x00,0x00,0x00,0x00,
  0x00,0x00,0x00,0x00,0x00,0x00,0x00,0x00,0x00,0x00,0x00,0x00,0x00,0x00,0x00,0x00,0x00,0x00,0x00,0x00,
  0x00,0x00,0x00,0x00,0x00,0x00,0x00,0x00,0x00,0x00,0x00,0x00,0x00,0x00,0x00,0x00,0x00,0x00,0x00,0x00,
  0x00,0x00,0x00,0x00,0x00,0x00,0x00,0x00,0x00,0x00,0x00,0x00,0x00,0x00,0x00,0x00,0x00,0x00,0x00,0x00,
  0x02,0xFF,0xFF,0xFF,0xFF,0xFF,0xFF,0x20,0x02,0xFF,0xFF,0xFF,0xFF,0xFF,0xFF,0x20,0x01,0x77,0x77,0x77,
  0x77,0xBF,0xFD,0x10,0x00,0x00,0x00,0x00,0x03,0xEF,0xE3,0x00,0x00,0x00,0x00,0x00,0x2E,0xFF,0x50,0x00,
  0x00,0x00,0x00,0x00,0xCF,0xF8,0x00,0x00,0x00,0x00,0x00,0x09,0xFF,0xB0,0x00,0x00,0x00,0x00,0x00,0x6F,
  0xFD,0x10,0x00,0x00,0x00,0x00,0x04,0xFF,0xE3,0x00,0x00,0x00,0x00,0x00,0x2E,0xFF,0x50,0x00,0x00,0x00,
  0x00,0x00,0xCF,0xF8,0x00,0x00,0x00,0x00,0x00,0x09,0xFF,0xB0,0x00,0x00,0x00,0x00,0x00,0x6F,0xFD,0x10,
  0x00,0x00,0x00,0x00,0x03,0xFF,0xF9,0x77,0x77,0x77,0x77,0x10,0x06,0xFF,0xFF,0xFF,0xFF,0xFF,0xFF,0x30,
  0x06,0xFF,0xFF,0xFF,0xFF,0xFF,0xFF,0x30,0x00,0x00,0x00,0x00,0x00,0x00,0x00,0x00,0x00,0x00,0x00,0x00,
  0x00,0x00,0x00,0x00,0x00,0x00,0x00,0x00,0x00,0x00,0x00,0x00,0x00,0x00,0x00,0x00,0x00,0x00,0x00,0x00,
  0x00,0x00,0x00,0x00,0x00,0x00,0x00,0x00,0x00,0x00,0x00,0x00,0x00,0x00,0x00,0x00,0x00,0x00,0x00,0x00,
  0x00,0x00,0x00,0x00,0x00,0x00,0x00,0x00,0x00,0x00,0x00,0x00,0x00,0x00,0x00,0x00,0x00,0x00,0x00,0x00,
  0x00,0x00,0x00,0x00,0x00,0x00,0x00,0x07,0xFF,0xFF,0x40,0x00,0x7F,0xFF,0xF4,0x00,0x07,0xFF,0x53,0x10,
  0x00,0x7F,0xF3,0x00,0x00,0x07,0xFF,0x30,0x00,0x00,0x7F,0xF3,0x00,0x00,0x07,0xFF,0x30,0x00,0x00,0x7F,
  0xF3,0x00,0x00,0x07,0xFF,0x30,0x00,0x00,0x7F,0xF3,0x00,0x00,0x07,0xFF,0x30,0x00,0x00,0x7F,0xF3,0x00,
  0x00,0x07,0xFF,0x30,0x00,0x00,0x7F,0xF3,0x00,0x00,0x07,0xFF,0x30,0x00,0x00,0x7F,0xF3,0x00,0x00,0x07,
  0xFF,0x30,0x00,0x00,0x7F,0xF3,0x00,0x00,0x07,0xFF,0xFF,0x40,0x00,0x7F,0xFF,0xF4,0x00,0x01,0x33,0x33,
  0x10,0x00,0x00,0x00,0x00,0x00,0x00,0x00,0x00,0x00,0x00,0x00,0x00,0x00,0x00,0x00,0x00,0x00,0x00,0x00,
  0x00,0x00,0x00,0x00,0x00,0x00,0x00,0x00,0x00,0x00,0x00,0x00,0x00,0x00,0x00,0x00,0x00,0x00,0x00,0x00,
  0x0C,0xF9,0x00,0x00,0x00,0x08,0xFD,0x00,0x00,0x00,0x04,0xFF,0x20,0x00,0x00,0x00,0xEF,0x60,0x00,0x00,
  0x00,0xBF,0xA0,0x00,0x00,0x00,0x7F,0xE0,0x00,0x00,0x00,0x3F,0xF3,0x00,0x00,0x00,0x0E,0xF7,0x00,0x00,
  0x00,0x0A,0xFB,0x00,0x00,0x00,0x06,0xFF,0x10,0x00,0x00,0x02,0xFF,0x40,0x00,0x00,0x00,0xCF,0x80,0x00,
  0x00,0x00,0x8F,0xC0,0x00,0x00,0x00,0x4F,0xF1,0x00,0x00,0x00,0x1F,0xF5,0x00,0x00,0x00,0x0B,0xFA,0x00,
  0x00,0x00,0x07,0xFE,0x00,0x00,0x00,0x03,0xFF,0x30,0x00,0x00,0x00,0xEF,0x70,0x00,0x00,0x00,0x23,0x20,
  0x00,0x00,0x00,0x00,0x00,0x00,0x00,0x00,0x00,0x00,0x00,0x00,0x00,0x00,0x00,0x00,0x00,0x00,0x00,0x00,
  0x00,0x00,0x00,0x00,0x00,0x00,0x00,0x00,0x00,0x00,0x00,0x00,0x00,0x00,0x00,0x00,0x00,0x00,0x00,0x00,
  0x00,0x00,0x00,0x3F,0xFF,0xF8,0x00,0x03,0xFF,0xFF,0x80,0x00,0x13,0x5F,0xF8,0x00,0x00,0x03,0xFF,0x80,
  0x00,0x00,0x3F,0xF8,0x00,0x00,0x03,0xFF,0x80,0x00,0x00,0x3F,0xF8,0x00,0x00,0x03,0xFF,0x80,0x00,0x00,
  0x3F,0xF8,0x00,0x00,0x03,0xFF,0x80,0x00,0x00,0x3F,0xF8,0x00,0x00,0x03,0xFF,0x80,0x00,0x00,0x3F,0xF8,
  0x00,0x00,0x03,0xFF,0x80,0x00,0x00,0x3F,0xF8,0x00,0x00,0x03,0xFF,0x80,0x00,0x00,0x3F,0xF8,0x00,0x00,
  0x03,0xFF,0x80,0x00,0x3F,0xFF,0xF8,0x00,0x03,0xFF,0xFF,0x80,0x00,0x13,0x33,0x31,0x00,0x00,0x00,0x00,
  0x00,0x00,0x00,0x00,0x00,0x00,0x00,0x00,0x00,0x00,0x00,0x00,0x00,0x00,0x00,0x00,0x00,0x00,0x00,0x00,
  0x00,0x00,0x00,0x00,0x00,0x00,0x00,0x00,0x00,0x00,0x00,0x00,0x00,0x00,0x00,0x00,0x00,0x00,0x00,0x00,
  0x00,0x00,0x00,0x00,0x00,0x00,0x00,0x00,0x00,0x7F,0xF7,0x00,0x00,0x00,0x01,0xEF,0xFE,0x00,0x00,0x00,
  0x06,0xFB,0xBF,0x60,0x00,0x00,0x0D,0xF4,0x4F,0xD0,0x00,0x00,0x6F,0xC0,0x0C,0xF5,0x00,0x00,0xDF,0x50,
  0x06,0xFD,0x00,0x04,0xDC,0x00,0x00,0xCD,0x40,0x00,0x00,0x00,0x00,0x00,0x00,0x00,0x00,0x00,0x00,0x00,
  0x00,0x00,0x00,0x00,0x00,0x00,0x00,0x00,0x00,0x00,0x00,0x00,0x00,0x00,0x00,0x00,0x00,0x00,0x00,0x00,
  0x00,0x00,0x00,0x00,0x00,0x00,0x00,0x00,0x00,0x00,0x00,0x00,0x00,0x00,0x00,0x00,0x00,0x00,0x00,0x00,
  0x00,0x00,0x00,0x00,0x00,0x00,0x00,0x00,0x00,0x00,0x00,0x00,0x00,0x00,0x00,0x00,0x00,0x00,0x00,0x00,
  0x00,0x00,0x00,0x00,0x00,0x00,0x00,0x00,0x00,0x00,0x00,0x00,0x00,0x00,0x00,0x00,0x00,0x00,0x00,0x00,
  0x00,0x00,0x00,0x00,0x00,0x00,0x00,0x00,0x00,0x00,0x00,0x00,0x00,0x00,0x00,0x00,0x00,0x00,0x00,0x00,
  0x00,0x00,0x00,0x00,0x00,0x00,0x00,0x00,0x00,0x00,0x00,0x00,0x00,0x00,0x00,0x00,0x00,0x00,0x00,0x00,
  0x00,0x00,0x00,0x00,0x00,0x00,0x00,0x00,0x00,0x00,0x00,0x00,0x00,0x00,0x00,0x00,0x00,0x00,0x00,0x00,
  0x00,0x00,0x00,0x00,0x00,0x00,0x00,0x00,0x00,0x00,0x00,0x00,0x00,0x00,0x00,0x00,0x00,0x00,0x00,0x00,
  0x00,0x00,0x00,0x00,0x00,0x00,0x00,0x00,0x00,0x00,0x00,0x00,0x00,0x00,0x00,0x00,0x00,0x00,0x00,0x00,
  0x00,0x00,0x00,0x00,0x00,0x00,0x00,0x00,0x00,0x00,0x00,0x00,0x00,0x00,0x00,0x00,0x00,0x00,0x00,0x00,
  0x00,0x00,0x00,0x00,0x00,0x00,0x00,0x00,0x00,0x00,0x00,0x00,0x00,0x00,0x00,0x00,0x00,0x0F,0xFF,0xFF,
  0xFF,0xFF,0xF4,0x0F,0xFF,0xFF,0xFF,0xFF,0xF4,0x03,0x33,0x33,0x33,0x33,0x31,0x00,0x00,0x00,0x00,0x00,
  0x00,0x00,0x00,0x00,0x00,0x00,0x00,0x00,0x00,0x00,0x00,0x00,0x00,0x00,0x00,0x00,0x00,0x00,0x00,0x00,
  0x00,0x00,0x00,0x00,0x00,0x00,0x00,0x00,0x00,0x00,0x00,0x00,0x00,0x00,0x00,0x00,0x00,0x00,0x00,0x00,
  0x00,0x00,0x00,0x01,0xDF,0xB0,0x00,0x00,0x3F,0xF4,0x00,0x00,0x06,0xFC,0x00,0x00,0x00,0x45,0x10,0x00,
  0x00,0x00,0x00,0x00,0x00,0x00,0x00,0x00,0x00,0x00,0x00,0x00,0x00,0x00,0x00,0x00,0x00,0x00,0x00,0x00,
  0x00,0x00,0x00,0x00,0x00,0x00,0x00,0x00,0x00,0x00,0x00,0x00,0x00,0x00,0x00,0x00,0x00,0x00,0x00,0x00,
  0x00,0x00,0x00,0x00,0x00,0x00,0x00,0x00,0x00,0x00,0x00,0x00,0x00,0x00,0x00,0x00,0x00,0x00,0x00,0x00,
  0x00,0x00,0x00,0x00,0x00,0x00,0x00,0x00,0x00,0x00,0x00,0x00,0x00,0x00,0x00,0x00,0x00,0x00,0x00,0x00,
  0x00,0x00,0x00,0x00,0x00,0x00,0x00,0x00,0x00,0x00,0x00,0x00,0x00,0x00,0x00,0x00,0x00,0x00,0x00,0x00,
  0x00,0x00,0x00,0x00,0x00,0x00,0x00,0x00,0x00,0x00,0x00,0x00,0x00,0x00,0x00,0x00,0x00,0x00,0x00,0x00,
  0x00,0x00,0x00,0x00,0x00,0x00,0x00,0x00,0x00,0x00,0x00,0x00,0x00,0x00,0x00,0x00,0x00,0x00,0x00,0x00,
  0x00,0x00,0x00,0x00,0x00,0x00,0x01,0x7C,0xEE,0xC7,0x00,0x00,0x00,0x1D,0xFF,0xFF,0xFF,0xC0,0x00,0x00,
  0x9F,0xF9,0x44,0xBF,0xF6,0x00,0x00,0xAC,0xA0,0x00,0x1F,0xF9,0x00,0x00,0x00,0x00,0x13,0x7F,0xFB,0x00,
  0x00,0x05,0xAD,0xFF,0xFF,0xFB,0x00,0x00,0x8F,0xFF,0xDA,0x7F,0xFB,0x00,0x01,0xFF,0xC3,0x00,0x0F,0xFB,
  0x00,0x03,0xFF,0x70,0x00,0x3F,0xFB,0x00,0x01,0xFF,0xC3,0x14,0xDF,0xFB,0x00,0x00,0xAF,0xFF,0xFF,0xBF,
  0xFB,0x00,0x00,0x17,0xDF,0xE9,0x1F,0xFB,0x00,0x00,0x00,0x00,0x00,0x00,0x00,0x00,0x00,0x00,0x00,0x00,
  0x00,0x00,0x00,0x00,0x00,0x00,0x00,0x00,0x00,0x00,0x00,0x00,0x00,0x00,0x00,0x00,0x00,0x00,0x00,0x00,
  0x00,0x00,0x00,0x00,0x00,0x00,0x00,0x00,0x00,0x00,0x00,0x00,0x00,0x00,0x00,0x00,0x00,0x00,0x00,0x00,
  0x00,0x00,0x00,0x00,0x00,0x00,0x00,0x00,0x00,0x00,0x00,0x00,0x00,0x00,0x00,0x00,0x00,0x00,0x00,0x00,
  0x00,0x00,0x00,0x00,0x00,0x00,0x00,0x00,0x00,0x00,0x00,0x00,0x00,0x00,0x00,0x00,0x00,0x00,0x00,0x00,
  0x00,0x00,0x00,0x00,0xCF,0xE0,0x00,0x00,0x00,0x00,0x00,0x0C,0xFE,0x00,0x00,0x00,0x00,0x00,0x00,0xCF,
  0xE0,0x00,0x00,0x00,0x00,0x00,0x0C,0xFE,0x00,0x00,0x00,0x00,0x00,0x00,0xCF,0xE0,0x8C,0xEB,0x60,0x00,
  0x00,0x0C,0xFE,0xAF,0xFF,0xFF,0x90,0x00,0x00,0xCF,0xFF,0x95,0x7E,0xFF,0x50,0x00,0x0C,0xFF,0x70,0x00,
  0x3F,0xFC,0x00,0x00,0xCF,0xE1,0x00,0x00,0xBF,0xF0,0x00,0x0C,0xFC,0x00,0x00,0x09,0xFF,0x20,0x00,0xCF,
  0xC0,0x00,0x00,0x9F,0xF2,0x00,0x0C,0xFE,0x00,0x00,0x0B,0xFF,0x00,0x00,0xCF,0xF7,0x00,0x03,0xFF,0xC0,
  0x00,0x0C,0xFF,0xF9,0x57,0xEF,0xF5,0x00,0x00,0xCF,0xDB,0xFF,0xFF,0xFA,0x00,0x00,0x0C,0xFD,0x08,0xCE,
  0xB6,0x00,0x00,0x00,0x00,0x00,0x00,0x00,0x00,0x00,0x00,0x00,0x00,0x00,0x00,0x00,0x00,0x00,0x00,0x00,
  0x00,0x00,0x00,0x00,0x00,0x00,0x00,0x00,0x00,0x00,0x00,0x00,0x00,0x00,0x00,0x00,0x00,0x00,0x00,0x00,
  0x00,0x00,0x00,0x00,0x00,0x00,0x00,0x00,0x00,0x00,0x00,0x00,0x00,0x00,0x00,0x00,0x00,0x00,0x00,0x00,
  0x00,0x00,0x00,0x00,0x00,0x00,0x00,0x00,0x00,0x00,0x00,0x00,0x00,0x00,0x00,0x00,0x00,0x00,0x00,0x00,
  0x00,0x00,0x00,0x00,0x00,0x00,0x00,0x00,0x00,0x00,0x00,0x00,0x00,0x00,0x00,0x00,0x00,0x00,0x00,0x00,
  0x00,0x00,0x00,0x00,0x00,0x00,0x00,0x00,0x00,0x00,0x00,0x00,0x00,0x00,0x00,0x00,0x00,0x00,0x00,0x00,
  0x00,0x00,0x00,0x00,0x00,0x00,0x00,0x00,0x4A,0xDE,0xC7,0x10,0x00,0x00,0x08,0xFF,0xFF,0xFF,0xD1,0x00,
  0x00,0x4F,0xFD,0x75,0x9F,0xFB,0x00,0x00,0xDF,0xF2,0x00,0x0B,0xFF,0x20,0x01,0xFF,0x90,0x00,0x02,0x66,
  0x20,0x04,0xFF,0x70,0x00,0x00,0x00,0x00,0x04,0xFF,0x70,0x00,0x00,0x00,0x00,0x01,0xFF,0x90,0x00,0x02,
  0x55,0x20,0x00,0xDF,0xE2,0x00,0x0B,0xFF,0x20,0x00,0x5F,0xFD,0x64,0x9F,0xFB,0x00,0x00,0x08,0xFF,0xFF,
  0xFF,0xD1,0x00,0x00,0x00,0x4A,0xDE,0xC7,0x10,0x00,0x00,0x00,0x00,0x00,0x00,0x00,0x00,0x00,0x00,0x00,
  0x00,0x00,0x00,0x00,0x00,0x00,0x00,0x00,0x00,0x00,0x00,0x00,0x00,0x00,0x00,0x00,0x00,0x00,0x00,0x00,
  0x00,0x00,0x00,0x00,0x00,0x00,0x00,0x00,0x00,0x00,0x00,0x00,0x00,0x00,0x00,0x00,0x00,0x00,0x00,0x00,
  0x00,0x00,0x00,0x00,0x00,0x00,0x00,0x00,0x00,0x00,0x00,0x00,0x00,0x00,0x00,0x00,0x00,0x00,0x00,0x00,
  0x00,0x00,0x00,0x00,0x00,0x00,0x00,0x00,0x00,0x00,0x00,0x00,0x00,0x00,0x00,0x00,0x00,0x00,0x00,0x00,
  0x00,0x00,0x00,0x00,0x00,0x00,0x00,0x00,0x00,0xFF,0xB0,0x00,0x00,0x00,0x00,0x00,0x0F,0xFB,0x00,0x00,
  0x00,0x00,0x00,0x00,0xFF,0xB0,0x00,0x00,0x00,0x00,0x00,0x0F,0xFB,0x00,0x00,0x00,0x7C,0xEC,0x70,0xFF,
  0xB0,0x00,0x00,0xBF,0xFF,0xFF,0x9F,0xFB,0x00,0x00,0x6F,0xFD,0x65,0xAF,0xFF,0xB0,0x00,0x0E,0xFE,0x20,
  0x00,0x9F,0xFB,0x00,0x02,0xFF,0x90,0x00,0x02,0xFF,0xB0,0x00,0x4F,0xF7,0x00,0x00,0x0E,0xFB,0x00,0x04,
  0xFF,0x70,0x00,0x00,0xEF,0xB0,0x00,0x2F,0xF9,0x00,0x00,0x2F,0xFB,0x00,0x00,0xEF,0xE2,0x00,0x09,0xFF,
  0xB0,0x00,0x07,0xFF,0xD6,0x5A,0xFF,0xFB,0x00,0x00,0x0B,0xFF,0xFF,0xF9,0xFF,0xB0,0x00,0x00,0x07,0xCE,
  0xC7,0x0F,0xFB,0x00,0x00,0x00,0x00,0x00,0x00,0x00,0x00,0x00,0x00,0x00,0x00,0x00,0x00,0x00,0x00,0x00,
  0x00,0x00,0x00,0x00,0x00,0x00,0x00,0x00,0x00,0x00,0x00,0x00,0x00,0x00,0x00,0x00,0x00,0x00,0x00,0x00,
  0x00,0x00,0x00,0x00,0x00,0x00,0x00,0x00,0x00,0x00,0x00,0x00,0x00,0x00,0x00,0x00,0x00,0x00,0x00,0x00,
  0x00,0x00,0x00,0x00,0x00,0x00,0x00,0x00,0x00,0x00,0x00,0x00,0x00,0x00,0x00,0x00,0x00,0x00,0x00,0x00,
  0x00,0x00,0x00,0x00,0x00,0x00,0x00,0x00,0x00,0x00,0x00,0x00,0x00,0x00,0x00,0x00,0x00,0x00,0x00,0x00,
  0x00,0x00,0x00,0x00,0x00,0x00,0x00,0x00,0x00,0x00,0x00,0x00,0x00,0x00,0x00,0x00,0x00,0x00,0x00,0x00,
  0x00,0x00,0x00,0x00,0x00,0x00,0x00,0x00,0x00,0x4A,0xDE,0xB6,0x00,0x00,0x00,0x07,0xFF,0xFF,0xFF,0xA1,
  0x00,0x00,0x4F,0xFB,0x43,0x8F,0xF7,0x00,0x00,0xCF,0xC0,0x00,0x09,0xFE,0x10,0x01,0xFF,0x70,0x00,0x03,
  0xFF,0x40,0x03,0xFF,0xFF,0xFF,0xFF,0xFF,0x60,0x04,0xFF,0xED,0xDD,0xDD,0xDD,0x70,0x02,0xFF,0x70,0x00,
  0x00,0x00,0x00,0x00,0xDF,0xC0,0x00,0x04,0xBB,0x30,0x00,0x5F,0xFB,0x43,0x7E,0xFD,0x00,0x00,0x09,0xFF,
  0xFF,0xFF,0xE2,0x00,0x00,0x00,0x4A,0xDE,0xC8,0x10,0x00,0x00,0x00,0x00,0x00,0x00,0x00,0x00,0x00,0x00,
  0x00,0x00,0x00,0x00,0x00,0x00,0x00,0x00,0x00,0x00,0x00,0x00,0x00,0x00,0x00,0x00,0x00,0x00,0x00,0x00,
  0x00,0x00,0x00,0x00,0x00,0x00,0x00,0x00,0x00,0x00,0x00,0x00,0x00,0x00,0x00,0x00,0x00,0x00,0x00,0x00,
  0x00,0x00,0x00,0x00,0x00,0x00,0x00,0x00,0x00,0x00,0x00,0x00,0x00,0x00,0x00,0x00,0x00,0x00,0x00,0x00,
  0x00,0x00,0x00,0x00,0x00,0x00,0x00,0x00,0x00,0x00,0x00,0x00,0x7D,0xFF,0x40,0x00,0x06,0xFF,0xFF,0x40,
  0x00,0x0B,0xFF,0x63,0x10,0x00,0x0C,0xFE,0x00,0x00,0x0C,0xFF,0xFF,0xFF,0x40,0x0C,0xFF,0xFF,0xFF,0x40,
  0x02,0x3C,0xFE,0x33,0x10,0x00,0x0C,0xFE,0x00,0x00,0x00,0x0C,0xFE,0x00,0x00,0x00,0x0C,0xFE,0x00,0x00,
  0x00,0x0C,0xFE,0x00,0x00,0x00,0x0C,0xFE,0x00,0x00,0x00,0x0C,0xFE,0x00,0x00,0x00,0x0C,0xFE,0x00,0x00,
  0x00,0x0C,0xFE,0x00,0x00,0x00,0x0C,0xFE,0x00,0x00,0x00,0x00,0x00,0x00,0x00,0x00,0x00,0x00,0x00,0x00,
  0x00,0x00,0x00,0x00,0x00,0x00,0x00,0x00,0x00,0x00,0x00,0x00,0x00,0x00,0x00,0x00,0x00,0x00,0x00,0x00,
  0x00,0x00,0x00,0x00,0x00,0x00,0x00,0x00,0x00,0x00,0x00,0x00,0x00,0x00,0x00,0x00,0x00,0x00,0x00,0x00,
  0x00,0x00,0x00,0x00,0x00,0x00,0x00,0x00,0x00,0x00,0x00,0x00,0x00,0x00,0x00,0x00,0x00,0x00,0x00,0x00,
  0x00,0x00,0x00,0x00,0x00,0x00,0x00,0x00,0x00,0x00,0x00,0x00,0x00,0x00,0x00,0x00,0x00,0x00,0x00,0x00,
  0x00,0x00,0x00,0x00,0x00,0x00,0x00,0x00,0x00,0x00,0x00,0x00,0x00,0x00,0x00,0x00,0x00,0x00,0x00,0x00,
  0x00,0x00,0x7C,0xEC,0x70,0xFF,0xB0,0x00,0x00,0xBF,0xFF,0xFF,0xAF,0xFB,0x00,0x00,0x6F,0xFD,0x64,0x9F,
  0xFF,0xB0,0x00,0x0E,0xFE,0x10,0x00,0x8F,0xFB,0x00,0x02,0xFF,0x90,0x00,0x01,0xFF,0xB0,0x00,0x4F,0xF7,
  0x00,0x00,0x0E,0xFB,0x00,0x04,0xFF,0x70,0x00,0x00,0xEF,0xB0,0x00,0x2F,0xF9,0x00,0x00,0x1F,0xFB,0x00,
  0x00,0xEF,0xE1,0x00,0x09,0xFF,0xB0,0x00,0x07,0xFF,0xD6,0x59,0xFF,0xFB,0x00,0x00,0x0B,0xFF,0xFF,0xFA,
  0xFF,0xB0,0x00,0x00,0x07,0xCE,0xC8,0x0F,0xFA,0x00,0x00,0x00,0x00,0x00,0x01,0xFF,0x80,0x00,0x08,0xDC,
  0x20,0x00,0x6F,0xF6,0x00,0x00,0x5F,0xFC,0x52,0x6E,0xFE,0x20,0x00,0x00,0xAF,0xFF,0xFF,0xFF,0x50,0x00,
  0x00,0x00,0x5B,0xDF,0xDA,0x30,0x00,0x00,0x00,0x00,0x00,0x00,0x00,0x00,0x00,0x00,0x00,0x00,0x00,0x00,
  0x00,0x00,0x00,0x00,0x00,0x00,0x00,0x00,0x00,0x00,0x00,0x00,0x00,0x00,0x00,0x00,0x00,0x00,0x00,0x00,
  0x00,0x00,0x00,0x00,0x00,0x00,0x00,0x00,0x00,0x00,0x00,0x00,0x00,0x00,0x00,0x00,0x00,0x00,0x00,0x00,
  0x00,0x00,0x00,0x00,0x00,0x00,0x00,0x00,0x00,0xCF,0xE0,0x00,0x00,0x00,0x00,0x00,0x0C,0xFE,0x00,0x00,
  0x00,0x00,0x00,0x00,0xCF,0xE0,0x00,0x00,0x00,0x00,0x00,0x0C,0xFE,0x00,0x00,0x00,0x00,0x00,0x00,0xCF,
  0xE0,0x8C,0xEC,0x50,0x00,0x00,0x0C,0xFE,0xAF,0xFF,0xFF,0x70,0x00,0x00,0xCF,0xFF,0x96,0xAF,0xFE,0x10,
  0x00,0x0C,0xFF,0x60,0x00,0xAF,0xF3,0x00,0x00,0xCF,0xF0,0x00,0x06,0xFF,0x50,0x00,0x0C,0xFE,0x00,0x00,
  0x5F,0xF6,0x00,0x00,0xCF,0xE0,0x00,0x05,0xFF,0x60,0x00,0x0C,0xFE,0x00,0x00,0x5F,0xF6,0x00,0x00,0xCF,
  0xE0,0x00,0x05,0xFF,0x60,0x00,0x0C,0xFE,0x00,0x00,0x5F,0xF6,0x00,0x00,0xCF,0xE0,0x00,0x05,0xFF,0x60,
  0x00,0x0C,0xFE,0x00,0x00,0x5F,0xF6,0x00,0x00,0x00,0x00,0x00,0x00,0x00,0x00,0x00,0x00,0x00,0x00,0x00,
  0x00,0x00,0x00,0x00,0x00,0x00,0x00,0x00,0x00,0x00,0x00,0x00,0x00,0x00,0x00,0x00,0x00,0x00,0x00,0x00,
  0x00,0x00,0x00,0x00,0x00,0x00,0x00,0x00,0x00,0x00,0x00,0x00,0x00,0x00,0x00,0x00,0x00,0x00,0x00,0x00,
  0x00,0x00,0x00,0x00,0x00,0x00,0x00,0x00,0x00,0x00,0x00,0x00,0x00,0x00,0x00,0x00,0x00,0x00,0x00,0x00,
  0x00,0x00,0x00,0x7E,0x80,0x00,0x0E,0xFF,0x10,0x00,0x8F,0xA0,0x00,0x00,0x00,0x00,0x00,0xCF,0xE0,0x00,
  0x0C,0xFE,0x00,0x00,0xCF,0xE0,0x00,0x0C,0xFE,0x00,0x00,0xCF,0xE0,0x00,0x0C,0xFE,0x00,0x00,0xCF,0xE0,
  0x00,0x0C,0xFE,0x00,0x00,0xCF,0xE0,0x00,0x0C,0xFE,0x00,0x00,0xCF,0xE0,0x00,0x0C,0xFE,0x00,0x00,0x00,
  0x00,0x00,0x00,0x00,0x00,0x00,0x00,0x00,0x00,0x00,0x00,0x00,0x00,0x00,0x00,0x00,0x00,0x00,0x00,0x00,
  0x00,0x00,0x00,0x00,0x00,0x00,0x00,0x00,0x00,0x00,0x00,0x00,0x00,0x00,0x00,0x00,0x00,0x00,0x00,0x00,
  0x00,0x00,0x00,0x00,0x00,0x7E,0x80,0x00,0x0E,0xFF,0x10,0x00,0x8F,0xA0,0x00,0x00,0x00,0x00,0x00,0xCF,
  0xE0,0x00,0x0C,0xFE,0x00,0x00,0xCF,0xE0,0x00,0x0C,0xFE,0x00,0x00,0xCF,0xE0,0x00,0x0C,0xFE,0x00,0x00,
  0xCF,0xE0,0x00,0x0C,0xFE,0x00,0x00,0xCF,0xE0,0x00,0x0C,0xFE,0x00,0x00,0xCF,0xE0,0x00,0x0C,0xFE,0x00,
  0x00,0xCF,0xE0,0x00,0x3F,0xFC,0x00,0xBF,0xFF,0x80,0x0B,0xFF,0x90,0x00,0x23,0x10,0x00,0x00,0x00,0x00,
  0x00,0x00,0x00,0x00,0x00,0x00,0x00,0x00,0x00,0x00,0x00,0x00,0x00,0x00,0x00,0x00,0x00,0x00,0x00,0x00,
  0x00,0x00,0x00,0x00,0x00,0x00,0x00,0x00,0x00,0x00,0x00,0x00,0x00,0x00,0x00,0x00,0x00,0x00,0x00,0x00,
  0x00,0x00,0x00,0x00,0x00,0x00,0x00,0x00,0xCF,0xE0,0x00,0x00,0x00,0x00,0x00,0xCF,0xE0,0x00,0x00,0x00,
  0x00,0x00,0xCF,0xE0,0x00,0x00,0x00,0x00,0x00,0xCF,0xE0,0x00,0x00,0x00,0x00,0x00,0xCF,0xE0,0x00,0x3E,
  0xFE,0x30,0x00,0xCF,0xE0,0x02,0xDF,0xF4,0x00,0x00,0xCF,0xE0,0x1D,0xFF,0x60,0x00,0x00,0xCF,0xE1,0xCF,
  0xF7,0x00,0x00,0x00,0xCF,0xEB,0xFF,0x90,0x00,0x00,0x00,0xCF,0xFF,0xFF,0x40,0x00,0x00,0x00,0xCF,0xFF,
  0xFF,0xD1,0x00,0x00,0x00,0xCF,0xF6,0x9F,0xFA,0x00,0x00,0x00,0xCF,0xE0,0x1D,0xFF,0x60,0x00,0x00,0xCF,
  0xE0,0x03,0xFF,0xE2,0x00,0x00,0xCF,0xE0,0x00,0x6F,0xFC,0x00,0x00,0xCF,0xE0,0x00,0x0B,0xFF,0x80,0x00,
  0x00,0x00,0x00,0x00,0x00,0x00,0x00,0x00,0x00,0x00,0x00,0x00,0x00,0x00,0x00,0x00,0x00,0x00,0x00,0x00,
  0x00,0x00,0x00,0x00,0x00,0x00,0x00,0x00,0x00,0x00,0x00,0x00,0x00,0x00,0x00,0x00,0x00,0x00,0x00,0x00,
  0x00,0x00,0x00,0x00,0x00,0x00,0x00,0x00,0x00,0x00,0x00,0x00,0x00,0x00,0x00,0x00,0x00,0x00,0x00,0x00,
  0x00,0x00,0x00,0x00,0x00,0x00,0x00,0x00,0x00,0x00,0xCF,0xE0,0x00,0x0C,0xFE,0x00,0x00,0xCF,0xE0,0x00,
  0x0C,0xFE,0x00,0x00,0xCF,0xE0,0x00,0x0C,0xFE,0x00,0x00,0xCF,0xE0,0x00,0x0C,0xFE,0x00,0x00,0xCF,0xE0,
  0x00,0x0C,0xFE,0x00,0x00,0xCF,0xE0,0x00,0x0C,0xFE,0x00,0x00,0xCF,0xE0,0x00,0x0C,0xFE,0x00,0x00,0xCF,
  0xE0,0x00,0x0C,0xFE,0x00,0x00,0x00,0x00,0x00,0x00,0x00,0x00,0x00,0x00,0x00,0x00,0x00,0x00,0x00,0x00,
  0x00,0x00,0x00,0x00,0x00,0x00,0x00,0x00,0x00,0x00,0x00,0x00,0x00,0x00,0x00,0x00,0x00,0x00,0x00,0x00,
  0x00,0x00,0x00,0x00,0x00,0x00,0x00,0x00,0x00,0x00,0x00,0x00,0x00,0x00,0x00,0x00,0x00,0x00,0x00,0x00,
  0x00,0x00,0x00,0x00,0x00,0x00,0x00,0x00,0x00,0x00,0x00,0x00,0x00,0x00,0x00,0x00,0x00,0x00,0x00,0x00,
  0x00,0x00,0x00,0x00,0x00,0x00,0x00,0x00,0x00,0x00,0x00,0x00,0x00,0x00,0x00,0x00,0x00,0x00,0x00,0x00,
  0x00,0x00,0x00,0x00,0x00,0x00,0x00,0x00,0x00,0x00,0x00,0x00,0x00,0x00,0x00,0x00,0x00,0x00,0x00,0x00,
  0x00,0x00,0x00,0x00,0x00,0x00,0x00,0x00,0x00,0x00,0x00,0x00,0x00,0x00,0x00,0x00,0xCF,0xC0,0x8D,0xEB,
  0x30,0x2A,0xEE,0xB3,0x00,0x00,0x0C,0xFC,0xBF,0xFF,0xFE,0x4E,0xFF,0xFF,0xE2,0x00,0x00,0xCF,0xFE,0x76,
  0xCF,0xFF,0xD7,0x6C,0xFF,0x90,0x00,0x0C,0xFF,0x40,0x01,0xEF,0xF3,0x00,0x1F,0xFC,0x00,0x00,0xCF,0xF0,
  0x00,0x0C,0xFE,0x00,0x00,0xDF,0xE0,0x00,0x0C,0xFE,0x00,0x00,0xBF,0xD0,0x00,0x0C,0xFE,0x00,0x00,0xCF,
  0xE0,0x00,0x0B,0xFD,0x00,0x00,0xCF,0xE0,0x00,0x0C,0xFE,0x00,0x00,0xBF,0xD0,0x00,0x0C,0xFE,0x00,0x00,
  0xCF,0xE0,0x00,0x0B,0xFD,0x00,0x00,0xCF,0xE0,0x00,0x0C,0xFE,0x00,0x00,0xBF,0xD0,0x00,0x0C,0xFE,0x00,
  0x00,0xCF,0xE0,0x00,0x0B,0xFD,0x00,0x00,0xCF,0xE0,0x00,0x0C,0xFE,0x00,0x00,0xBF,0xD0,0x00,0x0C,0xFE,
  0x00,0x00,0x00,0x00,0x00,0x00,0x00,0x00,0x00,0x00,0x00,0x00,0x00,0x00,0x00,0x00,0x00,0x00,0x00,0x00,
  0x00,0x00,0x00,0x00,0x00,0x00,0x00,0x00,0x00,0x00,0x00,0x00,0x00,0x00,0x00,0x00,0x00,0x00,0x00,0x00,
  0x00,0x00,0x00,0x00,0x00,0x00,0x00,0x00,0x00,0x00,0x00,0x00,0x00,0x00,0x00,0x00,0x00,0x00,0x00,0x00,
  0x00,0x00,0x00,0x00,0x00,0x00,0x00,0x00,0x00,0x00,0x00,0x00,0x00,0x00,0x00,0x00,0x00,0x00,0x00,0x00,
  0x00,0x00,0x00,0x00,0x00,0x00,0x00,0x00,0x00,0x00,0x00,0x00,0x00,0x00,0x00,0x00,0x00,0x00,0x00,0x00,
  0x00,0x00,0x00,0x00,0x00,0x00,0x00,0x00,0x00,0x00,0x00,0x00,0x00,0x00,0x00,0x00,0x00,0x00,0x00,0x00,
  0x00,0x00,0x00,0x00,0x00,0x00,0x00,0x00,0x00,0x00,0x00,0x00,0x00,0x00,0x00,0x00,0x00,0x00,0x00,0x00,
  0x00,0x00,0x00,0x00,0x00,0x00,0x00,0x00,0x00,0x00,0x00,0xCF,0xD0,0x8D,0xEC,0x50,0x00,0x00,0x0C,0xFD,
  0xAF,0xFF,0xFF,0x70,0x00,0x00,0xCF,0xFF,0x96,0xAF,0xFE,0x10,0x00,0x0C,0xFF,0x60,0x00,0xAF,0xF3,0x00,
  0x00,0xCF,0xF0,0x00,0x06,0xFF,0x50,0x00,0x0C,0xFE,0x00,0x00,0x5F,0xF6,0x00,0x00,0xCF,0xE0,0x00,0x05,
  0xFF,0x60,0x00,0x0C,0xFE,0x00,0x00,0x5F,0xF6,0x00,0x00,0xCF,0xE0,0x00,0x05,0xFF,0x60,0x00,0x0C,0xFE,
  0x00,0x00,0x5F,0xF6,0x00,0x00,0xCF,0xE0,0x00,0x05,0xFF,0x60,0x00,0x0C,0xFE,0x00,0x00,0x5F,0xF6,0x00,
  0x00,0x00,0x00,0x00,0x00,0x00,0x00,0x00,0x00,0x00,0x00,0x00,0x00,0x00,0x00,0x00,0x00,0x00,0x00,0x00,
  0x00,0x00,0x00,0x00,0x00,0x00,0x00,0x00,0x00,0x00,0x00,0x00,0x00,0x00,0x00,0x00,0x00,0x00,0x00,0x00,
  0x00,0x00,0x00,0x00,0x00,0x00,0x00,0x00,0x00,0x00,0x00,0x00,0x00,0x00,0x00,0x00,0x00,0x00,0x00,0x00,
  0x00,0x00,0x00,0x00,0x00,0x00,0x00,0x00,0x00,0x00,0x00,0x00,0x00,0x00,0x00,0x00,0x00,0x00,0x00,0x00,
  0x00,0x00,0x00,0x00,0x00,0x00,0x00,0x00,0x00,0x00,0x00,0x00,0x00,0x00,0x00,0x00,0x00,0x00,0x00,0x00,
  0x00,0x00,0x00,0x00,0x00,0x00,0x00,0x00,0x00,0x00,0x00,0x00,0x00,0x00,0x00,0x00,0x00,0x00,0x00,0x00,
  0x00,0x00,0x00,0x00,0x00,0x00,0x00,0x00,0x00,0x00,0x4A,0xDE,0xB8,0x10,0x00,0x00,0x00,0x8F,0xFF,0xFF,
  0xFD,0x30,0x00,0x00,0x4F,0xFE,0x75,0xAF,0xFC,0x00,0x00,0x0D,0xFF,0x20,0x00,0x9F,0xF6,0x00,0x01,0xFF,
  0xA0,0x00,0x02,0xFF,0x90,0x00,0x4F,0xF7,0x00,0x00,0x0E,0xFC,0x00,0x04,0xFF,0x70,0x00,0x00,0xEF,0xC0,
  0x00,0x1F,0xF9,0x00,0x00,0x2F,0xF9,0x00,0x00,0xDF,0xE2,0x00,0x09,0xFF,0x60,0x00,0x05,0xFF,0xD6,0x59,
  0xFF,0xC0,0x00,0x00,0x08,0xFF,0xFF,0xFF,0xD3,0x00,0x00,0x00,0x04,0xAD,0xEC,0x81,0x00,0x00,0x00,0x00,
  0x00,0x00,0x00,0x00,0x00,0x00,0x00,0x00,0x00,0x00,0x00,0x00,0x00,0x00,0x00,0x00,0x00,0x00,0x00,0x00,
  0x00,0x00,0x00,0x00,0x00,0x00,0x00,0x00,0x00,0x00,0x00,0x00,0x00,0x00,0x00,0x00,0x00,0x00,0x00,0x00,
  0x00,0x00,0x00,0x00,0x00,0x00,0x00,0x00,0x00,0x00,0x00,0x00,0x00,0x00,0x00,0x00,0x00,0x00,0x00,0x00,
  0x00,0x00,0x00,0x00,0x00,0x00,0x00,0x00,0x00,0x00,0x00,0x00,0x00,0x00,0x00,0x00,0x00,0x00,0x00,0x00,
  0x00,0x00,0x00,0x00,0x00,0x00,0x00,0x00,0x00,0x00,0x00,0x00,0x00,0x00,0x00,0x00,0x00,0x00,0x00,0x00,
  0x00,0x00,0x00,0x00,0x00,0x00,0x00,0x00,0x00,0x00,0x00,0x00,0x00,0x00,0x00,0x00,0x00,0x00,0x00,0x00,
  0x00,0x00,0x00,0x00,0x00,0x00,0x00,0xCF,0xD0,0x8C,0xEB,0x60,0x00,0x00,0x0C,0xFD,0xBF,0xFF,0xFF,0x90,
  0x00,0x00,0xCF,0xFF,0x95,0x7E,0xFF,0x50,0x00,0x0C,0xFF,0x70,0x00,0x3F,0xFC,0x00,0x00,0xCF,0xE1,0x00,
  0x00,0xBF,0xF0,0x00,0x0C,0xFC,0x00,0x00,0x09,0xFF,0x20,0x00,0xCF,0xC0,0x00,0x00,0x9F,0xF2,0x00,0x0C,
  0xFE,0x00,0x00,0x0B,0xFF,0x00,0x00,0xCF,0xF7,0x00,0x03,0xFF,0xC0,0x00,0x0C,0xFF,0xF9,0x57,0xEF,0xF5,
  0x00,0x00,0xCF,0xEA,0xFF,0xFF,0xFA,0x00,0x00,0x0C,0xFE,0x08,0xCE,0xB6,0x00,0x00,0x00,0xCF,0xE0,0x00,
  0x00,0x00,0x00,0x00,0x0C,0xFE,0x00,0x00,0x00,0x00,0x00,0x00,0xCF,0xE0,0x00,0x00,0x00,0x00,0x00,0x0C,
  0xFE,0x00,0x00,0x00,0x00,0x00,0x00,0x34,0x40,0x00,0x00,0x00,0x00,0x00,0x00,0x00,0x00,0x00,0x00,0x00,
  0x00,0x00,0x00,0x00,0x00,0x00,0x00,0x00,0x00,0x00,0x00,0x00,0x00,0x00,0x00,0x00,0x00,0x00,0x00,0x00,
  0x00,0x00,0x00,0x00,0x00,0x00,0x00,0x00,0x00,0x00,0x00,0x00,0x00,0x00,0x00,0x00,0x00,0x00,0x00,0x00,
  0x00,0x00,0x00,0x00,0x00,0x00,0x00,0x00,0x00,0x00,0x00,0x00,0x00,0x00,0x00,0x00,0x00,0x00,0x00,0x00,
  0x00,0x00,0x00,0x00,0x00,0x00,0x00,0x00,0x00,0x00,0x00,0x00,0x00,0x00,0x00,0x00,0x00,0x00,0x00,0x00,
  0x00,0x00,0x00,0x00,0x00,0x00,0x7C,0xEC,0x80,0xFF,0xB0,0x00,0x00,0xBF,0xFF,0xFF,0xBF,0xFB,0x00,0x00,
  0x6F,0xFD,0x65,0xAF,0xFF,0xB0,0x00,0x0E,0xFE,0x20,0x00,0x9F,0xFB,0x00,0x02,0xFF,0x90,0x00,0x02,0xFF,
  0xB0,0x00,0x4F,0xF7,0x00,0x00,0x0E,0xFB,0x00,0x04,0xFF,0x70,0x00,0x00,0xEF,0xB0,0x00,0x2F,0xF9,0x00,
  0x00,0x2F,0xFB,0x00,0x00,0xEF,0xE2,0x00,0x09,0xFF,0xB0,0x00,0x07,0xFF,0xD6,0x5A,0xFF,0xFB,0x00,0x00,
  0x0B,0xFF,0xFF,0xF8,0xFF,0xB0,0x00,0x00,0x07,0xCE,0xC7,0x0F,0xFB,0x00,0x00,0x00,0x00,0x00,0x00,0xFF,
  0xB0,0x00,0x00,0x00,0x00,0x00,0x0F,0xFB,0x00,0x00,0x00,0x00,0x00,0x00,0xFF,0xB0,0x00,0x00,0x00,0x00,
  0x00,0x0F,0xFB,0x00,0x00,0x00,0x00,0x00,0x00,0x44,0x30,0x00,0x00,0x00,0x00,0x00,0x00,0x00,0x00,0x00,
  0x00,0x00,0x00,0x00,0x00,0x00,0x00,0x00,0x00,0x00,0x00,0x00,0x00,0x00,0x00,0x00,0x00,0x00,0x00,0x00,
  0x00,0x00,0x00,0x00,0x00,0x00,0x00,0x00,0x00,0x00,0x00,0x00,0x00,0x00,0x00,0x00,0x00,0x00,0x00,0x00,
  0x00,0x00,0x00,0x00,0x00,0x00,0x00,0x00,0x00,0x00,0x00,0x00,0x00,0x00,0x00,0x00,0x00,0x00,0xCF,0xC3,
  0xCF,0x70,0x00,0xCF,0xCC,0xFF,0x70,0x00,0xCF,0xFE,0x86,0x30,0x00,0xCF,0xF5,0x00,0x00,0x00,0xCF,0xF0,
  0x00,0x00,0x00,0xCF,0xE0,0x00,0x00,0x00,0xCF,0xE0,0x00,0x00,0x00,0xCF,0xE0,0x00,0x00,0x00,0xCF,0xE0,
  0x00,0x00,0x00,0xCF,0xE0,0x00,0x00,0x00,0xCF,0xE0,0x00,0x00,0x00,0xCF,0xE0,0x00,0x00,0x00,0x00,0x00,
  0x00,0x00,0x00,0x00,0x00,0x00,0x00,0x00,0x00,0x00,0x00,0x00,0x00,0x00,0x00,0x00,0x00,0x00,0x00,0x00,
  0x00,0x00,0x00,0x00,0x00,0x00,0x00,0x00,0x00,0x00,0x00,0x00,0x00,0x00,0x00,0x00,0x00,0x00,0x00,0x00,
  0x00,0x00,0x00,0x00,0x00,0x00,0x00,0x00,0x00,0x00,0x00,0x00,0x00,0x00,0x00,0x00,0x00,0x00,0x00,0x00,
  0x00,0x00,0x00,0x00,0x00,0x00,0x00,0x00,0x00,0x00,0x00,0x00,0x00,0x00,0x00,0x00,0x00,0x00,0x00,0x00,
  0x00,0x00,0x00,0x00,0x00,0x00,0x00,0x00,0x00,0x00,0x00,0x00,0x00,0x00,0x00,0x00,0x00,0x00,0x03,0xAD,
  0xED,0xA2,0x00,0x00,0x04,0xFF,0xFF,0xFF,0xF4,0x00,0x00,0xDF,0xE5,0x14,0xEF,0xD0,0x00,0x0F,0xFB,0x00,
  0x06,0xCC,0x10,0x00,0xDF,0xF7,0x20,0x00,0x00,0x00,0x05,0xFF,0xFF,0xEA,0x50,0x00,0x00,0x03,0xAE,0xFF,
  0xFF,0xB0,0x00,0x00,0x00,0x02,0x6E,0xFF,0x40,0x03,0xBB,0x60,0x00,0x6F,0xF6,0x00,0x0E,0xFE,0x51,0x3B,
  0xFF,0x30,0x00,0x5F,0xFF,0xFF,0xFF,0x90,0x00,0x00,0x3A,0xDF,0xEB,0x50,0x00,0x00,0x00,0x00,0x00,0x00,
  0x00,0x00,0x00,0x00,0x00,0x00,0x00,0x00,0x00,0x00,0x00,0x00,0x00,0x00,0x00,0x00,0x00,0x00,0x00,0x00,
  0x00,0x00,0x00,0x00,0x00,0x00,0x00,0x00,0x00,0x00,0x00,0x00,0x00,0x00,0x00,0x00,0x00,0x00,0x00,0x00,
  0x00,0x00,0x00,0x00,0x00,0x00,0x00,0x00,0x00,0x00,0x00,0x00,0x00,0x00,0x00,0x00,0x00,0x00,0x00,0x00,
  0x00,0x00,0x00,0x00,0x00,0x00,0x00,0x00,0x00,0x00,0x00,0x00,0x01,0x11,0x00,0x00,0x00,0x0D,0xFD,0x00,
  0x00,0x00,0x0D,0xFD,0x00,0x00,0x00,0x0D,0xFD,0x00,0x00,0x0C,0xFF,0xFF,0xFF,0x30,0x0C,0xFF,0xFF,0xFF,
  0x30,0x02,0x3D,0xFD,0x33,0x00,0x00,0x0D,0xFD,0x00,0x00,0x00,0x0D,0xFD,0x00,0x00,0x00,0x0D,0xFD,0x00,
  0x00,0x00,0x0D,0xFD,0x00,0x00,0x00,0x0D,0xFD,0x00,0x00,0x00,0x0D,0xFD,0x00,0x00,0x00,0x0C,0xFF,0x53,
  0x00,0x00,0x08,0xFF,0xFF,0x30,0x00,0x01,0x8D,0xFF,0x30,0x00,0x00,0x00,0x00,0x00,0x00,0x00,0x00,0x00,
  0x00,0x00,0x00,0x00,0x00,0x00,0x00,0x00,0x00,0x00,0x00,0x00,0x00,0x00,0x00,0x00,0x00,0x00,0x00,0x00,
  0x00,0x00,0x00,0x00,0x00,0x00,0x00,0x00,0x00,0x00,0x00,0x00,0x00,0x00,0x00,0x00,0x00,0x00,0x00,0x00,
  0x00,0x00,0x00,0x00,0x00,0x00,0x00,0x00,0x00,0x00,0x00,0x00,0x00,0x00,0x00,0x00,0x00,0x00,0x00,0x00,
  0x00,0x00,0x00,0x00,0x00,0x00,0x00,0x00,0x00,0x00,0x00,0x00,0x00,0x00,0x00,0x00,0x00,0x00,0x00,0x00,
  0x00,0x00,0x00,0x00,0x00,0x00,0x00,0x00,0x00,0x00,0x00,0x00,0x00,0x00,0x00,0x00,0x00,0x00,0x00,0x00,
  0x00,0x00,0xCF,0xE0,0x00,0x05,0xFF,0x60,0x00,0x0C,0xFE,0x00,0x00,0x5F,0xF6,0x00,0x00,0xCF,0xE0,0x00,
  0x05,0xFF,0x60,0x00,0x0C,0xFE,0x00,0x00,0x5F,0xF6,0x00,0x00,0xCF,0xE0,0x00,0x05,0xFF,0x60,0x00,0x0C,
  0xFE,0x00,0x00,0x5F,0xF6,0x00,0x00,0xCF,0xE0,0x00,0x05,0xFF,0x60,0x00,0x0C,0xFF,0x00,0x00,0x6F,0xF6,
  0x00,0x00,0xAF,0xF4,0x00,0x0B,0xFF,0x60,0x00,0x06,0xFF,0xE7,0x6B,0xFF,0xF6,0x00,0x00,0x0D,0xFF,0xFF,
  0xF9,0xFF,0x60,0x00,0x00,0x19,0xDE,0xA4,0x4F,0xF6,0x00,0x00,0x00,0x00,0x00,0x00,0x00,0x00,0x00,0x00,
  0x00,0x00,0x00,0x00,0x00,0x00,0x00,0x00,0x00,0x00,0x00,0x00,0x00,0x00,0x00,0x00,0x00,0x00,0x00,0x00,
  0x00,0x00,0x00,0x00,0x00,0x00,0x00,0x00,0x00,0x00,0x00,0x00,0x00,0x00,0x00,0x00,0x00,0x00,0x00,0x00,
  0x00,0x00,0x00,0x00,0x00,0x00,0x00,0x00,0x00,0x00,0x00,0x00,0x00,0x00,0x00,0x00,0x00,0x00,0x00,0x00,
  0x00,0x00,0x00,0x00,0x00,0x00,0x00,0x00,0x00,0x00,0x00,0x00,0x00,0x00,0x00,0x00,0x00,0x00,0x00,0x00,
  0x00,0x00,0x00,0x00,0x00,0x00,0x00,0x00,0x00,0x00,0x00,0x00,0x00,0x00,0x00,0x00,0x00,0x00,0x00,0x00,
  0x00,0x00,0x00,0x00,0x00,0x00,0x00,0x00,0x00,0x00,0x00,0x00,0x00,0x00,0x0A,0xFF,0x30,0x00,0x05,0xFF,
  0x80,0x04,0xFF,0x80,0x00,0x0A,0xFF,0x20,0x00,0xEF,0xD0,0x00,0x0E,0xFC,0x00,0x00,0x9F,0xF3,0x00,0x5F,
  0xF7,0x00,0x00,0x3F,0xF8,0x00,0x9F,0xF1,0x00,0x00,0x0D,0xFD,0x00,0xEF,0xB0,0x00,0x00,0x08,0xFF,0x34,
  0xFF,0x60,0x00,0x00,0x02,0xFF,0x79,0xFF,0x10,0x00,0x00,0x00,0xCF,0xCD,0xFA,0x00,0x00,0x00,0x00,0x7F,
  0xFF,0xF5,0x00,0x00,0x00,0x00,0x1F,0xFF,0xE0,0x00,0x00,0x00,0x00,0x0B,0xFF,0x90,0x00,0x00,0x00,0x00,
  0x00,0x00,0x00,0x00,0x00,0x00,0x00,0x00,0x00,0x00,0x00,0x00,0x00,0x00,0x00,0x00,0x00,0x00,0x00,0x00,
  0x00,0x00,0x00,0x00,0x00,0x00,0x00,0x00,0x00,0x00,0x00,0x00,0x00,0x00,0x00,0x00,0x00,0x00,0x00,0x00,
  0x00,0x00,0x00,0x00,0x00,0x00,0x00,0x00,0x00,0x00,0x00,0x00,0x00,0x00,0x00,0x00,0x00,0x00,0x00,0x00,
  0x00,0x00,0x00,0x00,0x00,0x00,0x00,0x00,0x00,0x00,0x00,0x00,0x00,0x00,0x00,0x00,0x00,0x00,0x00,0x00,
  0x00,0x00,0x00,0x00,0x00,0x00,0x00,0x00,0x00,0x00,0x00,0x00,0x00,0x00,0x00,0x00,0x00,0x00,0x00,0x00,
  0x00,0x00,0x00,0x00,0x00,0x00,0x00,0x00,0x00,0x00,0x00,0x00,0x00,0x00,0x00,0x00,0x00,0x00,0x00,0x00,
  0x00,0x00,0x00,0x00,0x00,0x00,0x00,0x00,0x00,0x00,0x00,0x00,0x00,0x00,0x00,0x00,0x00,0x00,0x00,0x00,
  0x00,0x00,0x00,0x00,0x00,0x00,0x00,0x0A,0xFF,0x20,0x00,0xAF,0xF2,0x00,0x0A,0xFF,0x20,0x06,0xFF,0x60,
  0x00,0xDF,0xF6,0x00,0x0E,0xFD,0x00,0x01,0xFF,0xA0,0x02,0xFF,0xFA,0x00,0x3F,0xF9,0x00,0x00,0xCF,0xE0,
  0x06,0xFE,0xFE,0x00,0x7F,0xF4,0x00,0x00,0x8F,0xF3,0x0A,0xF8,0xFF,0x30,0xBF,0xE1,0x00,0x00,0x3F,0xF6,
  0x0E,0xF4,0xBF,0x60,0xEF,0xB0,0x00,0x00,0x0E,0xFA,0x3F,0xF0,0x8F,0xA3,0xFF,0x60,0x00,0x00,0x09,0xFD,
  0x6F,0xB0,0x4F,0xE6,0xFF,0x20,0x00,0x00,0x05,0xFF,0xBF,0x70,0x0E,0xFC,0xFC,0x00,0x00,0x00,0x01,0xFF,
  0xFF,0x30,0x0A,0xFF,0xF8,0x00,0x00,0x00,0x00,0xBF,0xFE,0x00,0x06,0xFF,0xF4,0x00,0x00,0x00,0x00,0x7F,
  0xF9,0x00,0x02,0xFF,0xE0,0x00,0x00,0x00,0x00,0x00,0x00,0x00,0x00,0x00,0x00,0x00,0x00,0x00,0x00,0x00,
  0x00,0x00,0x00,0x00,0x00,0x00,0x00,0x00,0x00,0x00,0x00,0x00,0x00,0x00,0x00,0x00,0x00,0x00,0x00,0x00,
  0x00,0x00,0x00,0x00,0x00,0x00,0x00,0x00,0x00,0x00,0x00,0x00,0x00,0x00,0x00,0x00,0x00,0x00,0x00,0x00,
  0x00,0x00,0x00,0x00,0x00,0x00,0x00,0x00,0x00,0x00,0x00,0x00,0x00,0x00,0x00,0x00,0x00,0x00,0x00,0x00,
  0x00,0x00,0x00,0x00,0x00,0x00,0x00,0x00,0x00,0x00,0x00,0x00,0x00,0x00,0x00,0x00,0x00,0x00,0x00,0x00,
  0x00,0x00,0x00,0x00,0x00,0x00,0x00,0x00,0x00,0x00,0x00,0x00,0x00,0x00,0x00,0x00,0x00,0x00,0x00,0x00,
  0x00,0x00,0x00,0x00,0x00,0x00,0x00,0x00,0x00,0x00,0x00,0x00,0x00,0x00,0x00,0x00,0x00,0x00,0x00,0x00,
  0x00,0x00,0x00,0x00,0x00,0x00,0x00,0x03,0xFF,0xC0,0x00,0x2E,0xFD,0x00,0x00,0x9F,0xF6,0x00,0xBF,0xF3,
  0x00,0x00,0x1D,0xFE,0x15,0xFF,0x80,0x00,0x00,0x04,0xFF,0x9D,0xFD,0x00,0x00,0x00,0x00,0x9F,0xFF,0xF3,
  0x00,0x00,0x00,0x00,0x1E,0xFF,0x80,0x00,0x00,0x00,0x00,0x2E,0xFF,0xB0,0x00,0x00,0x00,0x00,0xCF,0xFF,
  0xF6,0x00,0x00,0x00,0x07,0xFF,0x6C,0xFE,0x20,0x00,0x00,0x2F,0xFC,0x03,0xFF,0xB0,0x00,0x00,0xCF,0xF3,
  0x00,0x9F,0xF6,0x00,0x07,0xFF,0x80,0x00,0x1E,0xFE,0x20,0x00,0x00,0x00,0x00,0x00,0x00,0x00,0x00,0x00,
  0x00,0x00,0x00,0x00,0x00,0x00,0x00,0x00,0x00,0x00,0x00,0x00,0x00,0x00,0x00,0x00,0x00,0x00,0x00,0x00,
  0x00,0x00,0x00,0x00,0x00,0x00,0x00,0x00,0x00,0x00,0x00,0x00,0x00,0x00,0x00,0x00,0x00,0x00,0x00,0x00,
  0x00,0x00,0x00,0x00,0x00,0x00,0x00,0x00,0x00,0x00,0x00,0x00,0x00,0x00,0x00,0x00,0x00,0x00,0x00,0x00,
  0x00,0x00,0x00,0x00,0x00,0x00,0x00,0x00,0x00,0x00,0x00,0x00,0x00,0x00,0x00,0x00,0x00,0x00,0x00,0x00,
  0x00,0x00,0x00,0x00,0x00,0x00,0x00,0x00,0x00,0x00,0x00,0x00,0x00,0x00,0x00,0x00,0x00,0x00,0x00,0x00,
  0x00,0x00,0x00,0x00,0x00,0x00,0x00,0x00,0x00,0x00,0x09,0xFF,0x30,0x00,0x05,0xFF,0x70,0x04,0xFF,0x80,
  0x00,0x0A,0xFF,0x20,0x00,0xDF,0xD0,0x00,0x1E,0xFB,0x00,0x00,0x7F,0xF4,0x00,0x5F,0xF6,0x00,0x00,0x2F,
  0xF9,0x00,0xAF,0xE1,0x00,0x00,0x0B,0xFE,0x01,0xFF,0x90,0x00,0x00,0x05,0xFF,0x46,0xFF,0x40,0x00,0x00,
  0x01,0xEF,0x9A,0xFD,0x00,0x00,0x00,0x00,0x9F,0xEE,0xF8,0x00,0x00,0x00,0x00,0x3F,0xFF,0xF2,0x00,0x00,
  0x00,0x00,0x0D,0xFF,0xB0,0x00,0x00,0x00,0x00,0x08,0xFF,0x60,0x00,0x00,0x00,0x00,0x0C,0xFE,0x10,0x00,
  0x00,0x00,0x00,0x6F,0xF9,0x00,0x00,0x00,0x00,0x9F,0xFF,0xF2,0x00,0x00,0x00,0x00,0x9F,0xFE,0x50,0x00,
  0x00,0x00,0x00,0x23,0x20,0x00,0x00,0x00,0x00,0x00,0x00,0x00,0x00,0x00,0x00,0x00,0x00,0x00,0x00,0x00,
  0x00,0x00,0x00,0x00,0x00,0x00,0x00,0x00,0x00,0x00,0x00,0x00,0x00,0x00,0x00,0x00,0x00,0x00,0x00,0x00,
  0x00,0x00,0x00,0x00,0x00,0x00,0x00,0x00,0x00,0x00,0x00,0x00,0x00,0x00,0x00,0x00,0x00,0x00,0x00,0x00,
  0x00,0x00,0x00,0x00,0x00,0x00,0x00,0x00,0x00,0x00,0x00,0x00,0x00,0x00,0x00,0x00,0x00,0x00,0x00,0x00,
  0x00,0x00,0x00,0x00,0x00,0x00,0x00,0x00,0x00,0xFF,0xFF,0xFF,0xFF,0xF1,0x00,0x0F,0xFF,0xFF,0xFF,0xFF,
  0x10,0x00,0x33,0x33,0x39,0xFF,0xB0,0x00,0x00,0x00,0x02,0xEF,0xD1,0x00,0x00,0x00,0x00,0xCF,0xF4,0x00,
  0x00,0x00,0x00,0x8F,0xF7,0x00,0x00,0x00,0x00,0x5F,0xFB,0x00,0x00,0x00,0x00,0x2E,0xFE,0x20,0x00,0x00,
  0x00,0x0C,0xFF,0x40,0x00,0x00,0x00,0x08,0xFF,0xB3,0x33,0x33,0x00,0x00,0xFF,0xFF,0xFF,0xFF,0xF2,0x00,
  0x0F,0xFF,0xFF,0xFF,0xFF,0x20,0x00,0x00,0x00,0x00,0x00,0x00,0x00,0x00,0x00,0x00,0x00,0x00,0x00,0x00,
  0x00,0x00,0x00,0x00,0x00,0x00,0x00,0x00,0x00,0x00,0x00,0x00,0x00,0x00,0x00,0x00,0x00,0x00,0x00,0x00,
  0x00,0x00,0x00,0x00,0x00,0x00,0x00,0x00,0x00,0x00,0x00,0x00,0x00,0x00,0x00,0x00,0x00,0x00,0x00,0x00,
  0x00,0x00,0x00,0x00,0x00,0x00,0x00,0x00,0x00,0x00,0x00,0x00,0x00,0x00,0x00,0x00,0x00,0x00,0x00,0x00,
  0x00,0x00,0x06,0xCE,0x70,0x00,0x00,0x08,0xFF,0xF7,0x00,0x00,0x02,0xFF,0xD5,0x10,0x00,0x00,0x4F,0xF6,
  0x00,0x00,0x00,0x06,0xFF,0x40,0x00,0x00,0x00,0x6F,0xF4,0x00,0x00,0x00,0x06,0xFF,0x40,0x00,0x00,0x00,
  0x8F,0xF3,0x00,0x00,0x00,0x4E,0xFF,0x10,0x00,0x00,0xBF,0xFF,0x60,0x00,0x00,0x0B,0xFF,0x91,0x00,0x00,
  0x00,0x7C,0xFF,0xB0,0x00,0x00,0x00,0x0A,0xFF,0x30,0x00,0x00,0x00,0x6F,0xF4,0x00,0x00,0x00,0x06,0xFF,
  0x40,0x00,0x00,0x00,0x6F,0xF4,0x00,0x00,0x00,0x04,0xFF,0x50,0x00,0x00,0x00,0x2F,0xFC,0x20,0x00,0x00,
  0x00,0xBF,0xFF,0x70,0x00,0x00,0x01,0x9E,0xF7,0x00,0x00,0x00,0x00,0x01,0x10,0x00,0x00,0x00,0x00,0x00,
  0x00,0x00,0x00,0x00,0x00,0x00,0x00,0x00,0x00,0x00,0x00,0x00,0x00,0x03,0x54,0x00,0x00,0x00,0xAF,0xD0,
  0x00,0x00,0x0A,0xFD,0x00,0x00,0x00,0xAF,0xD0,0x00,0x00,0x0A,0xFD,0x00,0x00,0x00,0xAF,0xD0,0x00,0x00,
  0x0A,0xFD,0x00,0x00,0x00,0xAF,0xD0,0x00,0x00,0x0A,0xFD,0x00,0x00,0x00,0xAF,0xD0,0x00,0x00,0x0A,0xFD,
  0x00,0x00,0x00,0xAF,0xD0,0x00,0x00,0x0A,0xFD,0x00,0x00,0x00,0xAF,0xD0,0x00,0x00,0x0A,0xFD,0x00,0x00,
  0x00,0xAF,0xD0,0x00,0x00,0x0A,0xFD,0x00,0x00,0x00,0xAF,0xD0,0x00,0x00,0x0A,0xFD,0x00,0x00,0x00,0xAF,
  0xD0,0x00,0x00,0x0A,0xFD,0x00,0x00,0x00,0xAF,0xD0,0x00,0x00,0x0A,0xFD,0x00,0x00,0x00,0xAF,0xD0,0x00,
  0x00,0x0A,0xFD,0x00,0x00,0x00,0xAF,0xD0,0x00,0x00,0x0A,0xFD,0x00,0x00,0x00,0x00,0x00,0x00,0x00,0x00,
  0x00,0x00,0x00,0x00,0x00,0x00,0x00,0x00,0x00,0x00,0x00,0x00,0x00,0x00,0x00,0x00,0x00,0x00,0x00,0x00,
  0x00,0x00,0x00,0x00,0x00,0x00,0x00,0x00,0x00,0x00,0x00,0x3E,0xD8,0x10,0x00,0x00,0x03,0xFF,0xFC,0x00,
  0x00,0x00,0x14,0xBF,0xF5,0x00,0x00,0x00,0x02,0xFF,0x80,0x00,0x00,0x00,0x0F,0xF9,0x00,0x00,0x00,0x00,
  0xFF,0xA0,0x00,0x00,0x00,0x0F,0xFA,0x00,0x00,0x00,0x00,0xFF,0xB0,0x00,0x00,0x00,0x0C,0xFF,0x61,0x00,
  0x00,0x00,0x3E,0xFF,0xF0,0x00,0x00,0x00,0x6F,0xFF,0x00,0x00,0x00,0x8F,0xFD,0x90,0x00,0x00,0x0E,0xFD,
  0x10,0x00,0x00,0x00,0xFF,0xA0,0x00,0x00,0x00,0x0F,0xFA,0x00,0x00,0x00,0x00,0xFF,0xA0,0x00,0x00,0x00,
  0x1F,0xF8,0x00,0x00,0x00,0x19,0xFF,0x60,0x00,0x00,0x3F,0xFF,0xD1,0x00,0x00,0x03,0xFF,0xA3,0x00,0x00,
  0x00,0x01,0x00,0x00,0x00,0x00,0x00,0x00,0x00,0x00,0x00,0x00,0x00,0x00,0x00,0x00,0x00,0x00,0x00,0x00,
  0x00,0x00,0x00,0x00,0x00,0x00,0x00,0x00,0x00,0x00,0x00,0x00,0x00,0x00,0x00,0x00,0x00,0x00,0x00,0x00,
  0x00,0x00,0x00,0x00,0x00,0x00,0x00,0x00,0x00,0x00,0x00,0x00,0x00,0x00,0x00,0x00,0x00,0x00,0x00,0x00,
  0x00,0x00,0x00,0x00,0x00,0x00,0x00,0x00,0x00,0x00,0x00,0x00,0x00,0x00,0x00,0x00,0x00,0x00,0x00,0x00,
  0x00,0x00,0x00,0x00,0x00,0x00,0x00,0x00,0x00,0x00,0x00,0x00,0x00,0x00,0x00,0x00,0x00,0x00,0x00,0x00,
  0x00,0x00,0x00,0x00,0x00,0x00,0x00,0x00,0x00,0x00,0x00,0x00,0x00,0x00,0x00,0x00,0x00,0x00,0x00,0x00,
  0x00,0x00,0x00,0x00,0x00,0x00,0x00,0x00,0x02,0xBE,0xC5,0x00,0x01,0x32,0x00,0x00,0x0D,0xFF,0xFF,0x60,
  0x09,0xFA,0x00,0x00,0x5F,0xF8,0x8F,0xF9,0x7E,0xF8,0x00,0x00,0x7F,0xB0,0x04,0xEF,0xFF,0xF2,0x00,0x00,
  0x23,0x20,0x00,0x3B,0xEC,0x30,0x00,0x00,0x00,0x00,0x00,0x00,0x00,0x00,0x00,0x00,0x00,0x00,0x00,0x00,
  0x00,0x00,0x00,0x00,0x00,0x00,0x00,0x00,0x00,0x00,0x00,0x00,0x00,0x00,0x00,0x00,0x00,0x00,0x00,0x00,
  0x00,0x00,0x00,0x00,0x00,0x00,0x00,0x00,0x00,0x00,0x00,0x00,0x00,0x00,0x00,0x00,0x00,0x00,0x00,0x00,
  0x00,0x00,0x00,0x00,0x00,0x00,0x00,0x00,0x00,0x00,0x00,0x00,0x00,0x00,0x00,0x00,0x00,0x00,0x00,0x00,
  0x00,0x00,0x00,0x00,0x00,0x00,0x00,0x00,0x00,0x00,0x00,0x00,0x00,0x00,0x00,0x00,0x00,0x00,0x00,0x00,
  0x00,0x00,0x00,0x00,0x07,0xE8,0x00,0xBD,0x40,0x00,0x00,0x00,0xEF,0xF0,0x4F,0xFA,0x00,0x00,0x00,0x08,
  0xE9,0x00,0xCE,0x50,0x00,0x00,0x00,0x00,0x00,0x00,0x00,0x00,0x00,0x00,0x00,0x00,0x00,0x00,0x00,0x00,
  0x00,0xAF,0xFF,0xFF,0xFF,0xFF,0xF7,0x00,0x0A,0xFF,0xFF,0xFF,0xFF,0xFF,0x70,0x00,0xAF,0xF8,0x77,0x77,
  0x77,0x73,0x00,0x0A,0xFF,0x20,0x00,0x00,0x00,0x00,0x00,0xAF,0xF2,0x00,0x00,0x00,0x00,0x00,0x0A,0xFF,
  0x20,0x00,0x00,0x00,0x00,0x00,0xAF,0xF7,0x66,0x66,0x66,0x50,0x00,0x0A,0xFF,0xFF,0xFF,0xFF,0xFC,0x00,
  0x00,0xAF,0xFF,0xFF,0xFF,0xFF,0xC0,0x00,0x0A,0xFF,0x20,0x00,0x00,0x00,0x00,0x00,0xAF,0xF2,0x00,0x00,
  0x00,0x00,0x00,0x0A,0xFF,0x20,0x00,0x00,0x00,0x00,0x00,0xAF,0xF2,0x00,0x00,0x00,0x00,0x00,0x0A,0xFF,
  0x87,0x77,0x77,0x77,0x30,0x00,0xAF,0xFF,0xFF,0xFF,0xFF,0xF7,0x00,0x0A,0xFF,0xFF,0xFF,0xFF,0xFF,0x70,
  0x00,0x00,0x00,0x00,0x00,0x00,0x00,0x00,0x00,0x00,0x00,0x00,0x00,0x00,0x00,0x00,0x00,0x00,0x00,0x00,
  0x00,0x00,0x00,0x00,0x00,0x00,0x00,0x00,0x00,0x00,0x00,0x00,0x00,0x00,0x00,0x00,0x00,0x00,0x00,0x00,
  0x00,0x00,0x00,0x00,0x00,0x00,0x00,0x00,0x00,0x00,0x00,0x00,0x00,0x00,0x00,0x00,0x00,0x00,0x00,0x00,
  0x00,0x00,0x00,0x00,0x00,0x00,0x00,0x00,0x00,0x00,0x00,0x00,0x00,0x00,0x00,0x00,0x00,0x00,0x00,0x00,
  0x00,0x00,0x00,0x00,0x00,0x00,0x00,0x00,0x00,0x00,0x00,0x00,0x00,0x00,0x00,0x00,0x00,0x00,0x00,0x00,
  0x00,0x00,0x00,0x00,0x00,0x00,0x00,0x5F,0xFF,0x90,0x00,0x00,0x00,0x00,0x00,0x0A,0xFF,0xFE,0x00,0x00,
  0x00,0x00,0x00,0x01,0xFF,0xEF,0xF4,0x00,0x00,0x00,0x00,0x00,0x6F,0xF7,0xFF,0xA0,0x00,0x00,0x00,0x00,
  0x0C,0xFF,0x1C,0xFE,0x10,0x00,0x00,0x00,0x02,0xFF,0xB0,0x8F,0xF5,0x00,0x00,0x00,0x00,0x7F,0xF7,0x03,
  0xFF,0xB0,0x00,0x00,0x00,0x0D,0xFF,0x20,0x0D,0xFF,0x10,0x00,0x00,0x03,0xFF,0xC0,0x00,0x9F,0xF6,0x00,
  0x00,0x00,0x8F,0xF7,0x00,0x04,0xFF,0xC0,0x00,0x00,0x0E,0xFF,0xFF,0xFF,0xFF,0xFF,0x20,0x00,0x04,0xFF,
  0xFF,0xFF,0xFF,0xFF,0xF8,0x00,0x00,0x9F,0xF9,0x55,0x55,0x57,0xFF,0xD0,0x00,0x1E,0xFF,0x10,0x00,0x00,
  0x0D,0xFF,0x30,0x05,0xFF,0xB0,0x00,0x00,0x00,0x8F,0xF9,0x00,0xAF,0xF5,0x00,0x00,0x00,0x03,0xFF,0xE0,
  0x00,0x00,0x00,0x00,0x00,0x00,0x00,0x00,0x00,0x00,0x00,0x00,0x00,0x00,0x00,0x00,0x00,0x00,0x00,0x00,
  0x00,0x00,0x00,0x00,0x00,0x00,0x00,0x00,0x00,0x00,0x00,0x00,0x00,0x00,0x00,0x00,0x00,0x00,0x00,0x00,
  0x00,0x00,0x00,0x00,0x00,0x00,0x00,0x00,0x00,0x00,0x00,0x00,0x00,0x00,0x00,0x00,0x00,0x00,0x00,0x00,
  0x00,0x00,0x00,0x00,0x00,0x00,0x00,0x00,0x00,0x00,0x00,0x00,0x00,0x00,0x00,0x00,0x00,0x00,0x00,0x00,
  0x00,0x00,0x00,0x00,0x00,0x00,0x00,0x00,0x00,0x00,0x00,0x00,0x00,0x00,0x00,0x00,0x00,0x00,0x00,0x00,
  0x00,0x00,0x00,0x00,0x00,0x00,0x00,0x00,0x00,0xAF,0xFF,0xFF,0xFF,0xFF,0x70,0x00,0x00,0xAF,0xFF,0xFF,
  0xFF,0xFF,0x70,0x00,0x00,0xAF,0xF7,0x66,0x66,0x66,0x30,0x00,0x00,0xAF,0xF2,0x00,0x00,0x00,0x00,0x00,
  0x00,0xAF,0xF2,0x00,0x00,0x00,0x00,0x00,0x00,0xAF,0xF2,0x00,0x00,0x00,0x00,0x00,0x00,0xAF,0xF5,0x33,
  0x32,0x00,0x00,0x00,0x00,0xAF,0xFF,0xFF,0xFF,0xE8,0x10,0x00,0x00,0xAF,0xFF,0xFF,0xFF,0xFF,0xD1,0x00,
  0x00,0xAF,0xF2,0x00,0x03,0xBF,0xF8,0x00,0x00,0xAF,0xF2,0x00,0x00,0x1F,0xFC,0x00,0x00,0xAF,0xF2,0x00,
  0x00,0x0D,0xFD,0x00,0x00,0xAF,0xF2,0x00,0x00,0x3F,0xFA,0x00,0x00,0xAF,0xF6,0x44,0x57,0xEF,0xF5,0x00,
  0x00,0xAF,0xFF,0xFF,0xFF,0xFF,0x90,0x00,0x00,0xAF,0xFF,0xFF,0xFD,0xB4,0x00,0x00,0x00,0x00,0x00,0x00,
  0x00,0x00,0x00,0x00,0x00,0x00,0x00,0x00,0x00,0x00,0x00,0x00,0x00,0x00,0x00,0x00,0x00,0x00,0x00,0x00,
  0x00,0x00,0x00,0x00,0x00,0x00,0x00,0x00,0x00,0x00,0x00,0x00,0x00,0x00,0x00,0x00,0x00,0x00,0x00,0x00,
  0x00,0x00,0x00,0x00,0x00,0x00,0x00,0x00,0x00,0x00,0x00,0x00,0x00,0x00,0x00,0x00,0x00,0x00,0x00,0x00,
  0x00,0x00,0x00,0x00,0x00,0x00,0x00,0x00,0x00,0x00,0x00,0x00,0x00,0x00,0x00,0x00,0x00,0x00,0x00,0x00,
  0x00,0x00,0x00,0x00,0x00,0x00,0x00,0x00,0x00,0x00,0x00,0x00,0x00,0x00,0x00,0x00,0x00,0x00,0x00,0x00,
  0x00,0xAF,0xFF,0xFF,0xFD,0xB5,0x00,0x00,0x00,0xAF,0xFF,0xFF,0xFF,0xFF,0xB0,0x00,0x00,0xAF,0xF6,0x55,
  0x58,0xEF,0xF6,0x00,0x00,0xAF,0xF2,0x00,0x00,0x5F,0xFA,0x00,0x00,0xAF,0xF2,0x00,0x00,0x1F,0xFC,0x00,
  0x00,0xAF,0xF2,0x00,0x00,0x4F,0xF8,0x00,0x00,0xAF,0xF5,0x33,0x46,0xEF,0xD1,0x00,0x00,0xAF,0xFF,0xFF,
  0xFF,0xFA,0x10,0x00,0x00,0xAF,0xFF,0xFF,0xFF,0xFF,0xC2,0x00,0x00,0xAF,0xF2,0x00,0x02,0x8F,0xFD,0x00,
  0x00,0xAF,0xF2,0x00,0x00,0x0A,0xFF,0x40,0x00,0xAF,0xF2,0x00,0x00,0x08,0xFF,0x60,0x00,0xAF,0xF2,0x00,
  0x00,0x0C,0xFF,0x40,0x00,0xAF,0xF6,0x44,0x56,0xCF,0xFD,0x10,0x00,0xAF,0xFF,0xFF,0xFF,0xFF,0xE3,0x00,
  0x00,0xAF,0xFF,0xFF,0xFE,0xC8,0x10,0x00,0x00,0x00,0x00,0x00,0x00,0x00,0x00,0x00,0x00,0x00,0x00,0x00,
  0x00,0x00,0x00,0x00,0x00,0x00,0x00,0x00,0x00,0x00,0x00,0x00,0x00,0x00,0x00,0x00,0x00,0x00,0x00,0x00,
  0x00,0x00,0x00,0x00,0x00,0x00,0x00,0x00,0x00,0x00,0x00,0x00,0x00,0x00,0x00,0x00,0x00,0x00,0x00,0x00,
  0x00,0x00,0x00,0x00,0x00,0x00,0x00,0x00,0x00,0x00,0x00,0x00,0x00,0x00,0x00,0x00,0x00,0x00,0x00,0x00,
  0x00,0x00,0x00,0x00,0x00,0x00,0x00,0x00,0x00,0x00,0x00,0x00,0x00,0x00,0x00,0x00,0x00,0x00,0x00,0x00,
  0x00,0x00,0x00,0x00,0x00,0x00,0x00,0xAF,0xFF,0xFF,0xFF,0xFF,0x80,0x00,0xAF,0xFF,0xFF,0xFF,0xFF,0x80,
  0x00,0xAF,0xF8,0x77,0x77,0x77,0x40,0x00,0xAF,0xF2,0x00,0x00,0x00,0x00,0x00,0xAF,0xF2,0x00,0x00,0x00,
  0x00,0x00,0xAF,0xF2,0x00,0x00,0x00,0x00,0x00,0xAF,0xF2,0x00,0x00,0x00,0x00,0x00,0xAF,0xF2,0x00,0x00,
  0x00,0x00,0x00,0xAF,0xF2,0x00,0x00,0x00,0x00,0x00,0xAF,0xF2,0x00,0x00,0x00,0x00,0x00,0xAF,0xF2,0x00,
  0x00,0x00,0x00,0x00,0xAF,0xF2,0x00,0x00,0x00,0x00,0x00,0xAF,0xF2,0x00,0x00,0x00,0x00,0x00,0xAF,0xF2,
  0x00,0x00,0x00,0x00,0x00,0xAF,0xF2,0x00,0x00,0x00,0x00,0x00,0xAF,0xF2,0x00,0x00,0x00,0x00,0x00,0x00,
  0x00,0x00,0x00,0x00,0x00,0x00,0x00,0x00,0x00,0x00,0x00,0x00,0x00,0x00,0x00,0x00,0x00,0x00,0x00,0x00,
  0x00,0x00,0x00,0x00,0x00,0x00,0x00,0x00,0x00,0x00,0x00,0x00,0x00,0x00,0x00,0x00,0x00,0x00,0x00,0x00,
  0x00,0x00,0x00,0x00,0x00,0x00,0x00,0x00,0x00,0x00,0x00,0x00,0x00,0x00,0x00,0x00,0x00,0x00,0x00,0x00,
  0x00,0x00,0x00,0x00,0x00,0x00,0x00,0x00,0x00,0x00,0x00,0x00,0x00,0x00,0x00,0x00,0x00,0x00,0x00,0x00,
  0x00,0x00,0x00,0x00,0x00,0x00,0x00,0x00,0x00,0x00,0x00,0x00,0x00,0x00,0x00,0x00,0x00,0x00,0x00,0x00,
  0x00,0x00,0x00,0x00,0x00,0x00,0x00,0x00,0x00,0x08,0xFF,0xFF,0xFF,0xFF,0xFF,0x40,0x00,0x00,0x00,0x09,
  0xFF,0xFF,0xFF,0xFF,0xFF,0x40,0x00,0x00,0x00,0x0A,0xFF,0x87,0x77,0x7C,0xFF,0x40,0x00,0x00,0x00,0x0B,
  0xFF,0x10,0x00,0x09,0xFF,0x40,0x00,0x00,0x00,0x0D,0xFF,0x00,0x00,0x09,0xFF,0x40,0x00,0x00,0x00,0x0E,
  0xFD,0x00,0x00,0x09,0xFF,0x40,0x00,0x00,0x00,0x0F,0xFC,0x00,0x00,0x09,0xFF,0x40,0x00,0x00,0x00,0x2F,
  0xFA,0x00,0x00,0x09,0xFF,0x40,0x00,0x00,0x00,0x3F,0xF9,0x00,0x00,0x09,0xFF,0x40,0x00,0x00,0x00,0x6F,
  0xF6,0x00,0x00,0x09,0xFF,0x40,0x00,0x00,0x00,0x9F,0xF3,0x00,0x00,0x09,0xFF,0x40,0x00,0x00,0x00,0xDF,
  0xE0,0x00,0x00,0x09,0xFF,0x40,0x00,0x00,0x06,0xFF,0x80,0x00,0x00,0x09,0xFF,0x40,0x00,0x03,0x7F,0xFF,
  0x87,0x77,0x77,0x7C,0xFF,0x97,0x00,0x08,0xFF,0xFF,0xFF,0xFF,0xFF,0xFF,0xFF,0xFF,0x00,0x08,0xFF,0xFF,
  0xFF,0xFF,0xFF,0xFF,0xFF,0xFF,0x00,0x08,0xFF,0x30,0x00,0x00,0x00,0x00,0x0B,0xFF,0x00,0x08,0xFF,0x30,
  0x00,0x00,0x00,0x00,0x0B,0xFF,0x00,0x08,0xFF,0x30,0x00,0x00,0x00,0x00,0x0B,0xFF,0x00,0x03,0x77,0x10,
  0x00,0x00,0x00,0x00,0x05,0x76,0x00,0x00,0x00,0x00,0x00,0x00,0x00,0x00,0x00,0x00,0x00,0x00,0x00,0x00,
  0x00,0x00,0x00,0x00,0x00,0x00,0x00,0x00,0x00,0x00,0x00,0x00,0x00,0x00,0x00,0x00,0x00,0x00,0x00,0x00,
  0x00,0x00,0x00,0x00,0x00,0x00,0x00,0x00,0x00,0x00,0x00,0x00,0x00,0x00,0x00,0x00,0x00,0x00,0x00,0x00,
  0x00,0x00,0x00,0x00,0x00,0x00,0x00,0x00,0x00,0x00,0x00,0x00,0x00,0x00,0x00,0x00,0x00,0x00,0x00,0x00,
  0x00,0x00,0x00,0xAF,0xFF,0xFF,0xFF,0xFF,0xF7,0x00,0x0A,0xFF,0xFF,0xFF,0xFF,0xFF,0x70,0x00,0xAF,0xF8,
  0x77,0x77,0x77,0x73,0x00,0x0A,0xFF,0x20,0x00,0x00,0x00,0x00,0x00,0xAF,0xF2,0x00,0x00,0x00,0x00,0x00,
  0x0A,0xFF,0x20,0x00,0x00,0x00,0x00,0x00,0xAF,0xF7,0x66,0x66,0x66,0x50,0x00,0x0A,0xFF,0xFF,0xFF,0xFF,
  0xFC,0x00,0x00,0xAF,0xFF,0xFF,0xFF,0xFF,0xC0,0x00,0x0A,0xFF,0x20,0x00,0x00,0x00,0x00,0x00,0xAF,0xF2,
  0x00,0x00,0x00,0x00,0x00,0x0A,0xFF,0x20,0x00,0x00,0x00,0x00,0x00,0xAF,0xF2,0x00,0x00,0x00,0x00,0x00,
  0x0A,0xFF,0x87,0x77,0x77,0x77,0x30,0x00,0xAF,0xFF,0xFF,0xFF,0xFF,0xF7,0x00,0x0A,0xFF,0xFF,0xFF,0xFF,
  0xFF,0x70,0x00,0x00,0x00,0x00,0x00,0x00,0x00,0x00,0x00,0x00,0x00,0x00,0x00,0x00,0x00,0x00,0x00,0x00,
  0x00,0x00,0x00,0x00,0x00,0x00,0x00,0x00,0x00,0x00,0x00,0x00,0x00,0x00,0x00,0x00,0x00,0x00,0x00,0x00,
  0x00,0x00,0x00,0x00,0x00,0x00,0x00,0x00,0x00,0x00,0x00,0x00,0x00,0x00,0x00,0x00,0x00,0x00,0x00,0x00,
  0x00,0x00,0x00,0x00,0x00,0x00,0x00,0x00,0x00,0x00,0x00,0x00,0x00,0x00,0x00,0x00,0x00,0x00,0x00,0x00,
  0x00,0x00,0x00,0x00,0x00,0x00,0x00,0x00,0x00,0x00,0x00,0x00,0x00,0x00,0x00,0x00,0x00,0x00,0x00,0x00,
  0x00,0x00,0x00,0x00,0x00,0x00,0x00,0x00,0x00,0x00,0x00,0x00,0x00,0x00,0x00,0x00,0x00,0x00,0x00,0x00,
  0x00,0x00,0x00,0x00,0x03,0xFF,0xE1,0x00,0x00,0xAF,0xF2,0x00,0x00,0x8F,0xF9,0x00,0x09,0xFF,0x80,0x00,
  0x0A,0xFF,0x20,0x00,0x2F,0xFE,0x10,0x00,0x1E,0xFF,0x20,0x00,0xAF,0xF2,0x00,0x09,0xFF,0x70,0x00,0x00,
  0x7F,0xF9,0x00,0x0A,0xFF,0x20,0x02,0xFF,0xD1,0x00,0x00,0x00,0xDF,0xF2,0x00,0xAF,0xF2,0x00,0xAF,0xF5,
  0x00,0x00,0x00,0x05,0xFF,0xA0,0x0A,0xFF,0x20,0x3F,0xFC,0x00,0x00,0x00,0x00,0x0C,0xFF,0x30,0xAF,0xF2,
  0x0B,0xFF,0x40,0x00,0x00,0x00,0x00,0x3F,0xFF,0xFF,0xFF,0xFF,0xFF,0xB0,0x00,0x00,0x00,0x00,0x05,0xFF,
  0xFF,0xFF,0xFF,0xFF,0xFD,0x00,0x00,0x00,0x00,0x01,0xDF,0xF6,0x6C,0xFF,0x76,0xBF,0xF7,0x00,0x00,0x00,
  0x00,0x8F,0xF8,0x00,0xAF,0xF2,0x02,0xEF,0xE1,0x00,0x00,0x00,0x2F,0xFD,0x10,0x0A,0xFF,0x20,0x07,0xFF,
  0x90,0x00,0x00,0x0B,0xFF,0x50,0x00,0xAF,0xF2,0x00,0x0D,0xFF,0x30,0x00,0x05,0xFF,0xB0,0x00,0x0A,0xFF,
  0x20,0x00,0x5F,0xFC,0x00,0x01,0xDF,0xF3,0x00,0x00,0xAF,0xF2,0x00,0x00,0xBF,0xF6,0x00,0x8F,0xF8,0x00,
  0x00,0x0A,0xFF,0x20,0x00,0x03,0xFF,0xE1,0x00,0x00,0x00,0x00,0x00,0x00,0x00,0x00,0x00,0x00,0x00,0x00,
  0x00,0x00,0x00,0x00,0x00,0x00,0x00,0x00,0x00,0x00,0x00,0x00,0x00,0x00,0x00,0x00,0x00,0x00,0x00,0x00,
  0x00,0x00,0x00,0x00,0x00,0x00,0x00,0x00,0x00,0x00,0x00,0x00,0x00,0x00,0x00,0x00,0x00,0x00,0x00,0x00,
  0x00,0x00,0x00,0x00,0x00,0x00,0x00,0x00,0x00,0x00,0x00,0x00,0x00,0x00,0x00,0x00,0x00,0x00,0x00,0x00,
  0x00,0x00,0x00,0x00,0x00,0x00,0x00,0x00,0x00,0x00,0x00,0x00,0x00,0x00,0x00,0x00,0x00,0x00,0x00,0x00,
  0x00,0x00,0x00,0x00,0x00,0x00,0x00,0x00,0x00,0x00,0x00,0x00,0x00,0x00,0x00,0x00,0x00,0x00,0x00,0x00,
  0x00,0x00,0x00,0x00,0x00,0x00,0x00,0x00,0x00,0x00,0x00,0x00,0x00,0x00,0x00,0x00,0x29,0xCE,0xDB,0x50,
  0x00,0x00,0x00,0x5E,0xFF,0xFF,0xFF,0xC1,0x00,0x00,0x2E,0xFE,0x84,0x6C,0xFF,0x90,0x00,0x08,0xFF,0x40,
  0x00,0x0C,0xFE,0x00,0x00,0xAE,0xD0,0x00,0x00,0x8F,0xF2,0x00,0x00,0x00,0x00,0x00,0x0B,0xFE,0x00,0x00,
  0x00,0x00,0x23,0x5B,0xFF,0x50,0x00,0x00,0x00,0x0D,0xFF,0xFB,0x30,0x00,0x00,0x00,0x00,0xDF,0xFF,0xFC,
  0x30,0x00,0x00,0x00,0x00,0x02,0x7E,0xFE,0x20,0x00,0x33,0x20,0x00,0x00,0x6F,0xF8,0x00,0x0F,0xFB,0x00,
  0x00,0x03,0xFF,0xA0,0x00,0xCF,0xF3,0x00,0x00,0x8F,0xF7,0x00,0x04,0xFF,0xE8,0x56,0xAF,0xFE,0x20,0x00,
  0x07,0xFF,0xFF,0xFF,0xFE,0x30,0x00,0x00,0x02,0x9C,0xED,0xB7,0x10,0x00,0x00,0x00,0x00,0x00,0x00,0x00,
  0x00,0x00,0x00,0x00,0x00,0x00,0x00,0x00,0x00,0x00,0x00,0x00,0x00,0x00,0x00,0x00,0x00,0x00,0x00,0x00,
  0x00,0x00,0x00,0x00,0x00,0x00,0x00,0x00,0x00,0x00,0x00,0x00,0x00,0x00,0x00,0x00,0x00,0x00,0x00,0x00,
  0x00,0x00,0x00,0x00,0x00,0x00,0x00,0x00,0x00,0x00,0x00,0x00,0x00,0x00,0x00,0x00,0x00,0x00,0x00,0x00,
  0x00,0x00,0x00,0x00,0x00,0x00,0x00,0x00,0x00,0x00,0x00,0x00,0x00,0x00,0x00,0x00,0x00,0x00,0x00,0x00,
  0x00,0x00,0x00,0x00,0x00,0x00,0x00,0x00,0x00,0x00,0x00,0x00,0x00,0x00,0x00,0x00,0x00,0x00,0x00,0x00,
  0x00,0x00,0xAF,0xF2,0x00,0x00,0x00,0xDF,0xF7,0x00,0x00,0xAF,0xF2,0x00,0x00,0x08,0xFF,0xF7,0x00,0x00,
  0xAF,0xF2,0x00,0x00,0x2F,0xFF,0xF7,0x00,0x00,0xAF,0xF2,0x00,0x00,0xBF,0xFF,0xF7,0x00,0x00,0xAF,0xF2,
  0x00,0x06,0xFF,0xCF,0xF7,0x00,0x00,0xAF,0xF2,0x00,0x1E,0xFD,0x5F,0xF7,0x00,0x00,0xAF,0xF2,0x00,0xAF,
  0xF5,0x5F,0xF7,0x00,0x00,0xAF,0xF2,0x04,0xFF,0xB0,0x5F,0xF7,0x00,0x00,0xAF,0xF2,0x1D,0xFF,0x20,0x5F,
  0xF7,0x00,0x00,0xAF,0xF2,0x8F,0xF7,0x00,0x5F,0xF7,0x00,0x00,0xAF,0xF4,0xFF,0xD0,0x00,0x5F,0xF7,0x00,
  0x00,0xAF,0xFC,0xFF,0x30,0x00,0x5F,0xF7,0x00,0x00,0xAF,0xFF,0xF9,0x00,0x00,0x5F,0xF7,0x00,0x00,0xAF,
  0xFF,0xE1,0x00,0x00,0x5F,0xF7,0x00,0x00,0xAF,0xFF,0x50,0x00,0x00,0x5F,0xF7,0x00,0x00,0xAF,0xFB,0x00,
  0x00,0x00,0x5F,0xF7,0x00,0x00,0x00,0x00,0x00,0x00,0x00,0x00,0x00,0x00,0x00,0x00,0x00,0x00,0x00,0x00,
  0x00,0x00,0x00,0x00,0x00,0x00,0x00,0x00,0x00,0x00,0x00,0x00,0x00,0x00,0x00,0x00,0x00,0x00,0x00,0x00,
  0x00,0x00,0x00,0x00,0x00,0x00,0x00,0x00,0x00,0x00,0x00,0x00,0x00,0x00,0x00,0x00,0x00,0x00,0x00,0x00,
  0x00,0x00,0x00,0x00,0x00,0x00,0x00,0x00,0x00,0x00,0x00,0x00,0x00,0x00,0x00,0x00,0x00,0x00,0x00,0x04,
  0x93,0x00,0x49,0x40,0x00,0x00,0x00,0x00,0x04,0xFB,0x23,0xCF,0x30,0x00,0x00,0x00,0x00,0x00,0x9F,0xFF,
  0xF8,0x00,0x00,0x00,0x00,0x00,0x00,0x04,0x87,0x30,0x00,0x00,0x00,0x00,0x00,0x00,0x00,0x00,0x00,0x00,
  0x00,0x00,0x00,0xAF,0xF2,0x00,0x00,0x00,0xDF,0xF7,0x00,0x00,0xAF,0xF2,0x00,0x00,0x08,0xFF,0xF7,0x00,
  0x00,0xAF,0xF2,0x00,0x00,0x2F,0xFF,0xF7,0x00,0x00,0xAF,0xF2,0x00,0x00,0xBF,0xFF,0xF7,0x00,0x00,0xAF,
  0xF2,0x00,0x06,0xFF,0xCF,0xF7,0x00,0x00,0xAF,0xF2,0x00,0x1E,0xFD,0x5F,0xF7,0x00,0x00,0xAF,0xF2,0x00,
  0xAF,0xF5,0x5F,0xF7,0x00,0x00,0xAF,0xF2,0x04,0xFF,0xB0,0x5F,0xF7,0x00,0x00,0xAF,0xF2,0x1D,0xFF,0x20,
  0x5F,0xF7,0x00,0x00,0xAF,0xF2,0x8F,0xF7,0x00,0x5F,0xF7,0x00,0x00,0xAF,0xF4,0xFF,0xD0,0x00,0x5F,0xF7,
  0x00,0x00,0xAF,0xFC,0xFF,0x30,0x00,0x5F,0xF7,0x00,0x00,0xAF,0xFF,0xF9,0x00,0x00,0x5F,0xF7,0x00,0x00,
  0xAF,0xFF,0xE1,0x00,0x00,0x5F,0xF7,0x00,0x00,0xAF,0xFF,0x50,0x00,0x00,0x5F,0xF7,0x00,0x00,0xAF,0xFB,
  0x00,0x00,0x00,0x5F,0xF7,0x00,0x00,0x00,0x00,0x00,0x00,0x00,0x00,0x00,0x00,0x00,0x00,0x00,0x00,0x00,
  0x00,0x00,0x00,0x00,0x00,0x00,0x00,0x00,0x00,0x00,0x00,0x00,0x00,0x00,0x00,0x00,0x00,0x00,0x00,0x00,
  0x00,0x00,0x00,0x00,0x00,0x00,0x00,0x00,0x00,0x00,0x00,0x00,0x00,0x00,0x00,0x00,0x00,0x00,0x00,0x00,
  0x00,0x00,0x00,0x00,0x00,0x00,0x00,0x00,0x00,0x00,0x00,0x00,0x00,0x00,0x00,0x00,0x00,0x00,0x00,0x00,
  0x00,0x00,0x00,0x00,0x00,0x00,0x00,0x00,0x00,0x00,0x00,0x00,0x00,0x00,0x00,0x00,0x00,0x00,0x00,0x00,
  0x00,0x00,0x00,0x00,0x00,0x00,0x00,0x00,0x00,0x00,0x00,0x00,0x00,0x00,0x00,0x00,0x00,0x00,0x00,0x00,
  0x00,0xAF,0xF2,0x00,0x00,0x07,0xFF,0xC1,0x00,0x0A,0xFF,0x20,0x00,0x04,0xFF,0xE2,0x00,0x00,0xAF,0xF2,
  0x00,0x01,0xEF,0xF5,0x00,0x00,0x0A,0xFF,0x20,0x00,0xBF,0xF8,0x00,0x00,0x00,0xAF,0xF2,0x00,0x8F,0xFB,
  0x00,0x00,0x00,0x0A,0xFF,0x20,0x4F,0xFD,0x10,0x00,0x00,0x00,0xAF,0xF9,0x8E,0xFF,0x30,0x00,0x00,0x00,
  0x0A,0xFF,0xFF,0xFF,0x70,0x00,0x00,0x00,0x00,0xAF,0xFF,0xFF,0xFD,0x10,0x00,0x00,0x00,0x0A,0xFF,0x20,
  0x9F,0xFA,0x00,0x00,0x00,0x00,0xAF,0xF2,0x01,0xDF,0xF6,0x00,0x00,0x00,0x0A,0xFF,0x20,0x03,0xEF,0xF3,
  0x00,0x00,0x00,0xAF,0xF2,0x00,0x06,0xFF,0xD1,0x00,0x00,0x0A,0xFF,0x20,0x00,0x0A,0xFF,0xA0,0x00,0x00,
  0xAF,0xF2,0x00,0x00,0x1D,0xFF,0x60,0x00,0x0A,0xFF,0x20,0x00,0x00,0x3F,0xFF,0x30,0x00,0x00,0x00,0x00,
  0x00,0x00,0x00,0x00,0x00,0x00,0x00,0x00,0x00,0x00,0x00,0x00,0x00,0x00,0x00,0x00,0x00,0x00,0x00,0x00,
  0x00,0x00,0x00,0x00,0x00,0x00,0x00,0x00,0x00,0x00,0x00,0x00,0x00,0x00,0x00,0x00,0x00,0x00,0x00,0x00,
  0x00,0x00,0x00,0x00,0x00,0x00,0x00,0x00,0x00,0x00,0x00,0x00,0x00,0x00,0x00,0x00,0x00,0x00,0x00,0x00,
  0x00,0x00,0x00,0x00,0x00,0x00,0x00,0x00,0x00,0x00,0x00,0x00,0x00,0x00,0x00,0x00,0x00,0x00,0x00,0x00,
  0x00,0x00,0x00,0x00,0x00,0x00,0x00,0x00,0x00,0x00,0x00,0x00,0x00,0x00,0x00,0x00,0x00,0x00,0x00,0x00,
  0x00,0x00,0x00,0x00,0x00,0x00,0x00,0x00,0x00,0x00,0x00,0x00,0x1F,0xFF,0xFF,0xFF,0xFF,0xF7,0x00,0x00,
  0x00,0x2F,0xFF,0xFF,0xFF,0xFF,0xF7,0x00,0x00,0x00,0x4F,0xFB,0x77,0x77,0xAF,0xF7,0x00,0x00,0x00,0x5F,
  0xF7,0x00,0x00,0x6F,0xF7,0x00,0x00,0x00,0x6F,0xF6,0x00,0x00,0x6F,0xF7,0x00,0x00,0x00,0x7F,0xF5,0x00,
  0x00,0x6F,0xF7,0x00,0x00,0x00,0x9F,0xF4,0x00,0x00,0x6F,0xF7,0x00,0x00,0x00,0xAF,0xF2,0x00,0x00,0x6F,
  0xF7,0x00,0x00,0x00,0xBF,0xF1,0x00,0x00,0x6F,0xF7,0x00,0x00,0x00,0xCF,0xF0,0x00,0x00,0x6F,0xF7,0x00,
  0x00,0x00,0xEF,0xD0,0x00,0x00,0x6F,0xF7,0x00,0x00,0x01,0xFF,0xB0,0x00,0x00,0x6F,0xF7,0x00,0x00,0x06,
  0xFF,0x70,0x00,0x00,0x6F,0xF7,0x00,0x03,0x8E,0xFF,0x20,0x00,0x00,0x6F,0xF7,0x00,0x08,0xFF,0xF8,0x00,
  0x00,0x00,0x6F,0xF7,0x00,0x08,0xEC,0x50,0x00,0x00,0x00,0x6F,0xF7,0x00,0x00,0x00,0x00,0x00,0x00,0x00,
  0x00,0x00,0x00,0x00,0x00,0x00,0x00,0x00,0x00,0x00,0x00,0x00,0x00,0x00,0x00,0x00,0x00,0x00,0x00,0x00,
  0x00,0x00,0x00,0x00,0x00,0x00,0x00,0x00,0x00,0x00,0x00,0x00,0x00,0x00,0x00,0x00,0x00,0x00,0x00,0x00,
  0x00,0x00,0x00,0x00,0x00,0x00,0x00,0x00,0x00,0x00,0x00,0x00,0x00,0x00,0x00,0x00,0x00,0x00,0x00,0x00,
  0x00,0x00,0x00,0x00,0x00,0x00,0x00,0x00,0x00,0x00,0x00,0x00,0x00,0x00,0x00,0x00,0x00,0x00,0x00,0x00,
  0x00,0x00,0x00,0x00,0x00,0x00,0x00,0x00,0x00,0x00,0x00,0x00,0x00,0x00,0x00,0x00,0x00,0x00,0x00,0x00,
  0x00,0x00,0x00,0x00,0x00,0x00,0x00,0x00,0x00,0x00,0x00,0x00,0x00,0x00,0x00,0x00,0x00,0x00,0x00,0x00,
  0x00,0xAF,0xFF,0x90,0x00,0x00,0x00,0x3F,0xFF,0xF1,0x00,0x0A,0xFF,0xFE,0x00,0x00,0x00,0x09,0xFF,0xFF,
  0x10,0x00,0xAF,0xFF,0xF5,0x00,0x00,0x00,0xEF,0xFF,0xF1,0x00,0x0A,0xFF,0xFF,0xA0,0x00,0x00,0x5F,0xFE,
  0xFF,0x10,0x00,0xAF,0xFB,0xFF,0x10,0x00,0x0A,0xFE,0xBF,0xF1,0x00,0x0A,0xFF,0x6F,0xF7,0x00,0x01,0xFF,
  0xAA,0xFF,0x10,0x00,0xAF,0xF2,0xEF,0xC0,0x00,0x6F,0xF5,0xBF,0xF1,0x00,0x0A,0xFF,0x2A,0xFF,0x30,0x0C,
  0xFF,0x1B,0xFF,0x10,0x00,0xAF,0xF2,0x4F,0xF8,0x02,0xFF,0xA0,0xBF,0xF1,0x00,0x0A,0xFF,0x20,0xEF,0xD0,
  0x7F,0xF4,0x0B,0xFF,0x10,0x00,0xAF,0xF2,0x08,0xFF,0x3C,0xFE,0x00,0xBF,0xF1,0x00,0x0A,0xFF,0x20,0x3F,
  0xF9,0xFF,0x80,0x0B,0xFF,0x10,0x00,0xAF,0xF2,0x00,0xCF,0xFF,0xF2,0x00,0xBF,0xF1,0x00,0x0A,0xFF,0x20,
  0x06,0xFF,0xFC,0x00,0x0B,0xFF,0x10,0x00,0xAF,0xF2,0x00,0x1F,0xFF,0x60,0x00,0xBF,0xF1,0x00,0x0A,0xFF,
  0x20,0x00,0xAF,0xF1,0x00,0x0B,0xFF,0x10,0x00,0x00,0x00,0x00,0x00,0x00,0x00,0x00,0x00,0x00,0x00,0x00,
  0x00,0x00,0x00,0x00,0x00,0x00,0x00,0x00,0x00,0x00,0x00,0x00,0x00,0x00,0x00,0x00,0x00,0x00,0x00,0x00,
  0x00,0x00,0x00,0x00,0x00,0x00,0x00,0x00,0x00,0x00,0x00,0x00,0x00,0x00,0x00,0x00,0x00,0x00,0x00,0x00,
  0x00,0x00,0x00,0x00,0x00,0x00,0x00,0x00,0x00,0x00,0x00,0x00,0x00,0x00,0x00,0x00,0x00,0x00,0x00,0x00,
  0x00,0x00,0x00,0x00,0x00,0x00,0x00,0x00,0x00,0x00,0x00,0x00,0x00,0x00,0x00,0x00,0x00,0x00,0x00,0x00,
  0x00,0x00,0x00,0x00,0x00,0x00,0x00,0x00,0x00,0x00,0x00,0x00,0x00,0x00,0x00,0x00,0x00,0x00,0x00,0x00,
  0x00,0x00,0x00,0x00,0x00,0x00,0x00,0x00,0x00,0x00,0x00,0x00,0x00,0x00,0x00,0x00,0x00,0xAF,0xF2,0x00,
  0x00,0x00,0x7F,0xF6,0x00,0x00,0xAF,0xF2,0x00,0x00,0x00,0x7F,0xF6,0x00,0x00,0xAF,0xF2,0x00,0x00,0x00,
  0x7F,0xF6,0x00,0x00,0xAF,0xF2,0x00,0x00,0x00,0x7F,0xF6,0x00,0x00,0xAF,0xF2,0x00,0x00,0x00,0x7F,0xF6,
  0x00,0x00,0xAF,0xF2,0x00,0x00,0x00,0x7F,0xF6,0x00,0x00,0xAF,0xF8,0x77,0x77,0x77,0xBF,0xF6,0x00,0x00,
  0xAF,0xFF,0xFF,0xFF,0xFF,0xFF,0xF6,0x00,0x00,0xAF,0xFF,0xFF,0xFF,0xFF,0xFF,0xF6,0x00,0x00,0xAF,0xF2,
  0x00,0x00,0x00,0x7F,0xF6,0x00,0x00,0xAF,0xF2,0x00,0x00,0x00,0x7F,0xF6,0x00,0x00,0xAF,0xF2,0x00,0x00,
  0x00,0x7F,0xF6,0x00,0x00,0xAF,0xF2,0x00,0x00,0x00,0x7F,0xF6,0x00,0x00,0xAF,0xF2,0x00,0x00,0x00,0x7F,
  0xF6,0x00,0x00,0xAF,0xF2,0x00,0x00,0x00,0x7F,0xF6,0x00,0x00,0xAF,0xF2,0x00,0x00,0x00,0x7F,0xF6,0x00,
  0x00,0x00,0x00,0x00,0x00,0x00,0x00,0x00,0x00,0x00,0x00,0x00,0x00,0x00,0x00,0x00,0x00,0x00,0x00,0x00,
  0x00,0x00,0x00,0x00,0x00,0x00,0x00,0x00,0x00,0x00,0x00,0x00,0x00,0x00,0x00,0x00,0x00,0x00,0x00,0x00,
  0x00,0x00,0x00,0x00,0x00,0x00,0x00,0x00,0x00,0x00,0x00,0x00,0x00,0x00,0x00,0x00,0x00,0x00,0x00,0x00,
  0x00,0x00,0x00,0x00,0x00,0x00,0x00,0x00,0x00,0x00,0x00,0x00,0x00,0x00,0x00,0x00,0x00,0x00,0x00,0x00,
  0x00,0x00,0x00,0x00,0x00,0x00,0x00,0x00,0x00,0x00,0x00,0x00,0x00,0x00,0x00,0x00,0x00,0x00,0x00,0x00,
  0x00,0x00,0x00,0x00,0x00,0x00,0x00,0x00,0x00,0x00,0x00,0x00,0x00,0x00,0x00,0x00,0x00,0x00,0x00,0x01,
  0x7C,0xEF,0xD9,0x30,0x00,0x00,0x00,0x00,0x3D,0xFF,0xFF,0xFF,0xF8,0x00,0x00,0x00,0x04,0xFF,0xFE,0xA9,
  0xCF,0xFF,0xB0,0x00,0x00,0x1D,0xFF,0x80,0x00,0x04,0xDF,0xF5,0x00,0x00,0x8F,0xFA,0x00,0x00,0x00,0x3F,
  0xFE,0x10,0x00,0xDF,0xF2,0x00,0x00,0x00,0x0A,0xFF,0x50,0x02,0xFF,0xD0,0x00,0x00,0x00,0x06,0xFF,0x80,
  0x03,0xFF,0xA0,0x00,0x00,0x00,0x04,0xFF,0x90,0x03,0xFF,0xA0,0x00,0x00,0x00,0x04,0xFF,0x90,0x02,0xFF,
  0xD0,0x00,0x00,0x00,0x06,0xFF,0x80,0x00,0xDF,0xF2,0x00,0x00,0x00,0x0A,0xFF,0x50,0x00,0x8F,0xF9,0x00,
  0x00,0x00,0x3F,0xFE,0x10,0x00,0x1D,0xFF,0x80,0x00,0x04,0xDF,0xF5,0x00,0x00,0x04,0xFF,0xFD,0xA9,0xCF,
  0xFF,0xB0,0x00,0x00,0x00,0x3D,0xFF,0xFF,0xFF,0xF8,0x00,0x00,0x00,0x00,0x01,0x7C,0xEF,0xDA,0x30,0x00,
  0x00,0x00,0x00,0x00,0x00,0x00,0x00,0x00,0x00,0x00,0x00,0x00,0x00,0x00,0x00,0x00,0x00,0x00,0x00,0x00,
  0x00,0x00,0x00,0x00,0x00,0x00,0x00,0x00,0x00,0x00,0x00,0x00,0x00,0x00,0x00,0x00,0x00,0x00,0x00,0x00,
  0x00,0x00,0x00,0x00,0x00,0x00,0x00,0x00,0x00,0x00,0x00,0x00,0x00,0x00,0x00,0x00,0x00,0x00,0x00,0x00,
  0x00,0x00,0x00,0x00,0x00,0x00,0x00,0x00,0x00,0x00,0x00,0x00,0x00,0x00,0x00,0x00,0x00,0x00,0x00,0x00,
  0x00,0x00,0x00,0x00,0x00,0x00,0x00,0x00,0x00,0x00,0x00,0x00,0x00,0x00,0x00,0x00,0x00,0x00,0x00,0x00,
  0x00,0x00,0x00,0x00,0x00,0x00,0x00,0x00,0x00,0x00,0x00,0x00,0x00,0x00,0x00,0x00,0x00,0x00,0x00,0xAF,
  0xFF,0xFF,0xFF,0xFF,0xFF,0xF6,0x00,0x00,0xAF,0xFF,0xFF,0xFF,0xFF,0xFF,0xF6,0x00,0x00,0xAF,0xF8,0x77,
  0x77,0x77,0xBF,0xF6,0x00,0x00,0xAF,0xF2,0x00,0x00,0x00,0x7F,0xF6,0x00,0x00,0xAF,0xF2,0x00,0x00,0x00,
  0x7F,0xF6,0x00,0x00,0xAF,0xF2,0x00,0x00,0x00,0x7F,0xF6,0x00,0x00,0xAF,0xF2,0x00,0x00,0x00,0x7F,0xF6,
  0x00,0x00,0xAF,0xF2,0x00,0x00,0x00,0x7F,0xF6,0x00,0x00,0xAF,0xF2,0x00,0x00,0x00,0x7F,0xF6,0x00,0x00,
  0xAF,0xF2,0x00,0x00,0x00,0x7F,0xF6,0x00,0x00,0xAF,0xF2,0x00,0x00,0x00,0x7F,0xF6,0x00,0x00,0xAF,0xF2,
  0x00,0x00,0x00,0x7F,0xF6,0x00,0x00,0xAF,0xF2,0x00,0x00,0x00,0x7F,0xF6,0x00,0x00,0xAF,0xF2,0x00,0x00,
  0x00,0x7F,0xF6,0x00,0x00,0xAF,0xF2,0x00,0x00,0x00,0x7F,0xF6,0x00,0x00,0xAF,0xF2,0x00,0x00,0x00,0x7F,
  0xF6,0x00,0x00,0x00,0x00,0x00,0x00,0x00,0x00,0x00,0x00,0x00,0x00,0x00,0x00,0x00,0x00,0x00,0x00,0x00,
  0x00,0x00,0x00,0x00,0x00,0x00,0x00,0x00,0x00,0x00,0x00,0x00,0x00,0x00,0x00,0x00,0x00,0x00,0x00,0x00,
  0x00,0x00,0x00,0x00,0x00,0x00,0x00,0x00,0x00,0x00,0x00,0x00,0x00,0x00,0x00,0x00,0x00,0x00,0x00,0x00,
  0x00,0x00,0x00,0x00,0x00,0x00,0x00,0x00,0x00,0x00,0x00,0x00,0x00,0x00,0x00,0x00,0x00,0x00,0x00,0x00,
  0x00,0x00,0x00,0x00,0x00,0x00,0x00,0x00,0x00,0x00,0x00,0x00,0x00,0x00,0x00,0x00,0x00,0x00,0x00,0x00,
  0x00,0x00,0x00,0x00,0x00,0x00,0x00,0x00,0x00,0x00,0x00,0x00,0x00,0x00,0xAF,0xFF,0xFF,0xFD,0xA4,0x00,
  0x00,0x00,0xAF,0xFF,0xFF,0xFF,0xFF,0x90,0x00,0x00,0xAF,0xF8,0x77,0x7A,0xFF,0xF6,0x00,0x00,0xAF,0xF2,
  0x00,0x00,0x4F,0xFD,0x00,0x00,0xAF,0xF2,0x00,0x00,0x0C,0xFF,0x10,0x00,0xAF,0xF2,0x00,0x00,0x0B,0xFF,
  0x10,0x00,0xAF,0xF2,0x00,0x00,0x1E,0xFE,0x00,0x00,0xAF,0xF2,0x00,0x13,0xBF,0xFA,0x00,0x00,0xAF,0xFF,
  0xFF,0xFF,0xFF,0xD1,0x00,0x00,0xAF,0xFF,0xFF,0xFF,0xFA,0x20,0x00,0x00,0xAF,0xF8,0x77,0x64,0x20,0x00,
  0x00,0x00,0xAF,0xF2,0x00,0x00,0x00,0x00,0x00,0x00,0xAF,0xF2,0x00,0x00,0x00,0x00,0x00,0x00,0xAF,0xF2,
  0x00,0x00,0x00,0x00,0x00,0x00,0xAF,0xF2,0x00,0x00,0x00,0x00,0x00,0x00,0xAF,0xF2,0x00,0x00,0x00,0x00,
  0x00,0x00,0x00,0x00,0x00,0x00,0x00,0x00,0x00,0x00,0x00,0x00,0x00,0x00,0x00,0x00,0x00,0x00,0x00,0x00,
  0x00,0x00,0x00,0x00,0x00,0x00,0x00,0x00,0x00,0x00,0x00,0x00,0x00,0x00,0x00,0x00,0x00,0x00,0x00,0x00,
  0x00,0x00,0x00,0x00,0x00,0x00,0x00,0x00,0x00,0x00,0x00,0x00,0x00,0x00,0x00,0x00,0x00,0x00,0x00,0x00,
  0x00,0x00,0x00,0x00,0x00,0x00,0x00,0x00,0x00,0x00,0x00,0x00,0x00,0x00,0x00,0x00,0x00,0x00,0x00,0x00,
  0x00,0x00,0x00,0x00,0x00,0x00,0x00,0x00,0x00,0x00,0x00,0x00,0x00,0x00,0x00,0x00,0x00,0x00,0x00,0x00,
  0x00,0x00,0x00,0x00,0x00,0x00,0x00,0x00,0x00,0x00,0x00,0x00,0x00,0x01,0x7C,0xEE,0xCA,0x30,0x00,0x00,
  0x00,0x00,0x3D,0xFF,0xFF,0xFF,0xFA,0x10,0x00,0x00,0x04,0xFF,0xFE,0xB9,0xBF,0xFF,0xB0,0x00,0x00,0x1D,
  0xFF,0x90,0x00,0x02,0xDF,0xF7,0x00,0x00,0x8F,0xF9,0x00,0x00,0x00,0x2F,0xFC,0x00,0x00,0xDF,0xF2,0x00,
  0x00,0x00,0x07,0x99,0x10,0x02,0xFF,0xD0,0x00,0x00,0x00,0x00,0x00,0x00,0x03,0xFF,0xA0,0x00,0x00,0x00,
  0x00,0x00,0x00,0x03,0xFF,0xA0,0x00,0x00,0x00,0x00,0x00,0x00,0x02,0xFF,0xD0,0x00,0x00,0x00,0x00,0x00,
  0x00,0x00,0xDF,0xF2,0x00,0x00,0x00,0x07,0x99,0x10,0x00,0x8F,0xF9,0x00,0x00,0x00,0x2F,0xFC,0x00,0x00,
  0x1D,0xFF,0x80,0x00,0x02,0xDF,0xF7,0x00,0x00,0x04,0xFF,0xFE,0xA9,0xBF,0xFF,0xB0,0x00,0x00,0x00,0x3D,
  0xFF,0xFF,0xFF,0xFA,0x10,0x00,0x00,0x00,0x01,0x7C,0xEE,0xCA,0x40,0x00,0x00,0x00,0x00,0x00,0x00,0x00,
  0x00,0x00,0x00,0x00,0x00,0x00,0x00,0x00,0x00,0x00,0x00,0x00,0x00,0x00,0x00,0x00,0x00,0x00,0x00,0x00,
  0x00,0x00,0x00,0x00,0x00,0x00,0x00,0x00,0x00,0x00,0x00,0x00,0x00,0x00,0x00,0x00,0x00,0x00,0x00,0x00,
  0x00,0x00,0x00,0x00,0x00,0x00,0x00,0x00,0x00,0x00,0x00,0x00,0x00,0x00,0x00,0x00,0x00,0x00,0x00,0x00,
  0x00,0x00,0x00,0x00,0x00,0x00,0x00,0x00,0x00,0x00,0x00,0x00,0x00,0x00,0x00,0x00,0x00,0x00,0x00,0x00,
  0x00,0x00,0x00,0x00,0x00,0x00,0x00,0x00,0x00,0x00,0x00,0x00,0x00,0x00,0x00,0x00,0x00,0x00,0x00,0x00,
  0x00,0x00,0x00,0x00,0x00,0x00,0x08,0xFF,0xFF,0xFF,0xFF,0xFF,0xFF,0x40,0x08,0xFF,0xFF,0xFF,0xFF,0xFF,
  0xFF,0x40,0x04,0x77,0x77,0xBF,0xFA,0x77,0x77,0x20,0x00,0x00,0x00,0x8F,0xF5,0x00,0x00,0x00,0x00,0x00,
  0x00,0x8F,0xF5,0x00,0x00,0x00,0x00,0x00,0x00,0x8F,0xF5,0x00,0x00,0x00,0x00,0x00,0x00,0x8F,0xF5,0x00,
  0x00,0x00,0x00,0x00,0x00,0x8F,0xF5,0x00,0x00,0x00,0x00,0x00,0x00,0x8F,0xF5,0x00,0x00,0x00,0x00,0x00,
  0x00,0x8F,0xF5,0x00,0x00,0x00,0x00,0x00,0x00,0x8F,0xF5,0x00,0x00,0x00,0x00,0x00,0x00,0x8F,0xF5,0x00,
  0x00,0x00,0x00,0x00,0x00,0x8F,0xF5,0x00,0x00,0x00,0x00,0x00,0x00,0x8F,0xF5,0x00,0x00,0x00,0x00,0x00,
  0x00,0x8F,0xF5,0x00,0x00,0x00,0x00,0x00,0x00,0x8F,0xF5,0x00,0x00,0x00,0x00,0x00,0x00,0x00,0x00,0x00,
  0x00,0x00,0x00,0x00,0x00,0x00,0x00,0x00,0x00,0x00,0x00,0x00,0x00,0x00,0x00,0x00,0x00,0x00,0x00,0x00,
  0x00,0x00,0x00,0x00,0x00,0x00,0x00,0x00,0x00,0x00,0x00,0x00,0x00,0x00,0x00,0x00,0x00,0x00,0x00,0x00,
  0x00,0x00,0x00,0x00,0x00,0x00,0x00,0x00,0x00,0x00,0x00,0x00,0x00,0x00,0x00,0x00,0x00,0x00,0x00,0x00,
  0x00,0x00,0x00,0x00,0x00,0x00,0x00,0x00,0x00,0x00,0x00,0x00,0x00,0x00,0x00,0x00,0x00,0x00,0x00,0x00,
  0x00,0x00,0x00,0x00,0x00,0x00,0x00,0x00,0x00,0x00,0x00,0x00,0x00,0x00,0x00,0x00,0x00,0x00,0x0A,0xFF,
  0x80,0x00,0x00,0x08,0xFF,0x80,0x03,0xFF,0xE1,0x00,0x00,0x0E,0xFF,0x20,0x00,0xAF,0xF7,0x00,0x00,0x5F,
  0xFA,0x00,0x00,0x3F,0xFD,0x00,0x00,0xBF,0xF4,0x00,0x00,0x0B,0xFF,0x50,0x02,0xFF,0xC0,0x00,0x00,0x04,
  0xFF,0xB0,0x08,0xFF,0x60,0x00,0x00,0x00,0xCF,0xF3,0x0E,0xFE,0x10,0x00,0x00,0x00,0x5F,0xF9,0x5F,0xF8,
  0x00,0x00,0x00,0x00,0x0D,0xFF,0xCF,0xF2,0x00,0x00,0x00,0x00,0x05,0xFF,0xFF,0xA0,0x00,0x00,0x00,0x00,
  0x00,0xDF,0xFF,0x40,0x00,0x00,0x00,0x00,0x00,0x6F,0xFC,0x00,0x00,0x00,0x00,0x00,0x00,0x9F,0xF6,0x00,
  0x00,0x00,0x00,0x04,0x7A,0xFF,0xD0,0x00,0x00,0x00,0x00,0x08,0xFF,0xFF,0x40,0x00,0x00,0x00,0x00,0x08,
  0xFE,0xB4,0x00,0x00,0x00,0x00,0x00,0x00,0x00,0x00,0x00,0x00,0x00,0x00,0x00,0x00,0x00,0x00,0x00,0x00,
  0x00,0x00,0x00,0x00,0x00,0x00,0x00,0x00,0x00,0x00,0x00,0x00,0x00,0x00,0x00,0x00,0x00,0x00,0x00,0x00,
  0x00,0x00,0x00,0x00,0x00,0x00,0x00,0x00,0x00,0x00,0x00,0x00,0x00,0x00,0x00,0x00,0x00,0x00,0x00,0x00,
  0x00,0x00,0x00,0x00,0x00,0x00,0x00,0x00,0x00,0x00,0x00,0x00,0x00,0x00,0x00,0x00,0x00,0x00,0x00,0x00,
  0x00,0x00,0x00,0x00,0x00,0x00,0x00,0x00,0x00,0x00,0x00,0x00,0x00,0x00,0x00,0x00,0x00,0x00,0x00,0x00,
  0x00,0x00,0x00,0x00,0x00,0x00,0x00,0x00,0x00,0x00,0x00,0x00,0x00,0x00,0x00,0x00,0x6F,0xF6,0x00,0x00,
  0x00,0x00,0x00,0x00,0x00,0x00,0x7F,0xF7,0x00,0x00,0x00,0x00,0x00,0x00,0x07,0xCE,0xFF,0xFF,0xEC,0x70,
  0x00,0x00,0x00,0x02,0xCF,0xFF,0xFF,0xFF,0xFF,0xFC,0x20,0x00,0x00,0x0D,0xFF,0xD8,0x9F,0xF9,0x8D,0xFF,
  0xC0,0x00,0x00,0x8F,0xFB,0x10,0x6F,0xF6,0x01,0xBF,0xF7,0x00,0x00,0xDF,0xE1,0x00,0x6F,0xF6,0x00,0x2E,
  0xFD,0x00,0x01,0xFF,0xB0,0x00,0x6F,0xF6,0x00,0x0B,0xFF,0x00,0x03,0xFF,0x90,0x00,0x6F,0xF6,0x00,0x09,
  0xFF,0x30,0x01,0xFF,0xA0,0x00,0x6F,0xF6,0x00,0x0A,0xFF,0x10,0x00,0xEF,0xD0,0x00,0x6F,0xF6,0x00,0x0D,
  0xFE,0x00,0x00,0xBF,0xF6,0x00,0x6F,0xF6,0x00,0x6F,0xFA,0x00,0x00,0x2F,0xFF,0x82,0x6F,0xF6,0x28,0xFF,
  0xE2,0x00,0x00,0x06,0xFF,0xFF,0xFF,0xFF,0xFF,0xFF,0x60,0x00,0x00,0x00,0x3C,0xFF,0xFF,0xFF,0xFF,0xC3,
  0x00,0x00,0x00,0x00,0x00,0x25,0xAF,0xFA,0x52,0x00,0x00,0x00,0x00,0x00,0x00,0x00,0x6F,0xF6,0x00,0x00,
  0x00,0x00,0x00,0x00,0x00,0x00,0x26,0x62,0x00,0x00,0x00,0x00,0x00,0x00,0x00,0x00,0x00,0x00,0x00,0x00,
  0x00,0x00,0x00,0x00,0x00,0x00,0x00,0x00,0x00,0x00,0x00,0x00,0x00,0x00,0x00,0x00,0x00,0x00,0x00,0x00,
  0x00,0x00,0x00,0x00,0x00,0x00,0x00,0x00,0x00,0x00,0x00,0x00,0x00,0x00,0x00,0x00,0x00,0x00,0x00,0x00,
  0x00,0x00,0x00,0x00,0x00,0x00,0x00,0x00,0x00,0x00,0x00,0x00,0x00,0x00,0x00,0x00,0x00,0x00,0x00,0x00,
  0x00,0x00,0x00,0x00,0x00,0x00,0x00,0x00,0x00,0x00,0x00,0x00,0x00,0x00,0x00,0x00,0x00,0x00,0x00,0x00,
  0x00,0x00,0x00,0x00,0x00,0x00,0x00,0x00,0x00,0x00,0x00,0x00,0x00,0x00,0x00,0x00,0x00,0x00,0x00,0x00,
  0x00,0x00,0x00,0x02,0xEF,0xF3,0x00,0x00,0x02,0xFF,0xE1,0x00,0x06,0xFF,0xD0,0x00,0x00,0xCF,0xF5,0x00,
  0x00,0x0B,0xFF,0x80,0x00,0x7F,0xFA,0x00,0x00,0x00,0x1E,0xFF,0x30,0x3F,0xFE,0x10,0x00,0x00,0x00,0x5F,
  0xFC,0x0C,0xFF,0x50,0x00,0x00,0x00,0x00,0xAF,0xFC,0xFF,0x90,0x00,0x00,0x00,0x00,0x01,0xEF,0xFF,0xD1,
  0x00,0x00,0x00,0x00,0x00,0x05,0xFF,0xF5,0x00,0x00,0x00,0x00,0x00,0x00,0x8F,0xFF,0x90,0x00,0x00,0x00,
  0x00,0x00,0x4F,0xFF,0xFF,0x50,0x00,0x00,0x00,0x00,0x1D,0xFF,0x6F,0xFE,0x10,0x00,0x00,0x00,0x0A,0xFF,
  0x70,0x8F,0xFA,0x00,0x00,0x00,0x06,0xFF,0xC0,0x01,0xDF,0xF6,0x00,0x00,0x02,0xEF,0xE2,0x00,0x03,0xFF,
  0xE2,0x00,0x00,0xBF,0xF6,0x00,0x00,0x08,0xFF,0xB0,0x00,0x7F,0xFB,0x00,0x00,0x00,0x0C,0xFF,0x70,0x00,
  0x00,0x00,0x00,0x00,0x00,0x00,0x00,0x00,0x00,0x00,0x00,0x00,0x00,0x00,0x00,0x00,0x00,0x00,0x00,0x00,
  0x00,0x00,0x00,0x00,0x00,0x00,0x00,0x00,0x00,0x00,0x00,0x00,0x00,0x00,0x00,0x00,0x00,0x00,0x00,0x00,
  0x00,0x00,0x00,0x00,0x00,0x00,0x00,0x00,0x00,0x00,0x00,0x00,0x00,0x00,0x00,0x00,0x00,0x00,0x00,0x00,
  0x00,0x00,0x00,0x00,0x00,0x00,0x00,0x00,0x00,0x00,0x00,0x00,0x00,0x00,0x00,0x00,0x00,0x00,0x00,0x00,
  0x00,0x00,0x00,0x00,0x00,0x00,0x00,0x00,0x00,0x00,0x00,0x00,0x00,0x00,0x00,0x00,0x00,0x00,0x00,0x00,
  0x00,0x00,0x00,0x00,0x00,0x00,0x00,0x00,0x00,0x00,0x00,0x00,0x00,0x00,0xAF,0xF2,0x00,0x00,0x00,0xCF,
  0xF1,0x00,0x00,0xAF,0xF2,0x00,0x00,0x00,0xCF,0xF1,0x00,0x00,0xAF,0xF2,0x00,0x00,0x00,0xCF,0xF1,0x00,
  0x00,0xAF,0xF2,0x00,0x00,0x00,0xCF,0xF1,0x00,0x00,0xAF,0xF2,0x00,0x00,0x00,0xCF,0xF1,0x00,0x00,0xAF,
  0xF2,0x00,0x00,0x00,0xCF,0xF1,0x00,0x00,0xAF,0xF2,0x00,0x00,0x00,0xCF,0xF1,0x00,0x00,0xAF,0xF2,0x00,
  0x00,0x00,0xCF,0xF1,0x00,0x00,0xAF,0xF2,0x00,0x00,0x00,0xCF,0xF1,0x00,0x00,0xAF,0xF2,0x00,0x00,0x00,
  0xCF,0xF1,0x00,0x00,0xAF,0xF2,0x00,0x00,0x00,0xCF,0xF1,0x00,0x00,0xAF,0xF2,0x00,0x00,0x00,0xCF,0xF1,
  0x00,0x00,0xAF,0xF2,0x00,0x00,0x00,0xCF,0xF1,0x00,0x00,0xAF,0xF8,0x77,0x77,0x77,0xDF,0xF7,0x40,0x00,
  0xAF,0xFF,0xFF,0xFF,0xFF,0xFF,0xFF,0x90,0x00,0xAF,0xFF,0xFF,0xFF,0xFF,0xFF,0xFF,0x90,0x00,0x00,0x00,
  0x00,0x00,0x00,0x02,0xFF,0x90,0x00,0x00,0x00,0x00,0x00,0x00,0x02,0xFF,0x80,0x00,0x00,0x00,0x00,0x00,
  0x00,0x02,0xFF,0x80,0x00,0x00,0x00,0x00,0x00,0x00,0x01,0x77,0x30,0x00,0x00,0x00,0x00,0x00,0x00,0x00,
  0x00,0x00,0x00,0x00,0x00,0x00,0x00,0x00,0x00,0x00,0x00,0x00,0x00,0x00,0x00,0x00,0x00,0x00,0x00,0x00,
  0x00,0x00,0x00,0x00,0x00,0x00,0x00,0x00,0x00,0x00,0x00,0x00,0x00,0x00,0x00,0x00,0x00,0x00,0x00,0x00,
  0x00,0x00,0x00,0x00,0x00,0x00,0x00,0x00,0x00,0x00,0x00,0x00,0x00,0x00,0x00,0x00,0x00,0x00,0x00,0x00,
  0x00,0x00,0x00,0x00,0x00,0x00,0x00,0x00,0x00,0x00,0x00,0x00,0xCF,0xF1,0x00,0x00,0x04,0xFF,0x80,0x00,
  0x0C,0xFF,0x10,0x00,0x00,0x4F,0xF8,0x00,0x00,0xCF,0xF1,0x00,0x00,0x04,0xFF,0x80,0x00,0x0C,0xFF,0x10,
  0x00,0x00,0x4F,0xF8,0x00,0x00,0xCF,0xF1,0x00,0x00,0x04,0xFF,0x80,0x00,0x0B,0xFF,0x20,0x00,0x00,0x4F,
  0xF8,0x00,0x00,0x8F,0xF6,0x00,0x00,0x04,0xFF,0x80,0x00,0x05,0xFF,0xE6,0x11,0x26,0xCF,0xF8,0x00,0x00,
  0x0B,0xFF,0xFF,0xFF,0xFF,0xFF,0x80,0x00,0x00,0x18,0xEF,0xFF,0xFE,0xBF,0xF8,0x00,0x00,0x00,0x01,0x35,
  0x43,0x04,0xFF,0x80,0x00,0x00,0x00,0x00,0x00,0x00,0x4F,0xF8,0x00,0x00,0x00,0x00,0x00,0x00,0x04,0xFF,
  0x80,0x00,0x00,0x00,0x00,0x00,0x00,0x4F,0xF8,0x00,0x00,0x00,0x00,0x00,0x00,0x04,0xFF,0x80,0x00,0x00,
  0x00,0x00,0x00,0x00,0x4F,0xF8,0x00,0x00,0x00,0x00,0x00,0x00,0x00,0x00,0x00,0x00,0x00,0x00,0x00,0x00,
  0x00,0x00,0x00,0x00,0x00,0x00,0x00,0x00,0x00,0x00,0x00,0x00,0x00,0x00,0x00,0x00,0x00,0x00,0x00,0x00,
  0x00,0x00,0x00,0x00,0x00,0x00,0x00,0x00,0x00,0x00,0x00,0x00,0x00,0x00,0x00,0x00,0x00,0x00,0x00,0x00,
  0x00,0x00,0x00,0x00,0x00,0x00,0x00,0x00,0x00,0x00,0x00,0x00,0x00,0x00,0x00,0x00,0x00,0x00,0x00,0x00,
  0x00,0x00,0x00,0x00,0x00,0x00,0x00,0x00,0x00,0x00,0x00,0x00,0x00,0x00,0x00,0x00,0x00,0x00,0x00,0x00,
  0x00,0x00,0x00,0x00,0x00,0x00,0x00,0x00,0x00,0x00,0x00,0x00,0x00,0x00,0x00,0x00,0x00,0x00,0x00,0x00,
  0x00,0x00,0x00,0x00,0x00,0x00,0x00,0x00,0x00,0x00,0x00,0x00,0x00,0x00,0x00,0x00,0x00,0xAF,0xF2,0x00,
  0x00,0xFF,0xD0,0x00,0x04,0xFF,0x80,0x00,0x0A,0xFF,0x20,0x00,0x0F,0xFD,0x00,0x00,0x4F,0xF8,0x00,0x00,
  0xAF,0xF2,0x00,0x00,0xFF,0xD0,0x00,0x04,0xFF,0x80,0x00,0x0A,0xFF,0x20,0x00,0x0F,0xFD,0x00,0x00,0x4F,
  0xF8,0x00,0x00,0xAF,0xF2,0x00,0x00,0xFF,0xD0,0x00,0x04,0xFF,0x80,0x00,0x0A,0xFF,0x20,0x00,0x0F,0xFD,
  0x00,0x00,0x4F,0xF8,0x00,0x00,0xAF,0xF2,0x00,0x00,0xFF,0xD0,0x00,0x04,0xFF,0x80,0x00,0x0A,0xFF,0x20,
  0x00,0x0F,0xFD,0x00,0x00,0x4F,0xF8,0x00,0x00,0xAF,0xF2,0x00,0x00,0xFF,0xD0,0x00,0x04,0xFF,0x80,0x00,
  0x0A,0xFF,0x20,0x00,0x0F,0xFD,0x00,0x00,0x4F,0xF8,0x00,0x00,0xAF,0xF2,0x00,0x00,0xFF,0xD0,0x00,0x04,
  0xFF,0x80,0x00,0x0A,0xFF,0x20,0x00,0x0F,0xFD,0x00,0x00,0x4F,0xF8,0x00,0x00,0xAF,0xF2,0x00,0x00,0xFF,
  0xD0,0x00,0x04,0xFF,0x80,0x00,0x0A,0xFF,0x87,0x77,0x7F,0xFE,0x77,0x77,0x9F,0xF8,0x00,0x00,0xAF,0xFF,
  0xFF,0xFF,0xFF,0xFF,0xFF,0xFF,0xFF,0x80,0x00,0x0A,0xFF,0xFF,0xFF,0xFF,0xFF,0xFF,0xFF,0xFF,0xF8,0x00,
  0x00,0x00,0x00,0x00,0x00,0x00,0x00,0x00,0x00,0x00,0x00,0x00,0x00,0x00,0x00,0x00,0x00,0x00,0x00,0x00,
  0x00,0x00,0x00,0x00,0x00,0x00,0x00,0x00,0x00,0x00,0x00,0x00,0x00,0x00,0x00,0x00,0x00,0x00,0x00,0x00,
  0x00,0x00,0x00,0x00,0x00,0x00,0x00,0x00,0x00,0x00,0x00,0x00,0x00,0x00,0x00,0x00,0x00,0x00,0x00,0x00,
  0x00,0x00,0x00,0x00,0x00,0x00,0x00,0x00,0x00,0x00,0x00,0x00,0x00,0x00,0x00,0x00,0x00,0x00,0x00,0x00,
  0x00,0x00,0x00,0x00,0x00,0x00,0x00,0x00,0x00,0x00,0x00,0x00,0x00,0x00,0x00,0x00,0x00,0x00,0x00,0x00,
  0x00,0x00,0x00,0x00,0x00,0x00,0x00,0x00,0x00,0x00,0x00,0x00,0x00,0x00,0x00,0x00,0x00,0x00,0x00,0x00,
  0x00,0x00,0x00,0x00,0x00,0x00,0x00,0x00,0x00,0x00,0x00,0x00,0x00,0x00,0x00,0x00,0x00,0x00,0x00,0x00,
  0x00,0x00,0x00,0x00,0x00,0x00,0x00,0x00,0x00,0x00,0x00,0xAF,0xF2,0x00,0x00,0xFF,0xD0,0x00,0x04,0xFF,
  0x80,0x00,0x0A,0xFF,0x20,0x00,0x0F,0xFD,0x00,0x00,0x4F,0xF8,0x00,0x00,0xAF,0xF2,0x00,0x00,0xFF,0xD0,
  0x00,0x04,0xFF,0x80,0x00,0x0A,0xFF,0x20,0x00,0x0F,0xFD,0x00,0x00,0x4F,0xF8,0x00,0x00,0xAF,0xF2,0x00,
  0x00,0xFF,0xD0,0x00,0x04,0xFF,0x80,0x00,0x0A,0xFF,0x20,0x00,0x0F,0xFD,0x00,0x00,0x4F,0xF8,0x00,0x00,
  0xAF,0xF2,0x00,0x00,0xFF,0xD0,0x00,0x04,0xFF,0x80,0x00,0x0A,0xFF,0x20,0x00,0x0F,0xFD,0x00,0x00,0x4F,
  0xF8,0x00,0x00,0xAF,0xF2,0x00,0x00,0xFF,0xD0,0x00,0x04,0xFF,0x80,0x00,0x0A,0xFF,0x20,0x00,0x0F,0xFD,
  0x00,0x00,0x4F,0xF8,0x00,0x00,0xAF,0xF2,0x00,0x00,0xFF,0xD0,0x00,0x04,0xFF,0x80,0x00,0x0A,0xFF,0x20,
  0x00,0x0F,0xFD,0x00,0x00,0x4F,0xF8,0x00,0x00,0xAF,0xF2,0x00,0x00,0xFF,0xD0,0x00,0x04,0xFF,0x80,0x00,
  0x0A,0xFF,0x87,0x77,0x7F,0xFE,0x77,0x77,0x9F,0xFB,0x71,0x00,0xAF,0xFF,0xFF,0xFF,0xFF,0xFF,0xFF,0xFF,
  0xFF,0xFF,0x20,0x0A,0xFF,0xFF,0xFF,0xFF,0xFF,0xFF,0xFF,0xFF,0xFF,0xF1,0x00,0x00,0x00,0x00,0x00,0x00,
  0x00,0x00,0x00,0x09,0xFF,0x10,0x00,0x00,0x00,0x00,0x00,0x00,0x00,0x00,0x00,0x9F,0xF1,0x00,0x00,0x00,
  0x00,0x00,0x00,0x00,0x00,0x00,0x09,0xFF,0x10,0x00,0x00,0x00,0x00,0x00,0x00,0x00,0x00,0x00,0x47,0x70,
  0x00,0x00,0x00,0x00,0x00,0x00,0x00,0x00,0x00,0x00,0x00,0x00,0x00,0x00,0x00,0x00,0x00,0x00,0x00,0x00,
  0x00,0x00,0x00,0x00,0x00,0x00,0x00,0x00,0x00,0x00,0x00,0x00,0x00,0x00,0x00,0x00,0x00,0x00,0x00,0x00,
  0x00,0x00,0x00,0x00,0x00,0x00,0x00,0x00,0x00,0x00,0x00,0x00,0x00,0x00,0x00,0x00,0x00,0x00,0x00,0x00,
  0x00,0x00,0x00,0x00,0x00,0x00,0x00,0x00,0x00,0x00,0x00,0x00,0x00,0x00,0x00,0x00,0x00,0x00,0x00,0x00,
  0x00,0x00,0x00,0x00,0x00,0x00,0x00,0x00,0x00,0x00,0x00,0x00,0x00,0x00,0x00,0x08,0xFF,0xFF,0xFF,0xC0,
  0x00,0x00,0x00,0x00,0x00,0x08,0xFF,0xFF,0xFF,0xC0,0x00,0x00,0x00,0x00,0x00,0x04,0x77,0x78,0xFF,0xC0,
  0x00,0x00,0x00,0x00,0x00,0x00,0x00,0x01,0xFF,0xC0,0x00,0x00,0x00,0x00,0x00,0x00,0x00,0x01,0xFF,0xC0,
  0x00,0x00,0x00,0x00,0x00,0x00,0x00,0x01,0xFF,0xC0,0x00,0x00,0x00,0x00,0x00,0x00,0x00,0x01,0xFF,0xFF,
  0xFF,0xEC,0x92,0x00,0x00,0x00,0x00,0x01,0xFF,0xFF,0xFF,0xFF,0xFF,0x60,0x00,0x00,0x00,0x01,0xFF,0xD6,
  0x66,0x7A,0xFF,0xF3,0x00,0x00,0x00,0x01,0xFF,0xC0,0x00,0x00,0x7F,0xF8,0x00,0x00,0x00,0x01,0xFF,0xC0,
  0x00,0x00,0x1F,0xFB,0x00,0x00,0x00,0x01,0xFF,0xC0,0x00,0x00,0x1F,0xFB,0x00,0x00,0x00,0x01,0xFF,0xC0,
  0x00,0x00,0x8F,0xF8,0x00,0x00,0x00,0x01,0xFF,0xD6,0x66,0x7B,0xFF,0xF2,0x00,0x00,0x00,0x01,0xFF,0xFF,
  0xFF,0xFF,0xFF,0x60,0x00,0x00,0x00,0x01,0xFF,0xFF,0xFF,0xFC,0xA2,0x00,0x00,0x00,0x00,0x00,0x00,0x00,
  0x00,0x00,0x00,0x00,0x00,0x00,0x00,0x00,0x00,0x00,0x00,0x00,0x00,0x00,0x00,0x00,0x00,0x00,0x00,0x00,
  0x00,0x00,0x00,0x00,0x00,0x00,0x00,0x00,0x00,0x00,0x00,0x00,0x00,0x00,0x00,0x00,0x00,0x00,0x00,0x00,
  0x00,0x00,0x00,0x00,0x00,0x00,0x00,0x00,0x00,0x00,0x00,0x00,0x00,0x00,0x00,0x00,0x00,0x00,0x00,0x00,
  0x00,0x00,0x00,0x00,0x00,0x00,0x00,0x00,0x00,0x00,0x00,0x00,0x00,0x00,0x00,0x00,0x00,0x00,0x00,0x00,
  0x00,0x00,0x00,0x00,0x00,0x00,0x00,0x00,0x00,0x00,0x00,0x00,0x00,0x00,0x00,0x00,0x00,0x00,0x00,0x00,
  0x00,0x00,0x00,0x00,0x00,0x00,0x00,0x00,0x00,0x00,0x00,0x00,0x00,0x00,0x00,0x00,0x00,0x00,0x00,0x00,
  0x00,0x00,0x00,0x00,0x00,0x00,0x00,0x00,0x00,0xAF,0xF2,0x00,0x00,0x00,0x00,0x05,0xFF,0x70,0x00,0x0A,
  0xFF,0x20,0x00,0x00,0x00,0x00,0x5F,0xF7,0x00,0x00,0xAF,0xF2,0x00,0x00,0x00,0x00,0x05,0xFF,0x70,0x00,
  0x0A,0xFF,0x20,0x00,0x00,0x00,0x00,0x5F,0xF7,0x00,0x00,0xAF,0xF2,0x00,0x00,0x00,0x00,0x05,0xFF,0x70,
  0x00,0x0A,0xFF,0x20,0x00,0x00,0x00,0x00,0x5F,0xF7,0x00,0x00,0xAF,0xFF,0xFF,0xFD,0xB5,0x00,0x05,0xFF,
  0x70,0x00,0x0A,0xFF,0xFF,0xFF,0xFF,0xFB,0x00,0x5F,0xF7,0x00,0x00,0xAF,0xF7,0x66,0x68,0xEF,0xF8,0x05,
  0xFF,0x70,0x00,0x0A,0xFF,0x20,0x00,0x02,0xEF,0xE0,0x5F,0xF7,0x00,0x00,0xAF,0xF2,0x00,0x00,0x0A,0xFF,
  0x25,0xFF,0x70,0x00,0x0A,0xFF,0x20,0x00,0x00,0xBF,0xF1,0x5F,0xF7,0x00,0x00,0xAF,0xF2,0x00,0x00,0x3F,
  0xFE,0x05,0xFF,0x70,0x00,0x0A,0xFF,0x76,0x67,0x9E,0xFF,0x80,0x5F,0xF7,0x00,0x00,0xAF,0xFF,0xFF,0xFF,
  0xFF,0xB0,0x05,0xFF,0x70,0x00,0x0A,0xFF,0xFF,0xFF,0xDB,0x50,0x00,0x5F,0xF7,0x00,0x00,0x00,0x00,0x00,
  0x00,0x00,0x00,0x00,0x00,0x00,0x00,0x00,0x00,0x00,0x00,0x00,0x00,0x00,0x00,0x00,0x00,0x00,0x00,0x00,
  0x00,0x00,0x00,0x00,0x00,0x00,0x00,0x00,0x00,0x00,0x00,0x00,0x00,0x00,0x00,0x00,0x00,0x00,0x00,0x00,
  0x00,0x00,0x00,0x00,0x00,0x00,0x00,0x00,0x00,0x00,0x00,0x00,0x00,0x00,0x00,0x00,0x00,0x00,0x00,0x00,
  0x00,0x00,0x00,0x00,0x00,0x00,0x00,0x00,0x00,0x00,0x00,0x00,0x00,0x00,0x00,0x00,0x00,0x00,0x00,0x00,
  0x00,0x00,0x00,0x00,0x00,0x00,0x00,0x00,0x00,0x00,0x00,0x00,0x00,0x00,0x00,0x00,0x00,0x00,0x00,0x00,
  0x00,0x00,0x00,0x00,0x00,0x00,0x00,0x00,0x00,0x00,0x00,0x00,0x00,0x00,0x00,0x00,0x00,0x00,0x00,0xAF,
  0xF2,0x00,0x00,0x00,0x00,0x00,0x00,0xAF,0xF2,0x00,0x00,0x00,0x00,0x00,0x00,0xAF,0xF2,0x00,0x00,0x00,
  0x00,0x00,0x00,0xAF,0xF2,0x00,0x00,0x00,0x00,0x00,0x00,0xAF,0xF2,0x00,0x00,0x00,0x00,0x00,0x00,0xAF,
  0xF2,0x00,0x00,0x00,0x00,0x00,0x00,0xAF,0xFF,0xFF,0xFD,0xB5,0x00,0x00,0x00,0xAF,0xFF,0xFF,0xFF,0xFF,
  0xB0,0x00,0x00,0xAF,0xF7,0x66,0x68,0xEF,0xF8,0x00,0x00,0xAF,0xF2,0x00,0x00,0x2E,0xFE,0x00,0x00,0xAF,
  0xF2,0x00,0x00,0x0A,0xFF,0x20,0x00,0xAF,0xF2,0x00,0x00,0x0B,0xFF,0x10,0x00,0xAF,0xF2,0x00,0x00,0x3F,
  0xFE,0x00,0x00,0xAF,0xF7,0x66,0x79,0xEF,0xF8,0x00,0x00,0xAF,0xFF,0xFF,0xFF,0xFF,0xB0,0x00,0x00,0xAF,
  0xFF,0xFF,0xFD,0xB5,0x00,0x00,0x00,0x00,0x00,0x00,0x00,0x00,0x00,0x00,0x00,0x00,0x00,0x00,0x00,0x00,
  0x00,0x00,0x00,0x00,0x00,0x00,0x00,0x00,0x00,0x00,0x00,0x00,0x00,0x00,0x00,0x00,0x00,0x00,0x00,0x00,
  0x00,0x00,0x00,0x00,0x00,0x00,0x00,0x00,0x00,0x00,0x00,0x00,0x00,0x00,0x00,0x00,0x00,0x00,0x00,0x00,
  0x00,0x00,0x00,0x00,0x00,0x00,0x00,0x00,0x00,0x00,0x00,0x00,0x00,0x00,0x00,0x00,0x00,0x00,0x00,0x00,
  0x00,0x00,0x00,0x00,0x00,0x00,0x00,0x00,0x00,0x00,0x00,0x00,0x00,0x00,0x00,0x00,0x00,0x00,0x00,0x00,
  0x00,0x00,0x00,0x00,0x00,0x00,0x00,0x00,0x00,0x00,0x00,0x00,0x00,0x00,0x00,0x00,0x00,0x00,0x04,0xAC,
  0xEE,0xB7,0x00,0x00,0x00,0x00,0x01,0xBF,0xFF,0xFF,0xFF,0xC3,0x00,0x00,0x00,0x0C,0xFF,0xFB,0x9A,0xEF,
  0xFF,0x30,0x00,0x00,0x8F,0xFC,0x20,0x00,0x18,0xFF,0xC0,0x00,0x00,0xDF,0xE1,0x00,0x00,0x00,0xAF,0xF7,
  0x00,0x01,0x88,0x60,0x00,0x00,0x00,0x2F,0xFC,0x00,0x00,0x00,0x00,0x05,0x55,0x55,0x5E,0xFF,0x00,0x00,
  0x00,0x00,0x0D,0xFF,0xFF,0xFF,0xFF,0x20,0x00,0x00,0x00,0x0D,0xFF,0xFF,0xFF,0xFF,0x20,0x00,0x00,0x00,
  0x00,0x00,0x00,0x0D,0xFF,0x00,0x01,0x88,0x60,0x00,0x00,0x00,0x2F,0xFC,0x00,0x00,0xDF,0xF1,0x00,0x00,
  0x00,0xAF,0xF7,0x00,0x00,0x8F,0xFC,0x10,0x00,0x18,0xFF,0xC0,0x00,0x00,0x0C,0xFF,0xEA,0x9A,0xEF,0xFF,
  0x30,0x00,0x00,0x01,0xBF,0xFF,0xFF,0xFF,0xC3,0x00,0x00,0x00,0x00,0x04,0xAC,0xEE,0xC7,0x00,0x00,0x00,
  0x00,0x00,0x00,0x00,0x00,0x00,0x00,0x00,0x00,0x00,0x00,0x00,0x00,0x00,0x00,0x00,0x00,0x00,0x00,0x00,
  0x00,0x00,0x00,0x00,0x00,0x00,0x00,0x00,0x00,0x00,0x00,0x00,0x00,0x00,0x00,0x00,0x00,0x00,0x00,0x00,
  0x00,0x00,0x00,0x00,0x00,0x00,0x00,0x00,0x00,0x00,0x00,0x00,0x00,0x00,0x00,0x00,0x00,0x00,0x00,0x00,
  0x00,0x00,0x00,0x00,0x00,0x00,0x00,0x00,0x00,0x00,0x00,0x00,0x00,0x00,0x00,0x00,0x00,0x00,0x00,0x00,
  0x00,0x00,0x00,0x00,0x00,0x00,0x00,0x00,0x00,0x00,0x00,0x00,0x00,0x00,0x00,0x00,0x00,0x00,0x00,0x00,
  0x00,0x00,0x00,0x00,0x00,0x00,0x00,0x00,0x00,0x00,0x00,0x00,0x00,0x00,0x00,0x00,0x00,0x00,0x00,0x00,
  0x00,0x00,0x00,0x00,0x00,0x00,0x00,0x00,0x00,0x00,0x00,0x00,0x00,0x00,0x00,0x00,0xAF,0xF2,0x00,0x00,
  0x01,0x8B,0xEE,0xD9,0x20,0x00,0x00,0x00,0xAF,0xF2,0x00,0x00,0x6E,0xFF,0xFF,0xFF,0xE6,0x00,0x00,0x00,
  0xAF,0xF2,0x00,0x06,0xFF,0xFD,0xAA,0xDF,0xFF,0x80,0x00,0x00,0xAF,0xF2,0x00,0x3F,0xFF,0x60,0x00,0x05,
  0xEF,0xF3,0x00,0x00,0xAF,0xF2,0x00,0xAF,0xF7,0x00,0x00,0x00,0x5F,0xFC,0x00,0x00,0xAF,0xF2,0x00,0xEF,
  0xD0,0x00,0x00,0x00,0x0C,0xFF,0x20,0x00,0xAF,0xF6,0x47,0xFF,0xA0,0x00,0x00,0x00,0x09,0xFF,0x50,0x00,
  0xAF,0xFF,0xFF,0xFF,0x80,0x00,0x00,0x00,0x06,0xFF,0x70,0x00,0xAF,0xFF,0xFF,0xFF,0x80,0x00,0x00,0x00,
  0x07,0xFF,0x70,0x00,0xAF,0xF2,0x03,0xFF,0xA0,0x00,0x00,0x00,0x09,0xFF,0x50,0x00,0xAF,0xF2,0x00,0xEF,
  0xD0,0x00,0x00,0x00,0x0C,0xFF,0x20,0x00,0xAF,0xF2,0x00,0xAF,0xF7,0x00,0x00,0x00,0x6F,0xFC,0x00,0x00,
  0xAF,0xF2,0x00,0x3E,0xFF,0x60,0x00,0x05,0xEF,0xF3,0x00,0x00,0xAF,0xF2,0x00,0x06,0xFF,0xFD,0xA9,0xCF,
  0xFF,0x80,0x00,0x00,0xAF,0xF2,0x00,0x00,0x6E,0xFF,0xFF,0xFF,0xF8,0x00,0x00,0x00,0xAF,0xF2,0x00,0x00,
  0x01,0x8B,0xEE,0xD9,0x30,0x00,0x00,0x00,0x00,0x00,0x00,0x00,0x00,0x00,0x00,0x00,0x00,0x00,0x00,0x00,
  0x00,0x00,0x00,0x00,0x00,0x00,0x00,0x00,0x00,0x00,0x00,0x00,0x00,0x00,0x00,0x00,0x00,0x00,0x00,0x00,
  0x00,0x00,0x00,0x00,0x00,0x00,0x00,0x00,0x00,0x00,0x00,0x00,0x00,0x00,0x00,0x00,0x00,0x00,0x00,0x00,
  0x00,0x00,0x00,0x00,0x00,0x00,0x00,0x00,0x00,0x00,0x00,0x00,0x00,0x00,0x00,0x00,0x00,0x00,0x00,0x00,
  0x00,0x00,0x00,0x00,0x00,0x00,0x00,0x00,0x00,0x00,0x00,0x00,0x00,0x00,0x00,0x00,0x00,0x00,0x00,0x00,
  0x00,0x00,0x00,0x00,0x00,0x00,0x00,0x00,0x00,0x00,0x00,0x00,0x00,0x00,0x00,0x00,0x00,0x00,0x00,0x00,
  0x00,0x00,0x00,0x00,0x00,0x00,0x00,0x00,0x00,0x00,0x00,0x00,0x00,0x00,0x00,0x00,0x00,0x00,0x00,0x00,
  0x00,0x3A,0xCF,0xFF,0xFF,0xFD,0x00,0x00,0x09,0xFF,0xFF,0xFF,0xFF,0xFD,0x00,0x00,0x5F,0xFF,0xA7,0x66,
  0x6F,0xFD,0x00,0x00,0xCF,0xF4,0x00,0x00,0x0F,0xFD,0x00,0x00,0xFF,0xC0,0x00,0x00,0x0F,0xFD,0x00,0x01,
  0xFF,0xB0,0x00,0x00,0x0F,0xFD,0x00,0x00,0xEF,0xE1,0x00,0x00,0x0F,0xFD,0x00,0x00,0x9F,0xFC,0x31,0x00,
  0x0F,0xFD,0x00,0x00,0x1D,0xFF,0xFF,0xFF,0xFF,0xFD,0x00,0x00,0x01,0x9F,0xFF,0xFF,0xFF,0xFD,0x00,0x00,
  0x00,0x7F,0xFA,0x55,0x5F,0xFD,0x00,0x00,0x01,0xEF,0xF2,0x00,0x0F,0xFD,0x00,0x00,0x08,0xFF,0x80,0x00,
  0x0F,0xFD,0x00,0x00,0x2E,0xFE,0x10,0x00,0x0F,0xFD,0x00,0x00,0x9F,0xF7,0x00,0x00,0x0F,0xFD,0x00,0x02,
  0xFF,0xE1,0x00,0x00,0x0F,0xFD,0x00,0x00,0x00,0x00,0x00,0x00,0x00,0x00,0x00,0x00,0x00,0x00,0x00,0x00,
  0x00,0x00,0x00,0x00,0x00,0x00,0x00,0x00,0x00,0x00,0x00,0x00,0x00,0x00,0x00,0x00,0x00,0x00,0x00,0x00,
  0x00,0x00,0x00,0x00,0x00,0x00,0x00,0x00,0x00,0x00,0x00,0x00,0x00,0x00,0x00,0x00,0x00,0x00,0x00,0x00,
  0x00,0x00,0x00,0x00,0x00,0x00,0x00,0x00,0x00,0x00,0x00,0x00,0x00,0x00,0x00,0x00,0x00,0x00,0x00,0x00,
  0x00,0x00,0x00,0x00,0x00,0x00,0x00,0x00,0x00,0x00,0x00,0x00,0x00,0x00,0x00,0x00,0x00,0x00,0x00,0x00,
  0x00,0x00,0x00,0x00,0x00,0x00,0x00,0x00,0x00,0x00,0x00,0x00,0x00,0x00,0x00,0x00,0x00,0x00,0x00,0x00,
  0x00,0x00,0x00,0x00,0x00,0x00,0x00,0x00,0x00,0x00,0x00,0x00,0x00,0x00,0x01,0x7C,0xEE,0xC7,0x00,0x00,
  0x00,0x1D,0xFF,0xFF,0xFF,0xC0,0x00,0x00,0x9F,0xF9,0x44,0xBF,0xF6,0x00,0x00,0xAC,0xA0,0x00,0x1F,0xF9,
  0x00,0x00,0x00,0x00,0x13,0x7F,0xFB,0x00,0x00,0x05,0xAD,0xFF,0xFF,0xFB,0x00,0x00,0x8F,0xFF,0xDA,0x7F,
  0xFB,0x00,0x01,0xFF,0xC3,0x00,0x0F,0xFB,0x00,0x03,0xFF,0x70,0x00,0x3F,0xFB,0x00,0x01,0xFF,0xC3,0x14,
  0xDF,0xFB,0x00,0x00,0xAF,0xFF,0xFF,0xBF,0xFB,0x00,0x00,0x17,0xDF,0xE9,0x1F,0xFB,0x00,0x00,0x00,0x00,
  0x00,0x00,0x00,0x00,0x00,0x00,0x00,0x00,0x00,0x00,0x00,0x00,0x00,0x00,0x00,0x00,0x00,0x00,0x00,0x00,
  0x00,0x00,0x00,0x00,0x00,0x00,0x00,0x00,0x00,0x00,0x00,0x00,0x00,0x00,0x00,0x00,0x00,0x00,0x00,0x00,
  0x00,0x00,0x00,0x00,0x00,0x00,0x00,0x00,0x00,0x00,0x00,0x00,0x00,0x00,0x00,0x00,0x00,0x00,0x00,0x00,
  0x00,0x00,0x00,0x00,0x00,0x00,0x00,0x00,0x00,0x00,0x00,0x00,0x00,0x00,0x00,0x00,0x00,0x00,0x00,0x00,
  0x00,0x00,0x00,0x00,0x00,0x00,0x00,0x00,0x00,0x00,0x00,0x00,0x00,0x00,0x00,0x02,0xFF,0x40,0x00,0x00,
  0x00,0x49,0xBE,0xFF,0xE1,0x00,0x00,0x01,0xBF,0xFF,0xFF,0xE5,0x00,0x00,0x00,0xCF,0xFB,0x75,0x20,0x00,
  0x00,0x00,0x5F,0xF5,0x00,0x00,0x00,0x00,0x00,0x0B,0xF9,0x4B,0xED,0xA3,0x00,0x00,0x01,0xFF,0x9F,0xFF,
  0xFF,0xF6,0x00,0x00,0x2F,0xFF,0xA2,0x15,0xEF,0xE2,0x00,0x03,0xFF,0xD0,0x00,0x05,0xFF,0x80,0x00,0x5F,
  0xF8,0x00,0x00,0x0F,0xFA,0x00,0x04,0xFF,0x60,0x00,0x00,0xEF,0xC0,0x00,0x1F,0xF8,0x00,0x00,0x1F,0xF9,
  0x00,0x00,0xDF,0xE1,0x00,0x07,0xFF,0x60,0x00,0x04,0xFF,0xD5,0x48,0xFF,0xC0,0x00,0x00,0x08,0xFF,0xFF,
  0xFF,0xD3,0x00,0x00,0x00,0x04,0xAD,0xEC,0x81,0x00,0x00,0x00,0x00,0x00,0x00,0x00,0x00,0x00,0x00,0x00,
  0x00,0x00,0x00,0x00,0x00,0x00,0x00,0x00,0x00,0x00,0x00,0x00,0x00,0x00,0x00,0x00,0x00,0x00,0x00,0x00,
  0x00,0x00,0x00,0x00,0x00,0x00,0x00,0x00,0x00,0x00,0x00,0x00,0x00,0x00,0x00,0x00,0x00,0x00,0x00,0x00,
  0x00,0x00,0x00,0x00,0x00,0x00,0x00,0x00,0x00,0x00,0x00,0x00,0x00,0x00,0x00,0x00,0x00,0x00,0x00,0x00,
  0x00,0x00,0x00,0x00,0x00,0x00,0x00,0x00,0x00,0x00,0x00,0x00,0x00,0x00,0x00,0x00,0x00,0x00,0x00,0x00,
  0x00,0x00,0x00,0x00,0x00,0x00,0x00,0x00,0x00,0x00,0x00,0x00,0x00,0x00,0x00,0x00,0x00,0x00,0x00,0x00,
  0x00,0x00,0x00,0x00,0x00,0x00,0x00,0x00,0x00,0x00,0x00,0x00,0x00,0x00,0x00,0xCF,0xFF,0xFE,0xD9,0x30,
  0x00,0x00,0xCF,0xFF,0xFF,0xFF,0xE2,0x00,0x00,0xCF,0xB2,0x23,0x8F,0xF8,0x00,0x00,0xCF,0xB0,0x00,0x1F,
  0xF9,0x00,0x00,0xCF,0xB0,0x01,0x8F,0xF5,0x00,0x00,0xCF,0xFF,0xFF,0xFE,0x50,0x00,0x00,0xCF,0xEB,0xBB,
  0xEF,0xE4,0x00,0x00,0xCF,0xB0,0x00,0x0D,0xFD,0x00,0x00,0xCF,0xB0,0x00,0x09,0xFF,0x10,0x00,0xCF,0xC3,
  0x33,0x6E,0xFE,0x00,0x00,0xCF,0xFF,0xFF,0xFF,0xF7,0x00,0x00,0xCF,0xFF,0xFF,0xEC,0x60,0x00,0x00,0x00,
  0x00,0x00,0x00,0x00,0x00,0x00,0x00,0x00,0x00,0x00,0x00,0x00,0x00,0x00,0x00,0x00,0x00,0x00,0x00,0x00,
  0x00,0x00,0x00,0x00,0x00,0x00,0x00,0x00,0x00,0x00,0x00,0x00,0x00,0x00,0x00,0x00,0x00,0x00,0x00,0x00,
  0x00,0x00,0x00,0x00,0x00,0x00,0x00,0x00,0x00,0x00,0x00,0x00,0x00,0x00,0x00,0x00,0x00,0x00,0x00,0x00,
  0x00,0x00,0x00,0x00,0x00,0x00,0x00,0x00,0x00,0x00,0x00,0x00,0x00,0x00,0x00,0x00,0x00,0x00,0x00,0x00,
  0x00,0x00,0x00,0x00,0x00,0x00,0x00,0x00,0x00,0x00,0x00,0x00,0x00,0x00,0x00,0x00,0x00,0x00,0x00,0x00,
  0x00,0x00,0x00,0x00,0x00,0x00,0x00,0x00,0xCF,0xFF,0xFF,0xFF,0x20,0x00,0xCF,0xFF,0xFF,0xFF,0x20,0x00,
  0xCF,0xE5,0x55,0x55,0x10,0x00,0xCF,0xE0,0x00,0x00,0x00,0x00,0xCF,0xE0,0x00,0x00,0x00,0x00,0xCF,0xE0,
  0x00,0x00,0x00,0x00,0xCF,0xE0,0x00,0x00,0x00,0x00,0xCF,0xE0,0x00,0x00,0x00,0x00,0xCF,0xE0,0x00,0x00,
  0x00,0x00,0xCF,0xE0,0x00,0x00,0x00,0x00,0xCF,0xE0,0x00,0x00,0x00,0x00,0xCF,0xE0,0x00,0x00,0x00,0x00,
  0x00,0x00,0x00,0x00,0x00,0x00,0x00,0x00,0x00,0x00,0x00,0x00,0x00,0x00,0x00,0x00,0x00,0x00,0x00,0x00,
  0x00,0x00,0x00,0x00,0x00,0x00,0x00,0x00,0x00,0x00,0x00,0x00,0x00,0x00,0x00,0x00,0x00,0x00,0x00,0x00,
  0x00,0x00,0x00,0x00,0x00,0x00,0x00,0x00,0x00,0x00,0x00,0x00,0x00,0x00,0x00,0x00,0x00,0x00,0x00,0x00,
  0x00,0x00,0x00,0x00,0x00,0x00,0x00,0x00,0x00,0x00,0x00,0x00,0x00,0x00,0x00,0x00,0x00,0x00,0x00,0x00,
  0x00,0x00,0x00,0x00,0x00,0x00,0x00,0x00,0x00,0x00,0x00,0x00,0x00,0x00,0x00,0x00,0x00,0x00,0x00,0x00,
  0x00,0x00,0x00,0x00,0x00,0x00,0x00,0x00,0x00,0x00,0x00,0x00,0x00,0x00,0x00,0x00,0x00,0x00,0x00,0x00,
  0x00,0x00,0x00,0xEF,0xFF,0xFF,0xFF,0xA0,0x00,0x00,0x00,0xFF,0xFF,0xFF,0xFF,0xA0,0x00,0x00,0x02,0xFF,
  0x95,0x55,0xFF,0xA0,0x00,0x00,0x03,0xFF,0x50,0x00,0xEF,0xA0,0x00,0x00,0x04,0xFF,0x40,0x00,0xEF,0xA0,
  0x00,0x00,0x06,0xFF,0x20,0x00,0xEF,0xA0,0x00,0x00,0x08,0xFF,0x00,0x00,0xEF,0xA0,0x00,0x00,0x0B,0xFC,
  0x00,0x00,0xEF,0xA0,0x00,0x00,0x1F,0xF7,0x00,0x00,0xEF,0xA0,0x00,0x04,0xBF,0xF6,0x55,0x55,0xFF,0xC5,
  0x20,0x0B,0xFF,0xFF,0xFF,0xFF,0xFF,0xFF,0x70,0x0B,0xFF,0xFF,0xFF,0xFF,0xFF,0xFF,0x70,0x0B,0xFE,0x00,
  0x00,0x00,0x02,0xFF,0x70,0x0B,0xFE,0x00,0x00,0x00,0x02,0xFF,0x70,0x0B,0xFE,0x00,0x00,0x00,0x02,0xFF,
  0x70,0x06,0x77,0x00,0x00,0x00,0x01,0x77,0x40,0x00,0x00,0x00,0x00,0x00,0x00,0x00,0x00,0x00,0x00,0x00,
  0x00,0x00,0x00,0x00,0x00,0x00,0x00,0x00,0x00,0x00,0x00,0x00,0x00,0x00,0x00,0x00,0x00,0x00,0x00,0x00,
  0x00,0x00,0x00,0x00,0x00,0x00,0x00,0x00,0x00,0x00,0x00,0x00,0x00,0x00,0x00,0x00,0x00,0x00,0x00,0x00,
  0x00,0x00,0x00,0x00,0x00,0x00,0x00,0x00,0x00,0x00,0x00,0x00,0x00,0x00,0x00,0x00,0x00,0x00,0x00,0x00,
  0x00,0x00,0x00,0x00,0x00,0x00,0x00,0x00,0x00,0x00,0x00,0x00,0x00,0x00,0x00,0x00,0x00,0x00,0x00,0x00,
  0x00,0x00,0x00,0x00,0x00,0x4A,0xDE,0xB6,0x00,0x00,0x00,0x07,0xFF,0xFF,0xFF,0xA1,0x00,0x00,0x4F,0xFB,
  0x43,0x8F,0xF7,0x00,0x00,0xCF,0xC0,0x00,0x09,0xFE,0x10,0x01,0xFF,0x70,0x00,0x03,0xFF,0x40,0x03,0xFF,
  0xFF,0xFF,0xFF,0xFF,0x60,0x04,0xFF,0xED,0xDD,0xDD,0xDD,0x70,0x02,0xFF,0x70,0x00,0x00,0x00,0x00,0x00,
  0xDF,0xC0,0x00,0x04,0xBB,0x30,0x00,0x5F,0xFB,0x43,0x7E,0xFD,0x00,0x00,0x09,0xFF,0xFF,0xFF,0xE2,0x00,
  0x00,0x00,0x4A,0xDE,0xC8,0x10,0x00,0x00,0x00,0x00,0x00,0x00,0x00,0x00,0x00,0x00,0x00,0x00,0x00,0x00,
  0x00,0x00,0x00,0x00,0x00,0x00,0x00,0x00,0x00,0x00,0x00,0x00,0x00,0x00,0x00,0x00,0x00,0x00,0x00,0x00,
  0x00,0x00,0x00,0x00,0x00,0x00,0x00,0x00,0x00,0x00,0x00,0x00,0x00,0x00,0x00,0x00,0x00,0x00,0x00,0x00,
  0x00,0x00,0x00,0x00,0x00,0x00,0x00,0x00,0x00,0x00,0x00,0x00,0x00,0x00,0x00,0x00,0x00,0x00,0x00,0x00,
  0x00,0x00,0x00,0x00,0x00,0x00,0x00,0x00,0x00,0x00,0x00,0x00,0x00,0x00,0x00,0x00,0x00,0x00,0x00,0x00,
  0x00,0x00,0x00,0x00,0x00,0x00,0x00,0x00,0x00,0x00,0x00,0x00,0x00,0x00,0x00,0x00,0x00,0x00,0x00,0x00,
  0x00,0x00,0x00,0x00,0x00,0x00,0x00,0x00,0x00,0x00,0x00,0x00,0x00,0x00,0x00,0x00,0x00,0x00,0x00,0x00,
  0x00,0x00,0x00,0x00,0x00,0x00,0x00,0x00,0x00,0x00,0x00,0x00,0x00,0x00,0x00,0x00,0x06,0xFF,0xB0,0x00,
  0x7F,0xF4,0x00,0x1D,0xFF,0x40,0x00,0xAF,0xF6,0x00,0x7F,0xF4,0x00,0x9F,0xF7,0x00,0x00,0x1D,0xFE,0x20,
  0x7F,0xF4,0x05,0xFF,0xB0,0x00,0x00,0x03,0xFF,0xC0,0x7F,0xF4,0x2E,0xFE,0x10,0x00,0x00,0x00,0x7F,0xF8,
  0x7F,0xF4,0xBF,0xF4,0x00,0x00,0x00,0x00,0x0A,0xFF,0xFF,0xFF,0xFF,0x80,0x00,0x00,0x00,0x00,0x0B,0xFF,
  0xFF,0xFF,0xFF,0x80,0x00,0x00,0x00,0x00,0x7F,0xFB,0x9F,0xF7,0xDF,0xF4,0x00,0x00,0x00,0x03,0xFF,0xE1,
  0x7F,0xF4,0x3F,0xFE,0x20,0x00,0x00,0x1D,0xFF,0x40,0x7F,0xF4,0x07,0xFF,0xB0,0x00,0x00,0xAF,0xF8,0x00,
  0x7F,0xF4,0x00,0xBF,0xF8,0x00,0x07,0xFF,0xB0,0x00,0x7F,0xF4,0x00,0x1D,0xFF,0x40,0x00,0x00,0x00,0x00,
  0x00,0x00,0x00,0x00,0x00,0x00,0x00,0x00,0x00,0x00,0x00,0x00,0x00,0x00,0x00,0x00,0x00,0x00,0x00,0x00,
  0x00,0x00,0x00,0x00,0x00,0x00,0x00,0x00,0x00,0x00,0x00,0x00,0x00,0x00,0x00,0x00,0x00,0x00,0x00,0x00,
  0x00,0x00,0x00,0x00,0x00,0x00,0x00,0x00,0x00,0x00,0x00,0x00,0x00,0x00,0x00,0x00,0x00,0x00,0x00,0x00,
  0x00,0x00,0x00,0x00,0x00,0x00,0x00,0x00,0x00,0x00,0x00,0x00,0x00,0x00,0x00,0x00,0x00,0x00,0x00,0x00,
  0x00,0x00,0x00,0x00,0x00,0x00,0x00,0x00,0x00,0x00,0x00,0x00,0x00,0x00,0x00,0x00,0x00,0x00,0x00,0x00,
  0x00,0x00,0x00,0x00,0x00,0x00,0x00,0x00,0x00,0x00,0x00,0x00,0x00,0x00,0x00,0x00,0x00,0x00,0x00,0x00,
  0x00,0x00,0x00,0x00,0x00,0x00,0x00,0x00,0x00,0x00,0x00,0x00,0x03,0xAD,0xED,0x81,0x00,0x00,0x04,0xFF,
  0xFF,0xFF,0xD1,0x00,0x00,0xDF,0xD5,0x39,0xFF,0x70,0x00,0x09,0x95,0x00,0x0F,0xF9,0x00,0x00,0x00,0x00,
  0x27,0xFF,0x40,0x00,0x00,0x00,0xCF,0xFC,0x30,0x00,0x00,0x00,0x09,0xDF,0xFD,0x30,0x00,0x00,0x00,0x00,
  0x3E,0xFC,0x00,0x03,0xCC,0x40,0x00,0xBF,0xF0,0x00,0x1F,0xFD,0x64,0x8F,0xFD,0x00,0x00,0x6F,0xFF,0xFF,
  0xFF,0x40,0x00,0x00,0x4B,0xDE,0xD9,0x20,0x00,0x00,0x00,0x00,0x00,0x00,0x00,0x00,0x00,0x00,0x00,0x00,
  0x00,0x00,0x00,0x00,0x00,0x00,0x00,0x00,0x00,0x00,0x00,0x00,0x00,0x00,0x00,0x00,0x00,0x00,0x00,0x00,
  0x00,0x00,0x00,0x00,0x00,0x00,0x00,0x00,0x00,0x00,0x00,0x00,0x00,0x00,0x00,0x00,0x00,0x00,0x00,0x00,
  0x00,0x00,0x00,0x00,0x00,0x00,0x00,0x00,0x00,0x00,0x00,0x00,0x00,0x00,0x00,0x00,0x00,0x00,0x00,0x00,
  0x00,0x00,0x00,0x00,0x00,0x00,0x00,0x00,0x00,0x00,0x00,0x00,0x00,0x00,0x00,0x00,0x00,0x00,0x00,0x00,
  0x00,0x00,0x00,0x00,0x00,0x00,0x00,0x00,0x00,0x00,0x00,0x00,0x00,0x00,0x00,0x00,0x00,0x00,0x00,0x00,
  0x00,0x00,0x00,0x00,0x00,0x00,0x00,0x00,0x00,0x00,0x00,0xCF,0xD0,0x00,0x03,0xFF,0x90,0x00,0x0C,0xFD,
  0x00,0x00,0xCF,0xF9,0x00,0x00,0xCF,0xD0,0x00,0x8F,0xFF,0x90,0x00,0x0C,0xFD,0x00,0x3F,0xFF,0xF9,0x00,
  0x00,0xCF,0xD0,0x0D,0xFC,0xFF,0x90,0x00,0x0C,0xFD,0x08,0xFE,0x3F,0xF9,0x00,0x00,0xCF,0xD3,0xFF,0x51,
  0xFF,0x90,0x00,0x0C,0xFE,0xDF,0xA0,0x1F,0xF9,0x00,0x00,0xCF,0xFF,0xE1,0x01,0xFF,0x90,0x00,0x0C,0xFF,
  0xF5,0x00,0x1F,0xF9,0x00,0x00,0xCF,0xF9,0x00,0x01,0xFF,0x90,0x00,0x0C,0xFD,0x10,0x00,0x1F,0xF9,0x00,
  0x00,0x00,0x00,0x00,0x00,0x00,0x00,0x00,0x00,0x00,0x00,0x00,0x00,0x00,0x00,0x00,0x00,0x00,0x00,0x00,
  0x00,0x00,0x00,0x00,0x00,0x00,0x00,0x00,0x00,0x00,0x00,0x00,0x00,0x00,0x00,0x00,0x00,0x00,0x00,0x00,
  0x00,0x00,0x00,0x00,0x00,0x00,0x00,0x00,0x00,0x00,0x00,0x00,0x00,0x00,0x00,0x00,0x00,0x00,0x00,0x00,
  0x00,0x00,0x00,0x00,0x00,0x00,0x00,0x00,0x00,0x00,0x00,0x00,0x00,0x00,0x00,0x00,0x00,0x00,0x00,0x00,
  0x00,0x00,0x00,0x00,0x00,0x00,0x00,0x00,0x00,0x00,0x00,0x00,0x00,0x00,0x00,0x00,0x00,0x00,0x00,0x00,
  0xED,0x00,0x2F,0xC0,0x00,0x00,0x00,0x08,0xFD,0xAE,0xF5,0x00,0x00,0x00,0x00,0x07,0xDE,0xC5,0x00,0x00,
  0x00,0x00,0x00,0x00,0x00,0x00,0x00,0x00,0x00,0xCF,0xD0,0x00,0x03,0xFF,0x90,0x00,0x0C,0xFD,0x00,0x00,
  0xCF,0xF9,0x00,0x00,0xCF,0xD0,0x00,0x8F,0xFF,0x90,0x00,0x0C,0xFD,0x00,0x3F,0xFF,0xF9,0x00,0x00,0xCF,
  0xD0,0x0D,0xFC,0xFF,0x90,0x00,0x0C,0xFD,0x08,0xFE,0x3F,0xF9,0x00,0x00,0xCF,0xD3,0xFF,0x51,0xFF,0x90,
  0x00,0x0C,0xFE,0xDF,0xA0,0x1F,0xF9,0x00,0x00,0xCF,0xFF,0xE1,0x01,0xFF,0x90,0x00,0x0C,0xFF,0xF5,0x00,
  0x1F,0xF9,0x00,0x00,0xCF,0xF9,0x00,0x01,0xFF,0x90,0x00,0x0C,0xFD,0x10,0x00,0x1F,0xF9,0x00,0x00,0x00,
  0x00,0x00,0x00,0x00,0x00,0x00,0x00,0x00,0x00,0x00,0x00,0x00,0x00,0x00,0x00,0x00,0x00,0x00,0x00,0x00,
  0x00,0x00,0x00,0x00,0x00,0x00,0x00,0x00,0x00,0x00,0x00,0x00,0x00,0x00,0x00,0x00,0x00,0x00,0x00,0x00,
  0x00,0x00,0x00,0x00,0x00,0x00,0x00,0x00,0x00,0x00,0x00,0x00,0x00,0x00,0x00,0x00,0x00,0x00,0x00,0x00,
  0x00,0x00,0x00,0x00,0x00,0x00,0x00,0x00,0x00,0x00,0x00,0x00,0x00,0x00,0x00,0x00,0x00,0x00,0x00,0x00,
  0x00,0x00,0x00,0x00,0x00,0x00,0x00,0x00,0x00,0x00,0x00,0x00,0x00,0x00,0x00,0x00,0x00,0x00,0x00,0x00,
  0x00,0x00,0x00,0x00,0x00,0x00,0x00,0x00,0x00,0x00,0x00,0x00,0x00,0x00,0x00,0x00,0x00,0x00,0x00,0x00,
  0x00,0x00,0xCF,0xE0,0x00,0x0B,0xFF,0x90,0x00,0xCF,0xE0,0x00,0x7F,0xFC,0x00,0x00,0xCF,0xE0,0x03,0xFF,
  0xE2,0x00,0x00,0xCF,0xE0,0x1D,0xFF,0x50,0x00,0x00,0xCF,0xE0,0xBF,0xF8,0x00,0x00,0x00,0xCF,0xFF,0xFF,
  0xC0,0x00,0x00,0x00,0xCF,0xFF,0xFF,0xD1,0x00,0x00,0x00,0xCF,0xE5,0xAF,0xFA,0x00,0x00,0x00,0xCF,0xE0,
  0x1D,0xFF,0x60,0x00,0x00,0xCF,0xE0,0x03,0xEF,0xE2,0x00,0x00,0xCF,0xE0,0x00,0x6F,0xFC,0x10,0x00,0xCF,
  0xE0,0x00,0x0A,0xFF,0x90,0x00,0x00,0x00,0x00,0x00,0x00,0x00,0x00,0x00,0x00,0x00,0x00,0x00,0x00,0x00,
  0x00,0x00,0x00,0x00,0x00,0x00,0x00,0x00,0x00,0x00,0x00,0x00,0x00,0x00,0x00,0x00,0x00,0x00,0x00,0x00,
  0x00,0x00,0x00,0x00,0x00,0x00,0x00,0x00,0x00,0x00,0x00,0x00,0x00,0x00,0x00,0x00,0x00,0x00,0x00,0x00,
  0x00,0x00,0x00,0x00,0x00,0x00,0x00,0x00,0x00,0x00,0x00,0x00,0x00,0x00,0x00,0x00,0x00,0x00,0x00,0x00,
  0x00,0x00,0x00,0x00,0x00,0x00,0x00,0x00,0x00,0x00,0x00,0x00,0x00,0x00,0x00,0x00,0x00,0x00,0x00,0x00,
  0x00,0x00,0x00,0x00,0x00,0x00,0x00,0x00,0x00,0x00,0x00,0x00,0x00,0x00,0x00,0x00,0x00,0x00,0x00,0x00,
  0x00,0x00,0x00,0x00,0x00,0x00,0x00,0x00,0x00,0x00,0x06,0xFF,0xFF,0xFF,0xFF,0x70,0x00,0x00,0x7F,0xFF,
  0xFF,0xFF,0xF7,0x00,0x00,0x07,0xFF,0x64,0x46,0xFF,0x70,0x00,0x00,0x8F,0xF2,0x00,0x3F,0xF7,0x00,0x00,
  0x08,0xFF,0x20,0x03,0xFF,0x70,0x00,0x00,0x9F,0xF1,0x00,0x3F,0xF7,0x00,0x00,0x0A,0xFF,0x00,0x03,0xFF,
  0x70,0x00,0x00,0xBF,0xD0,0x00,0x3F,0xF7,0x00,0x00,0x0E,0xFB,0x00,0x03,0xFF,0x70,0x00,0x39,0xFF,0x70,
  0x00,0x3F,0xF7,0x00,0x0C,0xFF,0xE1,0x00,0x03,0xFF,0x70,0x00,0xCE,0xB2,0x00,0x00,0x3F,0xF7,0x00,0x00,
  0x00,0x00,0x00,0x00,0x00,0x00,0x00,0x00,0x00,0x00,0x00,0x00,0x00,0x00,0x00,0x00,0x00,0x00,0x00,0x00,
  0x00,0x00,0x00,0x00,0x00,0x00,0x00,0x00,0x00,0x00,0x00,0x00,0x00,0x00,0x00,0x00,0x00,0x00,0x00,0x00,
  0x00,0x00,0x00,0x00,0x00,0x00,0x00,0x00,0x00,0x00,0x00,0x00,0x00,0x00,0x00,0x00,0x00,0x00,0x00,0x00,
  0x00,0x00,0x00,0x00,0x00,0x00,0x00,0x00,0x00,0x00,0x00,0x00,0x00,0x00,0x00,0x00,0x00,0x00,0x00,0x00,
  0x00,0x00,0x00,0x00,0x00,0x00,0x00,0x00,0x00,0x00,0x00,0x00,0x00,0x00,0x00,0x00,0x00,0x00,0x00,0x00,
  0x00,0x00,0x00,0x00,0x00,0x00,0x00,0x00,0x00,0x00,0x00,0x00,0x00,0x00,0x00,0x00,0x00,0x00,0x00,0x00,
  0x00,0x00,0x00,0x00,0x00,0x00,0x00,0x00,0x00,0x00,0x00,0x00,0x00,0x00,0x00,0x00,0x00,0x00,0x00,0x00,
  0x00,0x00,0x00,0x00,0x00,0x00,0x00,0x00,0xCF,0xFF,0x70,0x00,0x00,0xBF,0xFF,0x80,0x00,0x0C,0xFF,0xFC,
  0x00,0x00,0x2F,0xFF,0xF8,0x00,0x00,0xCF,0xFF,0xF3,0x00,0x07,0xFF,0xFF,0x80,0x00,0x0C,0xFD,0xEF,0x90,
  0x00,0xDF,0xBF,0xF8,0x00,0x00,0xCF,0xD9,0xFE,0x00,0x4F,0xF6,0xFF,0x80,0x00,0x0C,0xFD,0x4F,0xF5,0x09,
  0xFE,0x2F,0xF8,0x00,0x00,0xCF,0xD0,0xEF,0xA0,0xEF,0x92,0xFF,0x80,0x00,0x0C,0xFD,0x08,0xFE,0x4F,0xF4,
  0x2F,0xF8,0x00,0x00,0xCF,0xD0,0x2F,0xFC,0xFD,0x02,0xFF,0x80,0x00,0x0C,0xFD,0x00,0xBF,0xFF,0x70,0x2F,
  0xF8,0x00,0x00,0xCF,0xD0,0x05,0xFF,0xF1,0x02,0xFF,0x80,0x00,0x0C,0xFD,0x00,0x0E,0xFA,0x00,0x2F,0xF8,
  0x00,0x00,0x00,0x00,0x00,0x00,0x00,0x00,0x00,0x00,0x00,0x00,0x00,0x00,0x00,0x00,0x00,0x00,0x00,0x00,
  0x00,0x00,0x00,0x00,0x00,0x00,0x00,0x00,0x00,0x00,0x00,0x00,0x00,0x00,0x00,0x00,0x00,0x00,0x00,0x00,
  0x00,0x00,0x00,0x00,0x00,0x00,0x00,0x00,0x00,0x00,0x00,0x00,0x00,0x00,0x00,0x00,0x00,0x00,0x00,0x00,
  0x00,0x00,0x00,0x00,0x00,0x00,0x00,0x00,0x00,0x00,0x00,0x00,0x00,0x00,0x00,0x00,0x00,0x00,0x00,0x00,
  0x00,0x00,0x00,0x00,0x00,0x00,0x00,0x00,0x00,0x00,0x00,0x00,0x00,0x00,0x00,0x00,0x00,0x00,0x00,0x00,
  0x00,0x00,0x00,0x00,0x00,0x00,0x00,0x00,0x00,0x00,0x00,0x00,0x00,0x00,0x00,0x00,0x00,0x00,0x00,0x00,
  0x00,0x00,0x00,0x00,0x00,0x00,0x00,0x00,0x00,0x00,0x00,0x00,0x00,0x00,0x00,0x00,0x00,0x00,0x00,0x00,
  0x00,0x00,0x00,0x00,0xCF,0xE0,0x00,0x02,0xFF,0x90,0x00,0x0C,0xFE,0x00,0x00,0x2F,0xF9,0x00,0x00,0xCF,
  0xE0,0x00,0x02,0xFF,0x90,0x00,0x0C,0xFE,0x00,0x00,0x2F,0xF9,0x00,0x00,0xCF,0xE5,0x55,0x56,0xFF,0x90,
  0x00,0x0C,0xFF,0xFF,0xFF,0xFF,0xF9,0x00,0x00,0xCF,0xFF,0xFF,0xFF,0xFF,0x90,0x00,0x0C,0xFE,0x00,0x00,
  0x2F,0xF9,0x00,0x00,0xCF,0xE0,0x00,0x02,0xFF,0x90,0x00,0x0C,0xFE,0x00,0x00,0x2F,0xF9,0x00,0x00,0xCF,
  0xE0,0x00,0x02,0xFF,0x90,0x00,0x0C,0xFE,0x00,0x00,0x2F,0xF9,0x00,0x00,0x00,0x00,0x00,0x00,0x00,0x00,
  0x00,0x00,0x00,0x00,0x00,0x00,0x00,0x00,0x00,0x00,0x00,0x00,0x00,0x00,0x00,0x00,0x00,0x00,0x00,0x00,
  0x00,0x00,0x00,0x00,0x00,0x00,0x00,0x00,0x00,0x00,0x00,0x00,0x00,0x00,0x00,0x00,0x00,0x00,0x00,0x00,
  0x00,0x00,0x00,0x00,0x00,0x00,0x00,0x00,0x00,0x00,0x00,0x00,0x00,0x00,0x00,0x00,0x00,0x00,0x00,0x00,
  0x00,0x00,0x00,0x00,0x00,0x00,0x00,0x00,0x00,0x00,0x00,0x00,0x00,0x00,0x00,0x00,0x00,0x00,0x00,0x00,
  0x00,0x00,0x00,0x00,0x00,0x00,0x00,0x00,0x00,0x00,0x00,0x00,0x00,0x00,0x00,0x00,0x00,0x00,0x00,0x00,
  0x00,0x00,0x00,0x00,0x00,0x00,0x00,0x00,0x00,0x00,0x00,0x00,0x00,0x00,0x00,0x00,0x00,0x00,0x00,0x00,
  0x00,0x00,0x00,0x4A,0xDE,0xB8,0x10,0x00,0x00,0x00,0x8F,0xFF,0xFF,0xFD,0x30,0x00,0x00,0x4F,0xFE,0x75,
  0xAF,0xFC,0x00,0x00,0x0D,0xFF,0x20,0x00,0x9F,0xF6,0x00,0x01,0xFF,0xA0,0x00,0x02,0xFF,0x90,0x00,0x4F,
  0xF7,0x00,0x00,0x0E,0xFC,0x00,0x04,0xFF,0x70,0x00,0x00,0xEF,0xC0,0x00,0x1F,0xF9,0x00,0x00,0x2F,0xF9,
  0x00,0x00,0xDF,0xE2,0x00,0x09,0xFF,0x60,0x00,0x05,0xFF,0xD6,0x59,0xFF,0xC0,0x00,0x00,0x08,0xFF,0xFF,
  0xFF,0xD3,0x00,0x00,0x00,0x04,0xAD,0xEC,0x81,0x00,0x00,0x00,0x00,0x00,0x00,0x00,0x00,0x00,0x00,0x00,
  0x00,0x00,0x00,0x00,0x00,0x00,0x00,0x00,0x00,0x00,0x00,0x00,0x00,0x00,0x00,0x00,0x00,0x00,0x00,0x00,
  0x00,0x00,0x00,0x00,0x00,0x00,0x00,0x00,0x00,0x00,0x00,0x00,0x00,0x00,0x00,0x00,0x00,0x00,0x00,0x00,
  0x00,0x00,0x00,0x00,0x00,0x00,0x00,0x00,0x00,0x00,0x00,0x00,0x00,0x00,0x00,0x00,0x00,0x00,0x00,0x00,
  0x00,0x00,0x00,0x00,0x00,0x00,0x00,0x00,0x00,0x00,0x00,0x00,0x00,0x00,0x00,0x00,0x00,0x00,0x00,0x00,
  0x00,0x00,0x00,0x00,0x00,0x00,0x00,0x00,0x00,0x00,0x00,0x00,0x00,0x00,0x00,0x00,0x00,0x00,0x00,0x00,
  0x00,0x00,0x00,0x00,0x00,0x00,0x00,0x00,0x00,0x00,0x00,0x00,0x00,0x00,0x00,0x00,0x00,0x00,0x00,0x00,
  0xCF,0xFF,0xFF,0xFF,0xFF,0x70,0x00,0x0C,0xFF,0xFF,0xFF,0xFF,0xF7,0x00,0x00,0xCF,0xE5,0x55,0x58,0xFF,
  0x70,0x00,0x0C,0xFE,0x00,0x00,0x4F,0xF7,0x00,0x00,0xCF,0xE0,0x00,0x04,0xFF,0x70,0x00,0x0C,0xFE,0x00,
  0x00,0x4F,0xF7,0x00,0x00,0xCF,0xE0,0x00,0x04,0xFF,0x70,0x00,0x0C,0xFE,0x00,0x00,0x4F,0xF7,0x00,0x00,
  0xCF,0xE0,0x00,0x04,0xFF,0x70,0x00,0x0C,0xFE,0x00,0x00,0x4F,0xF7,0x00,0x00,0xCF,0xE0,0x00,0x04,0xFF,
  0x70,0x00,0x0C,0xFE,0x00,0x00,0x4F,0xF7,0x00,0x00,0x00,0x00,0x00,0x00,0x00,0x00,0x00,0x00,0x00,0x00,
  0x00,0x00,0x00,0x00,0x00,0x00,0x00,0x00,0x00,0x00,0x00,0x00,0x00,0x00,0x00,0x00,0x00,0x00,0x00,0x00,
  0x00,0x00,0x00,0x00,0x00,0x00,0x00,0x00,0x00,0x00,0x00,0x00,0x00,0x00,0x00,0x00,0x00,0x00,0x00,0x00,
  0x00,0x00,0x00,0x00,0x00,0x00,0x00,0x00,0x00,0x00,0x00,0x00,0x00,0x00,0x00,0x00,0x00,0x00,0x00,0x00,
  0x00,0x00,0x00,0x00,0x00,0x00,0x00,0x00,0x00,0x00,0x00,0x00,0x00,0x00,0x00,0x00,0x00,0x00,0x00,0x00,
  0x00,0x00,0x00,0x00,0x00,0x00,0x00,0x00,0x00,0x00,0x00,0x00,0x00,0x00,0x00,0x00,0x00,0x00,0x00,0x00,
  0x00,0x00,0x00,0x00,0x00,0x00,0x00,0x00,0x00,0x00,0x00,0x00,0x00,0x00,0x00,0x00,0x00,0x00,0xCF,0xD0,
  0x8C,0xEB,0x60,0x00,0x00,0x0C,0xFD,0xBF,0xFF,0xFF,0x90,0x00,0x00,0xCF,0xFF,0x95,0x7E,0xFF,0x50,0x00,
  0x0C,0xFF,0x70,0x00,0x3F,0xFC,0x00,0x00,0xCF,0xE1,0x00,0x00,0xBF,0xF0,0x00,0x0C,0xFC,0x00,0x00,0x09,
  0xFF,0x20,0x00,0xCF,0xC0,0x00,0x00,0x9F,0xF2,0x00,0x0C,0xFE,0x00,0x00,0x0B,0xFF,0x00,0x00,0xCF,0xF7,
  0x00,0x03,0xFF,0xC0,0x00,0x0C,0xFF,0xF9,0x57,0xEF,0xF5,0x00,0x00,0xCF,0xEA,0xFF,0xFF,0xFA,0x00,0x00,
  0x0C,0xFE,0x08,0xCE,0xB6,0x00,0x00,0x00,0xCF,0xE0,0x00,0x00,0x00,0x00,0x00,0x0C,0xFE,0x00,0x00,0x00,
  0x00,0x00,0x00,0xCF,0xE0,0x00,0x00,0x00,0x00,0x00,0x0C,0xFE,0x00,0x00,0x00,0x00,0x00,0x00,0x34,0x40,
  0x00,0x00,0x00,0x00,0x00,0x00,0x00,0x00,0x00,0x00,0x00,0x00,0x00,0x00,0x00,0x00,0x00,0x00,0x00,0x00,
  0x00,0x00,0x00,0x00,0x00,0x00,0x00,0x00,0x00,0x00,0x00,0x00,0x00,0x00,0x00,0x00,0x00,0x00,0x00,0x00,
  0x00,0x00,0x00,0x00,0x00,0x00,0x00,0x00,0x00,0x00,0x00,0x00,0x00,0x00,0x00,0x00,0x00,0x00,0x00,0x00,
  0x00,0x00,0x00,0x00,0x00,0x00,0x00,0x00,0x00,0x00,0x00,0x00,0x00,0x00,0x00,0x00,0x00,0x00,0x00,0x00,
  0x00,0x00,0x00,0x00,0x00,0x00,0x00,0x00,0x00,0x00,0x00,0x00,0x4A,0xDE,0xC7,0x10,0x00,0x00,0x08,0xFF,
  0xFF,0xFF,0xD1,0x00,0x00,0x4F,0xFD,0x75,0x9F,0xFB,0x00,0x00,0xDF,0xF2,0x00,0x0B,0xFF,0x20,0x01,0xFF,
  0x90,0x00,0x02,0x66,0x20,0x04,0xFF,0x70,0x00,0x00,0x00,0x00,0x04,0xFF,0x70,0x00,0x00,0x00,0x00,0x01,
  0xFF,0x90,0x00,0x02,0x55,0x20,0x00,0xDF,0xE2,0x00,0x0B,0xFF,0x20,0x00,0x5F,0xFD,0x64,0x9F,0xFB,0x00,
  0x00,0x08,0xFF,0xFF,0xFF,0xD1,0x00,0x00,0x00,0x4A,0xDE,0xC7,0x10,0x00,0x00,0x00,0x00,0x00,0x00,0x00,
  0x00,0x00,0x00,0x00,0x00,0x00,0x00,0x00,0x00,0x00,0x00,0x00,0x00,0x00,0x00,0x00,0x00,0x00,0x00,0x00,
  0x00,0x00,0x00,0x00,0x00,0x00,0x00,0x00,0x00,0x00,0x00,0x00,0x00,0x00,0x00,0x00,0x00,0x00,0x00,0x00,
  0x00,0x00,0x00,0x00,0x00,0x00,0x00,0x00,0x00,0x00,0x00,0x00,0x00,0x00,0x00,0x00,0x00,0x00,0x00,0x00,
  0x00,0x00,0x00,0x00,0x00,0x00,0x00,0x00,0x00,0x00,0x00,0x00,0x00,0x00,0x00,0x00,0x00,0x00,0x00,0x00,
  0x00,0x00,0x00,0x00,0x00,0x00,0x00,0x00,0x00,0x00,0x00,0x00,0x00,0x00,0x00,0x00,0x00,0x00,0x00,0x00,
  0x00,0x00,0x00,0x00,0x00,0x00,0x00,0x00,0x0C,0xFF,0xFF,0xFF,0xFF,0xF9,0x00,0xCF,0xFF,0xFF,0xFF,0xFF,
  0x90,0x04,0x55,0x5F,0xFC,0x55,0x53,0x00,0x00,0x00,0xFF,0xB0,0x00,0x00,0x00,0x00,0x0F,0xFB,0x00,0x00,
  0x00,0x00,0x00,0xFF,0xB0,0x00,0x00,0x00,0x00,0x0F,0xFB,0x00,0x00,0x00,0x00,0x00,0xFF,0xB0,0x00,0x00,
  0x00,0x00,0x0F,0xFB,0x00,0x00,0x00,0x00,0x00,0xFF,0xB0,0x00,0x00,0x00,0x00,0x0F,0xFB,0x00,0x00,0x00,
  0x00,0x00,0xFF,0xB0,0x00,0x00,0x00,0x00,0x00,0x00,0x00,0x00,0x00,0x00,0x00,0x00,0x00,0x00,0x00,0x00,
  0x00,0x00,0x00,0x00,0x00,0x00,0x00,0x00,0x00,0x00,0x00,0x00,0x00,0x00,0x00,0x00,0x00,0x00,0x00,0x00,
  0x00,0x00,0x00,0x00,0x00,0x00,0x00,0x00,0x00,0x00,0x00,0x00,0x00,0x00,0x00,0x00,0x00,0x00,0x00,0x00,
  0x00,0x00,0x00,0x00,0x00,0x00,0x00,0x00,0x00,0x00,0x00,0x00,0x00,0x00,0x00,0x00,0x00,0x00,0x00,0x00,
  0x00,0x00,0x00,0x00,0x00,0x00,0x00,0x00,0x00,0x00,0x00,0x00,0x00,0x00,0x00,0x00,0x00,0x00,0x00,0x00,
  0x00,0x00,0x00,0x00,0x00,0x00,0x00,0x00,0x00,0x00,0x00,0x00,0x00,0x00,0x00,0x00,0x00,0x00,0x00,0x00,
  0x00,0x00,0x09,0xFF,0x30,0x00,0x05,0xFF,0x70,0x04,0xFF,0x80,0x00,0x0A,0xFF,0x20,0x00,0xDF,0xD0,0x00,
  0x1E,0xFB,0x00,0x00,0x7F,0xF4,0x00,0x5F,0xF6,0x00,0x00,0x2F,0xF9,0x00,0xAF,0xE1,0x00,0x00,0x0B,0xFE,
  0x01,0xFF,0x90,0x00,0x00,0x05,0xFF,0x46,0xFF,0x40,0x00,0x00,0x01,0xEF,0x9A,0xFD,0x00,0x00,0x00,0x00,
  0x9F,0xEE,0xF8,0x00,0x00,0x00,0x00,0x3F,0xFF,0xF2,0x00,0x00,0x00,0x00,0x0D,0xFF,0xB0,0x00,0x00,0x00,
  0x00,0x08,0xFF,0x60,0x00,0x00,0x00,0x00,0x0C,0xFE,0x10,0x00,0x00,0x00,0x00,0x6F,0xF9,0x00,0x00,0x00,
  0x00,0x9F,0xFF,0xF2,0x00,0x00,0x00,0x00,0x9F,0xFE,0x50,0x00,0x00,0x00,0x00,0x23,0x20,0x00,0x00,0x00,
  0x00,0x00,0x00,0x00,0x00,0x00,0x00,0x00,0x00,0x00,0x00,0x00,0x00,0x00,0x00,0x00,0x00,0x00,0x00,0x00,
  0x00,0x00,0x00,0x00,0x00,0x00,0x00,0x00,0x00,0x00,0x00,0x00,0x00,0x00,0x00,0x00,0x00,0x00,0x00,0x00,
  0x00,0x00,0x00,0x00,0x00,0x00,0x00,0x00,0x00,0x00,0x00,0x00,0x00,0x00,0x00,0x00,0x00,0x00,0x00,0x00,
  0x00,0x00,0x00,0x00,0x00,0x00,0x00,0x00,0x00,0x00,0x00,0x00,0x08,0xFF,0x30,0x00,0x00,0x00,0x00,0x00,
  0x00,0x08,0xFF,0x30,0x00,0x00,0x00,0x00,0x00,0x00,0x08,0xFF,0x30,0x00,0x00,0x00,0x00,0x00,0x00,0x08,
  0xFF,0x30,0x00,0x00,0x00,0x00,0x00,0x29,0xCF,0xFF,0xEB,0x71,0x00,0x00,0x00,0x06,0xFF,0xFF,0xFF,0xFF,
  0xFD,0x30,0x00,0x00,0x3F,0xFE,0x7A,0xFF,0x69,0xFF,0xD0,0x00,0x00,0xCF,0xF3,0x08,0xFF,0x30,0x8F,0xF7,
  0x00,0x01,0xFF,0xA0,0x08,0xFF,0x30,0x1E,0xFB,0x00,0x04,0xFF,0x70,0x08,0xFF,0x30,0x0C,0xFD,0x00,0x04,
  0xFF,0x70,0x08,0xFF,0x30,0x0C,0xFD,0x00,0x01,0xFF,0x90,0x08,0xFF,0x30,0x1E,0xFB,0x00,0x00,0xCF,0xF2,
  0x08,0xFF,0x30,0x7F,0xF7,0x00,0x00,0x4F,0xFE,0x7A,0xFF,0x69,0xFF,0xD0,0x00,0x00,0x07,0xFF,0xFF,0xFF,
  0xFF,0xFD,0x30,0x00,0x00,0x00,0x39,0xCF,0xFF,0xEB,0x81,0x00,0x00,0x00,0x00,0x00,0x08,0xFF,0x30,0x00,
  0x00,0x00,0x00,0x00,0x00,0x08,0xFF,0x30,0x00,0x00,0x00,0x00,0x00,0x00,0x08,0xFF,0x30,0x00,0x00,0x00,
  0x00,0x00,0x00,0x08,0xFF,0x30,0x00,0x00,0x00,0x00,0x00,0x00,0x02,0x33,0x10,0x00,0x00,0x00,0x00,0x00,
  0x00,0x00,0x00,0x00,0x00,0x00,0x00,0x00,0x00,0x00,0x00,0x00,0x00,0x00,0x00,0x00,0x00,0x00,0x00,0x00,
  0x00,0x00,0x00,0x00,0x00,0x00,0x00,0x00,0x00,0x00,0x00,0x00,0x00,0x00,0x00,0x00,0x00,0x00,0x00,0x00,
  0x00,0x00,0x00,0x00,0x00,0x00,0x00,0x00,0x00,0x00,0x00,0x00,0x00,0x00,0x00,0x00,0x00,0x00,0x00,0x00,
  0x00,0x00,0x00,0x00,0x00,0x00,0x00,0x00,0x00,0x00,0x00,0x00,0x00,0x00,0x00,0x00,0x00,0x00,0x00,0x00,
  0x00,0x00,0x00,0x00,0x00,0x00,0x03,0xFF,0xC0,0x00,0x2E,0xFD,0x00,0x00,0x9F,0xF6,0x00,0xBF,0xF3,0x00,
  0x00,0x1D,0xFE,0x15,0xFF,0x80,0x00,0x00,0x04,0xFF,0x9D,0xFD,0x00,0x00,0x00,0x00,0x9F,0xFF,0xF3,0x00,
  0x00,0x00,0x00,0x1E,0xFF,0x80,0x00,0x00,0x00,0x00,0x2E,0xFF,0xB0,0x00,0x00,0x00,0x00,0xCF,0xFF,0xF6,
  0x00,0x00,0x00,0x07,0xFF,0x6C,0xFE,0x20,0x00,0x00,0x2F,0xFC,0x03,0xFF,0xB0,0x00,0x00,0xCF,0xF3,0x00,
  0x9F,0xF6,0x00,0x07,0xFF,0x80,0x00,0x1E,0xFE,0x20,0x00,0x00,0x00,0x00,0x00,0x00,0x00,0x00,0x00,0x00,
  0x00,0x00,0x00,0x00,0x00,0x00,0x00,0x00,0x00,0x00,0x00,0x00,0x00,0x00,0x00,0x00,0x00,0x00,0x00,0x00,
  0x00,0x00,0x00,0x00,0x00,0x00,0x00,0x00,0x00,0x00,0x00,0x00,0x00,0x00,0x00,0x00,0x00,0x00,0x00,0x00,
  0x00,0x00,0x00,0x00,0x00,0x00,0x00,0x00,0x00,0x00,0x00,0x00,0x00,0x00,0x00,0x00,0x00,0x00,0x00,0x00,
  0x00,0x00,0x00,0x00,0x00,0x00,0x00,0x00,0x00,0x00,0x00,0x00,0x00,0x00,0x00,0x00,0x00,0x00,0x00,0x00,
  0x00,0x00,0x00,0x00,0x00,0x00,0x00,0x00,0x00,0x00,0x00,0x00,0x00,0x00,0x00,0x00,0x00,0x00,0x00,0x00,
  0x00,0x00,0x00,0x00,0x00,0x00,0x00,0x00,0x00,0x00,0x00,0x00,0x00,0x00,0x00,0x00,0x00,0x00,0x00,0x00,
  0xCF,0xE0,0x00,0x04,0xFF,0x70,0x00,0x00,0xCF,0xE0,0x00,0x04,0xFF,0x70,0x00,0x00,0xCF,0xE0,0x00,0x04,
  0xFF,0x70,0x00,0x00,0xCF,0xE0,0x00,0x04,0xFF,0x70,0x00,0x00,0xCF,0xE0,0x00,0x04,0xFF,0x70,0x00,0x00,
  0xCF,0xE0,0x00,0x04,0xFF,0x70,0x00,0x00,0xCF,0xE0,0x00,0x04,0xFF,0x70,0x00,0x00,0xCF,0xE0,0x00,0x04,
  0xFF,0x70,0x00,0x00,0xCF,0xE0,0x00,0x04,0xFF,0x70,0x00,0x00,0xCF,0xE5,0x55,0x58,0xFF,0xB7,0x00,0x00,
  0xCF,0xFF,0xFF,0xFF,0xFF,0xFF,0x00,0x00,0xCF,0xFF,0xFF,0xFF,0xFF,0xFF,0x00,0x00,0x00,0x00,0x00,0x00,
  0x0B,0xFF,0x00,0x00,0x00,0x00,0x00,0x00,0x0B,0xFF,0x00,0x00,0x00,0x00,0x00,0x00,0x0B,0xFE,0x00,0x00,
  0x00,0x00,0x00,0x00,0x05,0x76,0x00,0x00,0x00,0x00,0x00,0x00,0x00,0x00,0x00,0x00,0x00,0x00,0x00,0x00,
  0x00,0x00,0x00,0x00,0x00,0x00,0x00,0x00,0x00,0x00,0x00,0x00,0x00,0x00,0x00,0x00,0x00,0x00,0x00,0x00,
  0x00,0x00,0x00,0x00,0x00,0x00,0x00,0x00,0x00,0x00,0x00,0x00,0x00,0x00,0x00,0x00,0x00,0x00,0x00,0x00,
  0x00,0x00,0x00,0x00,0x00,0x00,0x00,0x00,0x00,0x00,0x00,0x00,0x00,0x00,0x00,0x00,0x00,0x00,0x00,0x00,
  0x00,0x00,0x00,0x00,0x00,0x00,0x00,0x00,0x00,0x00,0x00,0x00,0x00,0x00,0x00,0x00,0x00,0x00,0x00,0x00,
  0x00,0x00,0xCF,0xE0,0x00,0x07,0xFF,0x30,0x00,0xCF,0xE0,0x00,0x07,0xFF,0x30,0x00,0xCF,0xE0,0x00,0x07,
  0xFF,0x30,0x00,0xCF,0xE0,0x00,0x07,0xFF,0x30,0x00,0xAF,0xF1,0x00,0x07,0xFF,0x30,0x00,0x8F,0xFA,0x20,
  0x29,0xFF,0x30,0x00,0x1E,0xFF,0xFF,0xFF,0xFF,0x30,0x00,0x03,0xBF,0xFF,0xFF,0xFF,0x30,0x00,0x00,0x02,
  0x45,0x38,0xFF,0x30,0x00,0x00,0x00,0x00,0x07,0xFF,0x30,0x00,0x00,0x00,0x00,0x07,0xFF,0x30,0x00,0x00,
  0x00,0x00,0x07,0xFF,0x30,0x00,0x00,0x00,0x00,0x00,0x00,0x00,0x00,0x00,0x00,0x00,0x00,0x00,0x00,0x00,
  0x00,0x00,0x00,0x00,0x00,0x00,0x00,0x00,0x00,0x00,0x00,0x00,0x00,0x00,0x00,0x00,0x00,0x00,0x00,0x00,
  0x00,0x00,0x00,0x00,0x00,0x00,0x00,0x00,0x00,0x00,0x00,0x00,0x00,0x00,0x00,0x00,0x00,0x00,0x00,0x00,
  0x00,0x00,0x00,0x00,0x00,0x00,0x00,0x00,0x00,0x00,0x00,0x00,0x00,0x00,0x00,0x00,0x00,0x00,0x00,0x00,
  0x00,0x00,0x00,0x00,0x00,0x00,0x00,0x00,0x00,0x00,0x00,0x00,0x00,0x00,0x00,0x00,0x00,0x00,0x00,0x00,
  0x00,0x00,0x00,0x00,0x00,0x00,0x00,0x00,0x00,0x00,0x00,0x00,0x00,0x00,0x00,0x00,0x00,0x00,0x00,0x00,
  0x00,0x00,0x00,0x00,0x00,0x00,0x00,0x00,0x00,0x00,0x00,0x00,0x00,0x00,0x00,0x00,0x00,0x00,0x00,0x00,
  0x00,0x00,0x00,0x00,0x00,0x00,0x00,0x00,0x00,0x00,0x00,0x00,0x00,0x00,0x00,0xCF,0xE0,0x00,0x5F,0xF5,
  0x00,0x0E,0xFC,0x00,0x00,0xCF,0xE0,0x00,0x5F,0xF5,0x00,0x0E,0xFC,0x00,0x00,0xCF,0xE0,0x00,0x5F,0xF5,
  0x00,0x0E,0xFC,0x00,0x00,0xCF,0xE0,0x00,0x5F,0xF5,0x00,0x0E,0xFC,0x00,0x00,0xCF,0xE0,0x00,0x5F,0xF5,
  0x00,0x0E,0xFC,0x00,0x00,0xCF,0xE0,0x00,0x5F,0xF5,0x00,0x0E,0xFC,0x00,0x00,0xCF,0xE0,0x00,0x5F,0xF5,
  0x00,0x0E,0xFC,0x00,0x00,0xCF,0xE0,0x00,0x5F,0xF5,0x00,0x0E,0xFC,0x00,0x00,0xCF,0xE0,0x00,0x5F,0xF5,
  0x00,0x0E,0xFC,0x00,0x00,0xCF,0xE5,0x55,0x8F,0xF8,0x55,0x5E,0xFC,0x00,0x00,0xCF,0xFF,0xFF,0xFF,0xFF,
  0xFF,0xFF,0xFC,0x00,0x00,0xCF,0xFF,0xFF,0xFF,0xFF,0xFF,0xFF,0xFC,0x00,0x00,0x00,0x00,0x00,0x00,0x00,
  0x00,0x00,0x00,0x00,0x00,0x00,0x00,0x00,0x00,0x00,0x00,0x00,0x00,0x00,0x00,0x00,0x00,0x00,0x00,0x00,
  0x00,0x00,0x00,0x00,0x00,0x00,0x00,0x00,0x00,0x00,0x00,0x00,0x00,0x00,0x00,0x00,0x00,0x00,0x00,0x00,
  0x00,0x00,0x00,0x00,0x00,0x00,0x00,0x00,0x00,0x00,0x00,0x00,0x00,0x00,0x00,0x00,0x00,0x00,0x00,0x00,
  0x00,0x00,0x00,0x00,0x00,0x00,0x00,0x00,0x00,0x00,0x00,0x00,0x00,0x00,0x00,0x00,0x00,0x00,0x00,0x00,
  0x00,0x00,0x00,0x00,0x00,0x00,0x00,0x00,0x00,0x00,0x00,0x00,0x00,0x00,0x00,0x00,0x00,0x00,0x00,0x00,
  0x00,0x00,0x00,0x00,0x00,0x00,0x00,0x00,0x00,0x00,0x00,0x00,0x00,0x00,0x00,0x00,0x00,0x00,0x00,0x00,
  0x00,0x00,0x00,0x00,0x00,0x00,0x00,0x00,0x00,0x00,0x00,0x00,0x00,0x00,0x00,0x00,0x00,0x00,0x00,0x00,
  0x00,0x00,0x00,0x00,0x00,0x00,0x00,0x00,0x00,0x00,0x00,0x00,0x00,0x00,0x00,0x00,0x00,0x00,0x00,0x00,
  0x00,0x00,0x00,0x00,0x00,0xCF,0xE0,0x00,0x5F,0xF5,0x00,0x0E,0xFC,0x00,0x00,0xCF,0xE0,0x00,0x5F,0xF5,
  0x00,0x0E,0xFC,0x00,0x00,0xCF,0xE0,0x00,0x5F,0xF5,0x00,0x0E,0xFC,0x00,0x00,0xCF,0xE0,0x00,0x5F,0xF5,
  0x00,0x0E,0xFC,0x00,0x00,0xCF,0xE0,0x00,0x5F,0xF5,0x00,0x0E,0xFC,0x00,0x00,0xCF,0xE0,0x00,0x5F,0xF5,
  0x00,0x0E,0xFC,0x00,0x00,0xCF,0xE0,0x00,0x5F,0xF5,0x00,0x0E,0xFC,0x00,0x00,0xCF,0xE0,0x00,0x5F,0xF5,
  0x00,0x0E,0xFC,0x00,0x00,0xCF,0xE0,0x00,0x5F,0xF5,0x00,0x0E,0xFC,0x00,0x00,0xCF,0xE5,0x55,0x8F,0xF8,
  0x55,0x5E,0xFD,0x73,0x00,0xCF,0xFF,0xFF,0xFF,0xFF,0xFF,0xFF,0xFF,0xF5,0x00,0xCF,0xFF,0xFF,0xFF,0xFF,
  0xFF,0xFF,0xFF,0xF5,0x00,0x00,0x00,0x00,0x00,0x00,0x00,0x00,0x6F,0xF5,0x00,0x00,0x00,0x00,0x00,0x00,
  0x00,0x00,0x6F,0xF5,0x00,0x00,0x00,0x00,0x00,0x00,0x00,0x00,0x6F,0xF4,0x00,0x00,0x00,0x00,0x00,0x00,
  0x00,0x00,0x27,0x72,0x00,0x00,0x00,0x00,0x00,0x00,0x00,0x00,0x00,0x00,0x00,0x00,0x00,0x00,0x00,0x00,
  0x00,0x00,0x00,0x00,0x00,0x00,0x00,0x00,0x00,0x00,0x00,0x00,0x00,0x00,0x00,0x00,0x00,0x00,0x00,0x00,
  0x00,0x00,0x00,0x00,0x00,0x00,0x00,0x00,0x00,0x00,0x00,0x00,0x00,0x00,0x00,0x00,0x00,0x00,0x00,0x00,
  0x00,0x00,0x00,0x00,0x00,0x00,0x00,0x00,0x00,0x00,0x00,0x00,0x00,0x00,0x00,0x00,0x00,0x00,0x00,0x00,
  0x00,0x00,0x00,0x00,0x00,0x00,0x00,0x00,0x00,0x00,0x00,0x00,0x00,0x00,0x00,0x00,0x00,0x00,0x00,0x00,
  0x00,0x00,0x00,0x00,0x00,0x00,0x00,0x00,0x00,0x00,0x00,0x00,0x00,0x00,0x0C,0xFF,0xFF,0xF1,0x00,0x00,
  0x00,0x00,0x0C,0xFF,0xFF,0xF1,0x00,0x00,0x00,0x00,0x02,0x33,0xBF,0xF1,0x00,0x00,0x00,0x00,0x00,0x00,
  0xAF,0xF1,0x00,0x00,0x00,0x00,0x00,0x00,0xAF,0xFF,0xFF,0xDB,0x30,0x00,0x00,0x00,0xAF,0xFF,0xFF,0xFF,
  0xF5,0x00,0x00,0x00,0xAF,0xF4,0x34,0x8E,0xFE,0x00,0x00,0x00,0xAF,0xF1,0x00,0x08,0xFF,0x20,0x00,0x00,
  0xAF,0xF1,0x00,0x08,0xFF,0x20,0x00,0x00,0xAF,0xF5,0x44,0x8E,0xFE,0x00,0x00,0x00,0xAF,0xFF,0xFF,0xFF,
  0xF5,0x00,0x00,0x00,0xAF,0xFF,0xFF,0xDB,0x30,0x00,0x00,0x00,0x00,0x00,0x00,0x00,0x00,0x00,0x00,0x00,
  0x00,0x00,0x00,0x00,0x00,0x00,0x00,0x00,0x00,0x00,0x00,0x00,0x00,0x00,0x00,0x00,0x00,0x00,0x00,0x00,
  0x00,0x00,0x00,0x00,0x00,0x00,0x00,0x00,0x00,0x00,0x00,0x00,0x00,0x00,0x00,0x00,0x00,0x00,0x00,0x00,
  0x00,0x00,0x00,0x00,0x00,0x00,0x00,0x00,0x00,0x00,0x00,0x00,0x00,0x00,0x00,0x00,0x00,0x00,0x00,0x00,
  0x00,0x00,0x00,0x00,0x00,0x00,0x00,0x00,0x00,0x00,0x00,0x00,0x00,0x00,0x00,0x00,0x00,0x00,0x00,0x00,
  0x00,0x00,0x00,0x00,0x00,0x00,0x00,0x00,0x00,0x00,0x00,0x00,0x00,0x00,0x00,0x00,0x00,0x00,0x00,0x00,
  0x00,0x00,0x00,0x00,0x00,0x00,0x00,0x00,0x00,0x00,0x00,0x00,0x00,0x00,0x00,0x00,0x00,0x00,0x00,0x00,
  0x00,0x00,0x00,0x00,0x00,0x00,0x00,0x00,0x00,0x00,0x00,0x00,0x00,0x00,0x00,0x00,0x00,0xCF,0xE0,0x00,
  0x00,0x00,0x1F,0xFA,0x00,0x00,0xCF,0xE0,0x00,0x00,0x00,0x1F,0xFA,0x00,0x00,0xCF,0xE0,0x00,0x00,0x00,
  0x1F,0xFA,0x00,0x00,0xCF,0xE0,0x00,0x00,0x00,0x1F,0xFA,0x00,0x00,0xCF,0xFF,0xFF,0xDA,0x20,0x1F,0xFA,
  0x00,0x00,0xCF,0xFF,0xFF,0xFF,0xF3,0x1F,0xFA,0x00,0x00,0xCF,0xE3,0x34,0x9F,0xFB,0x1F,0xFA,0x00,0x00,
  0xCF,0xE0,0x00,0x0A,0xFE,0x1F,0xFA,0x00,0x00,0xCF,0xE0,0x00,0x0B,0xFE,0x1F,0xFA,0x00,0x00,0xCF,0xE4,
  0x44,0x9F,0xFB,0x1F,0xFA,0x00,0x00,0xCF,0xFF,0xFF,0xFF,0xF3,0x1F,0xFA,0x00,0x00,0xCF,0xFF,0xFF,0xDA,
  0x20,0x1F,0xFA,0x00,0x00,0x00,0x00,0x00,0x00,0x00,0x00,0x00,0x00,0x00,0x00,0x00,0x00,0x00,0x00,0x00,
  0x00,0x00,0x00,0x00,0x00,0x00,0x00,0x00,0x00,0x00,0x00,0x00,0x00,0x00,0x00,0x00,0x00,0x00,0x00,0x00,
  0x00,0x00,0x00,0x00,0x00,0x00,0x00,0x00,0x00,0x00,0x00,0x00,0x00,0x00,0x00,0x00,0x00,0x00,0x00,0x00,
  0x00,0x00,0x00,0x00,0x00,0x00,0x00,0x00,0x00,0x00,0x00,0x00,0x00,0x00,0x00,0x00,0x00,0x00,0x00,0x00,
  0x00,0x00,0x00,0x00,0x00,0x00,0x00,0x00,0x00,0x00,0x00,0x00,0x00,0x00,0x00,0x00,0x00,0x00,0x00,0x00,
  0x00,0x00,0x00,0x00,0x00,0x00,0x00,0x00,0x00,0x00,0x00,0x00,0x00,0x00,0x00,0x00,0x00,0x00,0x00,0x00,
  0x00,0x00,0x00,0x00,0x00,0x00,0x00,0x00,0x00,0x00,0x00,0x00,0x00,0x00,0x00,0x00,0x00,0x00,0xCF,0xE0,
  0x00,0x00,0x00,0x00,0x00,0xCF,0xE0,0x00,0x00,0x00,0x00,0x00,0xCF,0xE0,0x00,0x00,0x00,0x00,0x00,0xCF,
  0xE0,0x00,0x00,0x00,0x00,0x00,0xCF,0xFF,0xFF,0xDA,0x20,0x00,0x00,0xCF,0xFF,0xFF,0xFF,0xF3,0x00,0x00,
  0xCF,0xE3,0x34,0x9F,0xFB,0x00,0x00,0xCF,0xE0,0x00,0x0A,0xFE,0x00,0x00,0xCF,0xE0,0x00,0x0B,0xFE,0x00,
  0x00,0xCF,0xE4,0x44,0x9F,0xFB,0x00,0x00,0xCF,0xFF,0xFF,0xFF,0xF3,0x00,0x00,0xCF,0xFF,0xFF,0xDA,0x20,
  0x00,0x00,0x00,0x00,0x00,0x00,0x00,0x00,0x00,0x00,0x00,0x00,0x00,0x00,0x00,0x00,0x00,0x00,0x00,0x00,
  0x00,0x00,0x00,0x00,0x00,0x00,0x00,0x00,0x00,0x00,0x00,0x00,0x00,0x00,0x00,0x00,0x00,0x00,0x00,0x00,
  0x00,0x00,0x00,0x00,0x00,0x00,0x00,0x00,0x00,0x00,0x00,0x00,0x00,0x00,0x00,0x00,0x00,0x00,0x00,0x00,
  0x00,0x00,0x00,0x00,0x00,0x00,0x00,0x00,0x00,0x00,0x00,0x00,0x00,0x00,0x00,0x00,0x00,0x00,0x00,0x00,
  0x00,0x00,0x00,0x00,0x00,0x00,0x00,0x00,0x00,0x00,0x00,0x00,0x00,0x00,0x00,0x00,0x00,0x00,0x00,0x00,
  0x00,0x00,0x00,0x00,0x00,0x00,0x00,0x00,0x00,0x00,0x00,0x00,0x00,0x00,0x00,0x00,0x00,0x00,0x00,0x00,
  0x00,0x01,0x8C,0xED,0xA3,0x00,0x00,0x00,0x2D,0xFF,0xFF,0xFF,0x70,0x00,0x00,0xCF,0xF9,0x56,0xDF,0xF4,
  0x00,0x02,0xFF,0xB0,0x00,0x2E,0xFC,0x00,0x02,0x55,0x20,0x00,0x0A,0xFF,0x10,0x00,0x00,0x0B,0xFF,0xFF,
  0xFF,0x30,0x00,0x00,0x0A,0xDD,0xDE,0xFF,0x30,0x02,0x66,0x20,0x00,0x0A,0xFF,0x10,0x02,0xFF,0xB0,0x00,
  0x2F,0xFC,0x00,0x00,0xCF,0xF9,0x46,0xDF,0xF4,0x00,0x00,0x2D,0xFF,0xFF,0xFF,0x80,0x00,0x00,0x01,0x8C,
  0xED,0xA4,0x00,0x00,0x00,0x00,0x00,0x00,0x00,0x00,0x00,0x00,0x00,0x00,0x00,0x00,0x00,0x00,0x00,0x00,
  0x00,0x00,0x00,0x00,0x00,0x00,0x00,0x00,0x00,0x00,0x00,0x00,0x00,0x00,0x00,0x00,0x00,0x00,0x00,0x00,
  0x00,0x00,0x00,0x00,0x00,0x00,0x00,0x00,0x00,0x00,0x00,0x00,0x00,0x00,0x00,0x00,0x00,0x00,0x00,0x00,
  0x00,0x00,0x00,0x00,0x00,0x00,0x00,0x00,0x00,0x00,0x00,0x00,0x00,0x00,0x00,0x00,0x00,0x00,0x00,0x00,
  0x00,0x00,0x00,0x00,0x00,0x00,0x00,0x00,0x00,0x00,0x00,0x00,0x00,0x00,0x00,0x00,0x00,0x00,0x00,0x00,
  0x00,0x00,0x00,0x00,0x00,0x00,0x00,0x00,0x00,0x00,0x00,0x00,0x00,0x00,0x00,0x00,0x00,0x00,0x00,0x00,
  0x00,0x00,0x00,0x00,0x00,0x00,0x00,0x00,0x00,0x00,0x00,0x00,0x00,0x00,0x00,0x00,0x00,0x00,0x00,0x00,
  0x00,0x00,0x00,0x00,0x00,0x00,0x00,0x00,0x00,0x00,0x00,0x00,0x00,0x00,0xCF,0xE0,0x00,0x01,0x8C,0xED,
  0xA3,0x00,0x00,0x00,0xCF,0xE0,0x00,0x3E,0xFF,0xFF,0xFF,0x70,0x00,0x00,0xCF,0xE0,0x01,0xEF,0xF9,0x57,
  0xEF,0xF4,0x00,0x00,0xCF,0xE0,0x07,0xFF,0x70,0x00,0x3F,0xFC,0x00,0x00,0xCF,0xE5,0x5C,0xFF,0x00,0x00,
  0x0B,0xFF,0x00,0x00,0xCF,0xFF,0xFF,0xFD,0x00,0x00,0x08,0xFF,0x30,0x00,0xCF,0xFF,0xFF,0xFD,0x00,0x00,
  0x09,0xFF,0x20,0x00,0xCF,0xE0,0x0B,0xFF,0x10,0x00,0x0B,0xFF,0x00,0x00,0xCF,0xE0,0x06,0xFF,0x80,0x00,
  0x3F,0xFB,0x00,0x00,0xCF,0xE0,0x01,0xDF,0xF9,0x57,0xEF,0xF3,0x00,0x00,0xCF,0xE0,0x00,0x3E,0xFF,0xFF,
  0xFF,0x70,0x00,0x00,0xCF,0xE0,0x00,0x01,0x8C,0xED,0xA3,0x00,0x00,0x00,0x00,0x00,0x00,0x00,0x00,0x00,
  0x00,0x00,0x00,0x00,0x00,0x00,0x00,0x00,0x00,0x00,0x00,0x00,0x00,0x00,0x00,0x00,0x00,0x00,0x00,0x00,
  0x00,0x00,0x00,0x00,0x00,0x00,0x00,0x00,0x00,0x00,0x00,0x00,0x00,0x00,0x00,0x00,0x00,0x00,0x00,0x00,
  0x00,0x00,0x00,0x00,0x00,0x00,0x00,0x00,0x00,0x00,0x00,0x00,0x00,0x00,0x00,0x00,0x00,0x00,0x00,0x00,
  0x00,0x00,0x00,0x00,0x00,0x00,0x00,0x00,0x00,0x00,0x00,0x00,0x00,0x00,0x00,0x00,0x00,0x00,0x00,0x00,
  0x00,0x00,0x00,0x00,0x00,0x00,0x00,0x00,0x00,0x00,0x00,0x00,0x00,0x00,0x00,0x00,0x00,0x00,0x00,0x00,
  0x00,0x00,0x00,0x00,0x00,0x00,0x00,0x00,0x00,0x00,0x00,0x00,0x00,0x00,0x00,0x00,0x00,0x00,0x00,0x00,
  0x00,0x00,0x00,0x00,0x00,0x00,0x00,0x00,0x00,0x00,0x00,0x00,0x00,0x00,0x04,0xBD,0xFF,0xFF,0xFC,0x00,
  0x00,0x6F,0xFF,0xFF,0xFF,0xFC,0x00,0x01,0xFF,0xE6,0x33,0x3D,0xFC,0x00,0x03,0xFF,0x70,0x00,0x0D,0xFC,
  0x00,0x04,0xFF,0x70,0x00,0x0D,0xFC,0x00,0x01,0xFF,0xD3,0x10,0x0D,0xFC,0x00,0x00,0x8F,0xFF,0xFF,0xFF,
  0xFC,0x00,0x00,0x06,0xFF,0xFF,0xFF,0xFC,0x00,0x00,0x08,0xFF,0x60,0x0D,0xFC,0x00,0x00,0x3F,0xFC,0x00,
  0x0D,0xFC,0x00,0x00,0xCF,0xF2,0x00,0x0D,0xFC,0x00,0x07,0xFF,0x80,0x00,0x0D,0xFC,0x00,0x00,0x00,0x00,
  0x00,0x00,0x00,0x00,0x00,0x00,0x00,0x00,0x00,0x00,0x00,0x00,0x00,0x00,0x00,0x00,0x00,0x00,0x00,0x00,
  0x00,0x00,0x00,0x00,0x00,0x00,0x00,0x00,0x00,0x00,0x00,0x00,0x00,0x00,0x00,0x00,0x00,0x00,0x00,0x00,
  0x00,0x00,0x00,0x00,0x00,0x00,0x00,0x00,0x00,0x00,0x00,0x00,0x00,0x00,0x00,0x00,0x00,0x00,0x00,0x00,
  0x00,0x00,0x00,0x00,0x00,0x00,0x00,0x00,0x00,0x00,0x00,0x00,0x00,0x00,0x00,0x00,0x00,0x00,0x00,0x00,
  0x00,0x00,0x00,0x00,0x00,0x00,0x00,0x00,0x00,0x05,0xDA,0x00,0x8D,0x60,0x00,0x00,0x0B,0xFF,0x31,0xFF,
  0xD0,0x00,0x00,0x05,0xEB,0x00,0x9E,0x70,0x00,0x00,0x00,0x00,0x00,0x00,0x00,0x00,0x00,0x00,0x4A,0xDE,
  0xB6,0x00,0x00,0x00,0x07,0xFF,0xFF,0xFF,0xA1,0x00,0x00,0x4F,0xFB,0x43,0x8F,0xF7,0x00,0x00,0xCF,0xC0,
  0x00,0x09,0xFE,0x10,0x01,0xFF,0x70,0x00,0x03,0xFF,0x40,0x03,0xFF,0xFF,0xFF,0xFF,0xFF,0x60,0x04,0xFF,
  0xED,0xDD,0xDD,0xDD,0x70,0x02,0xFF,0x70,0x00,0x00,0x00,0x00,0x00,0xDF,0xC0,0x00,0x04,0xBB,0x30,0x00,
  0x5F,0xFB,0x43,0x7E,0xFD,0x00,0x00,0x09,0xFF,0xFF,0xFF,0xE2,0x00,0x00,0x00,0x4A,0xDE,0xC8,0x10,0x00,
  0x00,0x00,0x00,0x00,0x00,0x00,0x00,0x00,0x00,0x00,0x00,0x00,0x00,0x00,0x00,0x00,0x00,0x00,0x00,0x00,
  0x00,0x00,0x00,0x00,0x00,0x00,0x00,0x00,0x00,0x00,0x00,0x00,0x00,0x00,0x00,0x00,0x00,0x00,0x00,0x00,
  0x00,0x00,0x00,0x00,0x00,0x00,0x00,0x00,0x00,0x00,0x00,0x00,0x00,0x00,0x00,0x00,0x00,0x00,0x00,0x00,
  0x00,0x00,0x00,0x00,0x00,0x00,0x00,0x00,0x00,0x00,0x00,0x00,0x00,0x00,0x00,0x00,0x00,0x00,0x00,0x00,
  0x00,0x00,0x00,0x00,0x00,0x00,0x00,0x00,0x00,0x00,0x00,0x00,0x00,0x00,0x00,0x00,0x00,0x00,0x00,0x00,
  0x00,0x00,0x00,0x00,0x00,0x00,0x00,0x00,0x00,0x00,0x00,0x00,0x00,0x00,0x00,0x00,0x00,0x00,0x00,0x00,
  0x00,0x00,0x00,0x00,0x00,0x00,0x00,0x00,0x00,0x00,0x00,0x00,0x00,0x00,0x00,0x00,0x00,0x00,0x00,0x00,
  0x00,0x00,0x00,0x00,0x00,0x00,0x00,0x00,0x00,0x00,0x00,0x00,0x00,0x00,0x00,0x00,0x00,0x00,0x00,0x00,
  0x00,0x00,0x00,0x00,0x00,0x00,0x00,0x00,0x00,0x00,0x00,0x00,0x00,0x00,0x00,0x00,0x00,0x00,0x00,0x00,
  0x00,0x00,0x00,0x00,0x00,0x00,0x00,0x00,0x00,0x00,0x00,0x00,0x00,0x00,0x00,0x00,0x00,0x00,0x00,0x00,
  0x00,0x00,0x00,0x00,0x00,0x00,0x00,0x00,0x00,0x00,0x00,0x00,0x00,0x00,0x00,0x00,0x00,0x04,0x44,0x44,
  0x44,0x44,0x44,0x44,0x44,0x44,0x44,0x44,0x40,0x0F,0xFF,0xFF,0xFF,0xFF,0xFF,0xFF,0xFF,0xFF,0xFF,0xFF,
  0xF0,0x0F,0xFF,0xFF,0xFF,0xFF,0xFF,0xFF,0xFF,0xFF,0xFF,0xFF,0xF0,0x00,0x00,0x00,0x00,0x00,0x00,0x00,
  0x00,0x00,0x00,0x00,0x00,0x00,0x00,0x00,0x00,0x00,0x00,0x00,0x00,0x00,0x00,0x00,0x00,0x00,0x00,0x00,
  0x00,0x00,0x00,0x00,0x00,0x00,0x00,0x00,0x00,0x00,0x00,0x00,0x00,0x00,0x00,0x00,0x00,0x00,0x00,0x00,
  0x00,0x00,0x00,0x00,0x00,0x00,0x00,0x00,0x00,0x00,0x00,0x00,0x00,0x00,0x00,0x00,0x00,0x00,0x00,0x00,
  0x00,0x00,0x00,0x00,0x00,0x00,0x00,0x00,0x00,0x00,0x00,0x00,0x00,0x00,0x00,0x00,0x00,0x00,0x00,0x00,
  0x00,0x00,0x00,0x00,0x00,0x00,0x00,0x00,0x00,0x00,0x00,0x00,0x00,0x00,0x00,0x00,0x00,0x00,0x00,0x00,
  0x00,0x00,0x00,0x00,0x00,0x00,0x00,0x00,0x00,0x00,0x00,0x00,0x00,0x00,0x00,0x00,0x00,0x00,0x00,0x00,
  0x00,0x00,0x00,0x00,0x00,0x00,0x00,0x00,0x00,0x00,0x00,0x00,0x00,0x00,0x00,0x00,0x00,0x00,0x00,0x00,
  0x00,0x00,0x00,0x00,0x00,0x00,0x00,0x00,0x00,0x00,0x00,0x00,0x00,0x00,0x00,0x00,0x00,0x00,0x00,0x00,
  0x00,0x00,0x00,0x00,0x00,0x00,0x00,0x00,0x00,0x00,0x00,0x00,0x00,0x00,0x00,0x00,0x00,0x00,0x00,0x00,
  0x00,0x00,0x00,0x00,0x00,0x00,0x00,0x00,0x00,0x00,0x00,0x00,0x00,0x00,0x00,0x00,0x00,0x00,0x00,0x00,
  0x00,0x00,0x00,0x00,0x00,0x00,0x00,0x00,0x00,0x00,0x00,0x7C,0xB7,0x00,0x00,0x00,0x0B,0xFF,0xFF,0xA0,
  0x00,0x00,0x4F,0xFF,0xFF,0xF3,0x00,0x00,0x6F,0xFF,0xFF,0xF5,0x00,0x00,0x4F,0xFF,0xFF,0xF3,0x00,0x00,
  0x0C,0xFF,0xFF,0xB0,0x00,0x00,0x01,0x9E,0xD9,0x10,0x00,0x00,0x00,0x00,0x00,0x00,0x00,0x00,0x00,0x00,
  0x00,0x00,0x00,0x00,0x00,0x00,0x00,0x00,0x00,0x00,0x00,0x00,0x00,0x00,0x00,0x00,0x00,0x00,0x00,0x00,
  0x00,0x00,0x00,0x00,0x00,0x00,0x00,0x00,0x00,0x00,0x00,0x00,0x00,0x00,0x00,0x00,0x00,0x00,0x00,0x00,
  0x00,0x00,0x00,0x00,0x00,0x00,0x00,0x00,0x00,0x00,0x00,0x00,0x00,0x00,0x00,0x00,0x00,0x00,0x00,0x00,
  0x00,0x00,0x00,0x00,0x00,0x00,0x00,0x00,0x00,0x00,0x00,0x00,0x00,0x00,0x00,0x00,0x00,0x00,0x00,0x00,
  0x00,0x00,0x00,0x00,0x00,0x00,0x00,0x00,0x00,0x00,0x00,0x00,0x00,0x00,0x00,0x00,0x00,0x00,0x00,0x00,
  0x00,0x00,0x00,0x00,0x00,0x00,0x00,0x00,0x00,0x00,0x00,0x00,0x00,0x00,0x00,0x00,0x00,0x00,0x00,0x00,
  0x00,0x00,0x00,0x00,0x00,0x00,0x00,0x00,0x00,0x00,0xAF,0xE1,0x00,0x00,0x06,0xFF,0x00,0x06,0xCE,0xC7,
  0x00,0x00,0x00,0xAF,0xF9,0x00,0x00,0x06,0xFF,0x00,0x8F,0xFE,0xFF,0x90,0x00,0x00,0xAF,0xFF,0x30,0x00,
  0x06,0xFF,0x01,0xFF,0x40,0x4F,0xF2,0x00,0x00,0xAF,0xFF,0xC0,0x00,0x06,0xFF,0x03,0xFD,0x00,0x0D,0xF4,
  0x00,0x00,0xAF,0xEE,0xF6,0x00,0x06,0xFF,0x03,0xFE,0x00,0x0D,0xF4,0x00,0x00,0xAF,0xC8,0xFE,0x10,0x06,
  0xFF,0x01,0xFF,0x40,0x4F,0xF1,0x00,0x00,0xAF,0xC1,0xDF,0x90,0x06,0xFF,0x00,0x8F,0xFD,0xFF,0x90,0x00,
  0x00,0xAF,0xC0,0x5F,0xF3,0x06,0xFF,0x00,0x07,0xCE,0xD7,0x00,0x00,0x00,0xAF,0xC0,0x0B,0xFC,0x06,0xFF,
  0x00,0x00,0x00,0x00,0x00,0x00,0x00,0xAF,0xC0,0x03,0xFF,0x66,0xFF,0x00,0xAB,0xBB,0xBB,0xB0,0x00,0x00,
  0xAF,0xC0,0x00,0x9F,0xE7,0xFF,0x00,0xDF,0xFF,0xFF,0xF0,0x00,0x00,0xAF,0xC0,0x00,0x1E,0xFE,0xFF,0x00,
  0x00,0x00,0x00,0x00,0x00,0x00,0xAF,0xC0,0x00,0x06,0xFF,0xFF,0x00,0x00,0x00,0x00,0x00,0x00,0x00,0xAF,
  0xC0,0x00,0x00,0xCF,0xFF,0x00,0x00,0x00,0x00,0x00,0x00,0x00,0xAF,0xC0,0x00,0x00,0x3F,0xFF,0x00,0x00,
  0x00,0x00,0x00,0x00,0x00,0xAF,0xC0,0x00,0x00,0x0A,0xFF,0x00,0x00,0x00,0x00,0x00,0x00,0x00,0x00,0x00,
  0x00,0x00,0x00,0x00,0x00,0x00,0x00,0x00,0x00,0x00,0x00,0x00,0x00,0x00,0x00,0x00,0x00,0x00,0x00,0x00,
  0x00,0x00,0x00,0x00,0x00,0x00,0x00,0x00,0x00,0x00,0x00,0x00,0x00,0x00,0x00,0x00,0x00,0x00,0x00,0x00,
  0x00,0x00,0x00,0x00,0x00,0x00,0x00,0x00,0x00,0x00,0x00,0x00,0x00,0x00,0x00,0x00,0x00,0x00,0x00,0x00,
  0x00,0x00,0x00,0x00,0x00,0x00,0x00,0x00,0x00,0x00,0x00,0x00,0x00,0x00,0x00,0x00,0x00,0x00,0x00,0x00,
  0x00,0x00,0x00,0x00,0x00,0x00,0x00,0x00,
};

static const UiGlyph big_glyphs[] PROGMEM = {
  {32, 0, 7, 29, 5},
  {33, 102, 7, 29, 5},
  {34, 204, 12, 29, 10},
  {35, 378, 16, 29, 14},
  {36, 610, 16, 29, 14},
  {37, 842, 22, 29, 20},
  {38, 1161, 16, 29, 14},
  {39, 1393, 8, 29, 6},
  {40, 1509, 9, 29, 7},
  {41, 1640, 9, 29, 7},
  {42, 1771, 13, 29, 11},
  {43, 1960, 16, 29, 14},
  {44, 2192, 7, 29, 5},
  {45, 2294, 12, 29, 10},
  {46, 2468, 7, 29, 5},
  {47, 2570, 10, 29, 8},
  {48, 2715, 16, 29, 14},
  {49, 2947, 10, 29, 8},
  {50, 3092, 15, 29, 13},
  {51, 3310, 15, 29, 13},
  {52, 3528, 16, 29, 14},
  {53, 3760, 15, 29, 13},
  {54, 3978, 15, 29, 13},
  {55, 4196, 14, 29, 12},
  {56, 4399, 15, 29, 13},
  {57, 4617, 15, 29, 13},
  {58, 4835, 7, 29, 5},
  {59, 4937, 7, 29, 5},
  {60, 5039, 16, 29, 14},
  {61, 5271, 16, 29, 14},
  {62, 5503, 16, 29, 14},
  {63, 5735, 14, 29, 12},
  {64, 5938, 24, 29, 22},
  {65, 6286, 17, 29, 15},
  {66, 6533, 16, 29, 14},
  {67, 6765, 18, 29, 16},
  {68, 7026, 17, 29, 15},
  {69, 7273, 15, 29, 13},
  {70, 7491, 15, 29, 13},
  {71, 7709, 18, 29, 16},
  {72, 7970, 18, 29, 16},
  {73, 8231, 8, 29, 6},
  {74, 8347, 14, 29, 12},
  {75, 8550, 17, 29, 15},
  {76, 8797, 14, 29, 12},
  {77, 9000, 21, 29, 19},
  {78, 9305, 18, 29, 16},
  {79, 9566, 18, 29, 16},
  {80, 9827, 16, 29, 14},
  {81, 10059, 18, 29, 16},
  {82, 10320, 16, 29, 14},
  {83, 10552, 16, 29, 14},
  {84, 10784, 16, 29, 14},
  {85, 11016, 17, 29, 15},
  {86, 11263, 17, 29, 15},
  {87, 11510, 24, 29, 22},
  {88, 11858, 17, 29, 15},
  {89, 12105, 17, 29, 15},
  {90, 12352, 16, 29, 14},
  {91, 12584, 9, 29, 7},
  {92, 12715, 10, 29, 8},
  {93, 12860, 9, 29, 7},
  {94, 12991, 12, 29, 10},
  {95, 13165, 12, 29, 10},
  {96, 13339, 8, 29, 6},
  {97, 13455, 14, 29, 12},
  {98, 13658, 15, 29, 13},
  {99, 13876, 14, 29, 12},
  {100, 14079, 15, 29, 13},
  {101, 14297, 14, 29, 12},
  {102, 14500, 10, 29, 8},
  {103, 14645, 15, 29, 13},
  {104, 14863, 15, 29, 13},
  {105, 15081, 7, 29, 5},
  {106, 15183, 7, 29, 5},
  {107, 15285, 14, 29, 12},
  {108, 15488, 7, 29, 5},
  {109, 15590, 21, 29, 19},
  {110, 15895, 15, 29, 13},
  {111, 16113, 15, 29, 13},
  {112, 16331, 15, 29, 13},
  {113, 16549, 15, 29, 13},
  {114, 16767, 10, 29, 8},
  {115, 16912, 13, 29, 11},
  {116, 17101, 10, 29, 8},
  {117, 17246, 15, 29, 13},
  {118, 17464, 14, 29, 12},
  {119, 17667, 20, 29, 18},
  {120, 17957, 14, 29, 12},
  {121, 18160, 14, 29, 12},
  {122, 18363, 13, 29, 11},
  {123, 18552, 11, 29, 9},
  {124, 18712, 9, 29, 7},
  {125, 18843, 11, 29, 9},
  {126, 19003, 16, 29, 14},
  {1025, 19235, 15, 29, 13},
  {1040, 19453, 17, 29, 15},
  {1041, 19700, 16, 29, 14},
  {1042, 19932, 16, 29, 14},
  {1043, 20164, 14, 29, 12},
  {1044, 20367, 20, 29, 18},
  {1045, 20657, 15, 29, 13},
  {1046, 20875, 23, 29, 21},
  {1047, 21209, 15, 29, 13},
  {1048, 21427, 18, 29, 16},
  {1049, 21688, 18, 29, 16},
  {1050, 21949, 17, 29, 15},
  {1051, 22196, 18, 29, 16},
  {1052, 22457, 21, 29, 19},
  {1053, 22762, 18, 29, 16},
  {1054, 23023, 18, 29, 16},
  {1055, 23284, 18, 29, 16},
  {1056, 23545, 16, 29, 14},
  {1057, 23777, 18, 29, 16},
  {1058, 24038, 16, 29, 14},
  {1059, 24270, 16, 29, 14},
  {1060, 24502, 20, 29, 18},
  {1061, 24792, 17, 29, 15},
  {1062, 25039, 18, 29, 16},
  {1063, 25300, 17, 29, 15},
  {1064, 25547, 23, 29, 21},
  {1065, 25881, 23, 29, 21},
  {1066, 26215, 20, 29, 18},
  {1067, 26505, 21, 29, 19},
  {1068, 26810, 16, 29, 14},
  {1069, 27042, 18, 29, 16},
  {1070, 27303, 24, 29, 22},
  {1071, 27651, 16, 29, 14},
  {1072, 27883, 14, 29, 12},
  {1073, 28086, 15, 29, 13},
  {1074, 28304, 14, 29, 12},
  {1075, 28507, 12, 29, 10},
  {1076, 28681, 16, 29, 14},
  {1077, 28913, 14, 29, 12},
  {1078, 29116, 20, 29, 18},
  {1079, 29406, 13, 29, 11},
  {1080, 29595, 15, 29, 13},
  {1081, 29813, 15, 29, 13},
  {1082, 30031, 14, 29, 12},
  {1083, 30234, 15, 29, 13},
  {1084, 30452, 19, 29, 17},
  {1085, 30728, 15, 29, 13},
  {1086, 30946, 15, 29, 13},
  {1087, 31164, 15, 29, 13},
  {1088, 31382, 15, 29, 13},
  {1089, 31600, 14, 29, 12},
  {1090, 31803, 13, 29, 11},
  {1091, 31992, 14, 29, 12},
  {1092, 32195, 18, 29, 16},
  {1093, 32456, 14, 29, 12},
  {1094, 32659, 16, 29, 14},
  {1095, 32891, 14, 29, 12},
  {1096, 33094, 20, 29, 18},
  {1097, 33384, 20, 29, 18},
  {1098, 33674, 16, 29, 14},
  {1099, 33906, 18, 29, 16},
  {1100, 34167, 14, 29, 12},
  {1101, 34370, 14, 29, 12},
  {1102, 34573, 20, 29, 18},
  {1103, 34863, 14, 29, 12},
  {1105, 35066, 14, 29, 12},
  {8212, 35269, 24, 29, 22},
  {8226, 35617, 12, 29, 10},
  {8470, 35791, 26, 29, 24},
};

const UiFont UI_FONT_BIG = {big_bitmap, big_glyphs, 164, 29};


#endif
